"Scenario","Median","Lower95","Upper95","Median_IFR","IFR_Lower95","IFR_Upper95"
"Exclude1889",5586.02094274532,1986.92752995117,27283.7798737816,0.368777707981092,0.0755027349410467,1.03677661562756
"Exclude1889_2009",5623.79108049809,1807.63073537285,34732.6726937604,0.366300947263772,0.0593101492120435,1.13961328477583
"Exclude2009",6647.90135933779,2674.42055343179,24906.3242583822,0.309872227136234,0.0827099165107317,0.770260308296177
