"Scenario","Mean","Median","Lower95","Upper95"
"R0 rate = 15",7874.78370450291,6446.79747811028,2736.03963592618,21388.7426398327
"R0 rate = 25",7880.5555123896,6468.04989871746,2737.87317024977,21243.8450101089
"Rstar mode = 1.05",8228.42847047661,6754.65876205286,2868.86014798802,22279.0082711611
"Rstar mode = 1.20",7270.42167195272,5967.56751728015,2534.62953678083,19678.2383535349
"a half",15633.7733083648,12849.7601353826,5460.47168677758,42260.4405203107
"a double",3940.39652397239,3231.85584198406,1375.07214112122,10684.254178061
