"","Reporting","Median_IFR","Lower_95","Upper_95"
"100%",1,0.00319079892191489,0.000963418805910591,0.00746539747960309
"80%",0.8,0.00398849865239361,0.00120427350738824,0.00933174684950387
"60%",0.6,0.00531799820319149,0.00160569800985099,0.0124423291326718
"40%",0.4,0.00797699730478723,0.00240854701477648,0.0186634936990077
