a,Rstar,R0,psi,pi,mean_nz,meannh
1.28704713308383e-05,1.26931119418474,0.059540154521612,48.64987725996,2.90358448062378e-06,4383.69270499358,4628.27850835246
1.31035466712127e-05,1.20209260695318,0.0322813832351787,36.6048900191703,2.27638833126783e-06,5846.30430037152,6172.49573992156
1.70962420064472e-05,1.10001683405919,0.0423096160998993,96.9307146448294,1.62308594939907e-06,2188.8106020082,2310.93412560345
1.89427705258112e-05,1.43061685239545,0.0549014133378747,42.7537221005325,6.03288731163664e-06,4995.45413118325,5274.17283800002
1.50358054137127e-05,1.03105381058671,0.0578039110306257,22.2069033158955,4.80631270259076e-07,9725.20200388018,10267.8144781161
1.31331249065101e-05,1.04014493736529,0.0768965739714502,60.8817486222448,5.49096200550969e-07,3495.61760193897,3690.65372717461
1.26098534526369e-05,1.66571071037246,0.00683527880396927,38.2531470749922,5.074218805096e-06,5591.031156924,5902.97976718198
1.26266258405764e-05,1.07342199930206,0.00624262029865173,38.6464961680347,8.69074763840528e-07,5533.37238369991,5842.10395336706
1.80426188524179e-05,1.45514883964554,0.0619998904540363,25.2125122844881,6.01636508240346e-06,8542.04884170391,9018.64791442153
1.43257216885211e-05,1.23147701229777,0.00417262344795188,26.8345790837554,2.70400663075148e-06,8015.77446882783,8463.01034276776
2.16775518072126e-05,1.29700750524764,0.111553672431789,35.1418379552762,5.58718523339083e-06,6093.24880136673,6433.21837803212
2.31076310860757e-05,1.6159016626822,0.0454506015392174,34.527440369716,9.22662270498631e-06,6203.28386445887,6549.39278895615
1.4310086158569e-05,1.43138165699328,0.010735303672765,38.4670823058898,4.35942952708328e-06,5559.52341074006,5869.71406305458
1.340838554685e-05,1.19589956752335,0.0710119650583921,57.5672110006284,2.36427935785806e-06,3698.65771058631,3905.0223507133
2.34428864159742e-05,1.83302116017732,0.0458687147151643,79.4514576343155,1.11655622837487e-05,2673.40853675451,2822.5699444243
2.29795942681292e-05,1.59287148988215,0.133392276015515,57.0015031468727,9.86932504272159e-06,3735.69156438269,3944.12248868875
1.58094911508495e-05,1.05735805547459,0.0202628768498142,27.4491768962087,8.75333709421924e-07,7832.92578394401,8269.95971274428
2.20838424486872e-05,1.09549705888112,0.0207212448192228,36.8965680967355,1.96579069997891e-06,5799.44674653435,6123.02379378549
2.0280759772718e-05,1.77650447144563,0.169541967327991,14.1146510637411,1.06741336033531e-05,15509.8831439073,16375.2488262312
2.12143423297852e-05,1.25485613173261,0.0353170615545085,56.0540880807772,4.46618289003031e-06,3799.40316715281,4011.38884645551
2.02168941633767e-05,1.38492004317175,0.0126242503286415,46.1808609263984,5.69074182178855e-06,4620.64645128135,4878.45296290947
1.62541347424546e-05,1.6934814311489,0.0924486801886644,26.4286469197956,7.33396711158882e-06,8141.29823331077,8595.53763894025
1.75366292877467e-05,1.56924582292965,0.0597302228527576,13.143908342485,6.76541168629097e-06,16701.8613074255,17633.7327775246
1.44240276912656e-05,1.85184574282898,0.0211885050579265,15.0043735658143,6.77855576131122e-06,14557.7018109865,15369.9410421815
1.37795941545507e-05,1.39758294426631,0.118125082453969,34.1691071448871,4.44500798194604e-06,6269.31376695099,6619.10679474509
1.75227713141805e-05,1.32278373298624,0.0126953108534232,17.0838207987811,4.33078532252686e-06,12731.1233492719,13441.4496065152
1.76707746428205e-05,1.30218912805965,0.0556397703619015,58.1022362701476,4.34224608399669e-06,3664.30183603889,3868.74960841493
2.12598145777937e-05,1.48202601892773,0.109889353742245,41.612913330082,7.76818108111905e-06,5134.08240397914,5420.5358015582
1.2977266577608e-05,1.47885899453611,0.0212486195340966,20.6931457968194,4.29324746369933e-06,10454.5290822837,11037.8339730249
2.24920404537991e-05,1.20004595367374,0.0402294351812396,35.7034644591604,3.90645724636157e-06,5996.02558438286,6330.57064335702
2.24467204640759e-05,1.52232227796929,0.0397312044221024,17.2977670801712,8.02013599922323e-06,12568.8757734452,13270.1495134736
1.38111753695151e-05,1.44576310710347,0.00571173317337518,59.0246226691339,4.28271589936517e-06,3606.54720560371,3807.77258908679
1.39725010591736e-05,1.49028172212799,0.056730126729059,52.5708868616945,4.87314074640045e-06,4053.57348195711,4279.74045881417
1.68224168657111e-05,1.40605289799819,0.0139175429633646,65.638653908002,4.92661555724313e-06,3240.33138205822,3421.12394840916
2.28302142808987e-05,1.21905755923717,0.0235834050873716,68.6970485587885,4.20144487442889e-06,3095.00873467636,3267.69310119486
1.37604862878425e-05,1.09004505290576,0.00644800024126891,24.0832356021378,1.14406993345743e-06,8951.20229589584,9450.62986801458
1.93495868431795e-05,1.26581513523464,0.00523275114262823,35.0973404506525,4.08461551942066e-06,6101.08674782716,6441.49363854733
1.67321840562494e-05,1.15074397967473,0.0276800601001931,35.5037172912258,2.25422470193591e-06,6030.24628163598,6366.70066621585
2.0704935327013e-05,1.25079008315353,0.274366038311514,52.6729829763145,5.7209595423804e-06,4045.6406507631,4271.36501952213
2.03055159825459e-05,1.27368709938442,0.0696465409226374,22.6982420622102,4.68973171629717e-06,9509.86946751348,10040.4675773902
1.52978941294597e-05,1.23691339055819,0.0174336464605968,48.0573969824117,2.9820388348492e-06,4438.30969078514,4685.94281982259
1.72924951280309e-05,1.43658749704234,0.0301851163427825,81.9006041019263,5.41876368948281e-06,2592.97011257143,2737.64350113866
2.36227793907886e-05,1.59175648469221,0.0306805469981428,30.9016825319611,9.05982388003056e-06,6943.22467558116,7330.61820415668
1.31800799542414e-05,1.1083013712344,0.0396174266993155,70.301175999221,1.34104661749016e-06,3023.87869712844,3192.59440102677
1.92266047770409e-05,1.45615016180763,0.0842660362033755,13.2461430328184,6.57696553820589e-06,16567.7602903624,17492.1496655254
2.28363938612016e-05,1.31495976377837,0.0729728874435756,28.8742196473795,5.90020091450017e-06,7439.44794557677,7854.52798762505
2.19276581923636e-05,1.18687551072992,0.0105481265846515,29.023359893012,3.48927469127113e-06,7400.54127229787,7813.45053719996
1.25708953317963e-05,1.34807003560555,0.0467557270097501,48.9757250010226,3.40494724897392e-06,4354.22397579194,4597.1655870756
1.94016654068213e-05,1.2861930251067,0.0256290428132493,39.1984940622691,4.43056259913225e-06,5454.43514651446,5758.7624550093
2.00254095441923e-05,1.30542885217696,0.00180396473870567,20.0499063398779,4.69368241855017e-06,10798.6562040537,11401.1614845575
2.08336709316205e-05,1.05274405363393,0.0530876667708949,20.3199237146372,1.10229325957902e-06,10651.4774770609,11245.7709987575
2.15129025348024e-05,1.41225220297631,0.0406963430301748,21.5327646363092,6.54611716162454e-06,10037.0282333393,10597.038886228
1.4223487785182e-05,1.13581032807042,0.0702557389916375,23.8086739819096,1.82920710083173e-06,9056.67403799767,9561.98634988027
2.32129906783048e-05,1.16434481513454,0.0542084912185455,41.5239092883484,3.46417110337317e-06,5145.22223173807,5432.29717008311
1.51561066621095e-05,1.56260435404799,0.158200153120781,61.2512719562889,6.48223126480578e-06,3474.35433060263,3668.20408292123
1.66244270878863e-05,1.12659175328294,0.0219742519029879,19.0248923284269,1.90997571398352e-06,11396.447096315,12032.3058017654
1.71928710959544e-05,1.45832820225218,0.130293410770563,29.4396395893363,6.21280844993319e-06,7294.06749366019,7701.03611070275
1.73840519798091e-05,1.58020674803633,0.0267936502803991,23.922204415674,6.55853900113028e-06,9012.76180104612,9515.62405301922
1.22687111202814e-05,1.21256994481476,0.00177519535089421,132.040311304928,2.15456853596828e-06,1604.58564751412,1694.11265044668
2.06612140941918e-05,1.13280969092657,0.0143600147433302,22.5321208942854,2.45754351678211e-06,9581.59797980478,10116.1981438817
1.90121607342549e-05,1.6691690149088,0.192986238213564,33.4704813491148,9.44441002449723e-06,6402.17712922966,6759.38319766935
1.47646259236364e-05,1.32610166023712,0.0808640965636854,29.8105445139185,3.95013356984154e-06,7201.74802485169,7603.5657262248
1.94792341010263e-05,1.46874906715885,0.0115567565633108,65.5229024460119,6.28932969950434e-06,3246.09993210128,3427.21435163433
1.41661427482199e-05,1.0564714714633,0.00284946300966944,36.2014514268727,7.59374568173731e-07,5912.37812337825,6242.25611674688
1.96366113813752e-05,1.4675255475072,0.0069455297779626,20.60735473235,6.29947772297283e-06,10499.1532674205,11084.9479408416
2.22071101736818e-05,1.36894929413006,0.0273044691363099,40.4185541826019,6.1529651889236e-06,5287.70946707242,5582.7344049425
2.31786345049348e-05,1.37321628955763,0.0348439900734404,10.2457662410581,6.52681706422859e-06,21676.3004686421,22885.7181264838
2.14348253074279e-05,1.39350340762053,0.0110629743122867,80.5477543674017,6.12043557450267e-06,2636.79382056123,2783.91232961161
1.79210246355319e-05,1.15563753470238,0.0261361856677444,50.6663407237501,2.47827383325031e-06,4207.4758696807,4442.22974842013
2.32942509732535e-05,1.19365294197239,0.0723038985499908,57.8300648573622,4.07359643956567e-06,3681.69879280753,3887.11721913529
1.92143767650481e-05,1.07358168778304,0.0384274610129693,44.4911151701581,1.36952573896515e-06,4798.1454220753,5065.85539439025
1.60565409008302e-05,1.24415473990021,0.00882728425854283,15.1460041637319,3.17896953240013e-06,14416.8150925776,15221.1936242383
2.21411676032357e-05,1.12102323944605,0.0345197382551973,20.4143543113741,2.47571860084559e-06,10600.9486322307,11192.4229238997
2.0580237027403e-05,1.64352310242997,0.125461797611632,62.8851218985437,9.21401939920839e-06,3383.35795506004,3572.13061299439
1.56438218233539e-05,1.41796464122032,0.027619417199726,14.4170720575927,4.74213243836407e-06,15172.5564468157,16019.1011654555
2.25516922326973e-05,1.12519152959556,0.0243329837305627,52.507716197669,2.57167414556312e-06,4058.49741851692,4284.93912379594
2.22241873226613e-05,1.28392828968058,0.00377928714878367,8.75156986327794,4.9331977374724e-06,25610.3477825317,27039.2635182436
2.37821289450126e-05,1.37767992345684,0.0300021398043166,27.2056668823816,6.72116852762942e-06,7904.3652928538,8345.38515106431
1.77073799330117e-05,1.41473901071467,0.000728766735483018,60.7675800066624,5.19471562383988e-06,3502.23987077866,3697.64548198269
1.85158173783794e-05,1.50044024511489,0.0168645561684717,46.4723276054538,6.2813766174318e-06,4591.34902210425,4847.52089925093
2.33476110837115e-05,1.45219347746357,0.113568600602892,38.5837785935418,8.20134791784321e-06,5542.48596288177,5851.72601985305
2.23813093928341e-05,1.13136374416803,0.16307350953766,93.7267965161882,3.10498539043284e-06,2264.03470578012,2390.3553182434
1.92635974472919e-05,1.1287840864297,0.0120655021590068,31.8377204098224,2.22460078196526e-06,6735.79920173435,7111.61953629923
1.70023873144984e-05,1.26038616090029,0.058868818140286,44.8140993491789,3.73220996186396e-06,4763.17106669375,5028.92966344849
1.73720128442058e-05,1.28251423413989,0.352852692042135,56.7759233052617,5.9130571289777e-06,3750.66672462666,3959.9331800352
1.31237961216224e-05,1.12230909411779,0.0938715015512467,38.3423036916194,1.57837281455881e-06,5577.85713098333,5889.07070346951
1.85911506023174e-05,1.31045716189975,0.0299617526280556,33.0639422146354,4.54033482131557e-06,6482.11653490677,6843.78277997684
1.77756008513812e-05,1.57103711892415,0.0324349931871593,22.0008641119618,6.67750088052467e-06,9818.43045225102,10366.2445581877
2.15414806184247e-05,1.26401953551371,0.059217914651642,39.0904562822655,4.78254112862753e-06,5469.70708065085,5774.88647858968
2.25972991540879e-05,1.60390095836285,0.0312659158779866,39.167974100813,8.78273690194974e-06,5458.74071717354,5763.30825269373
1.61770367083205e-05,1.75428648363661,0.0977201724411896,20.969670457883,7.70877522130811e-06,10313.2423181367,10888.6641890043
1.26738298818525e-05,1.41999349870774,0.00610293441017028,22.7290842436965,3.77152617845711e-06,9496.67035600666,10026.5320284757
1.93106014715005e-05,1.43437347472126,0.0249665167248874,49.4901460897662,5.99747787448499e-06,4308.49924992388,4548.88967444278
2.33616218852811e-05,1.65280379333624,0.0129486756847206,56.3249019328688,9.34790502220594e-06,3780.97078068124,3991.92803478255
1.41137638292285e-05,1.37002824298166,0.0037301660486757,8.56749729400324,3.82617702613306e-06,26196.1724730443,27657.7739858394
2.22969432489546e-05,1.8261006834244,0.00723375784908092,56.4609644688246,1.01600724139914e-05,3771.77730287399,3982.22161176986
1.50500686582457e-05,1.44657047946409,0.0534462119968719,57.4690144381161,4.90836183331664e-06,3705.03335376233,3911.75371950995
2.06318911416773e-05,1.30460272507643,0.0839672128879978,76.5536554646864,5.25864110081929e-06,2775.27383354242,2930.11876127757
1.95840613751533e-05,1.51496237569582,0.0368650051295511,22.9668572160662,6.91162720787916e-06,9396.13108547231,9920.38322280569
2.36726240930194e-05,1.4844448630616,0.0599307784347163,28.0876793388715,8.21780228407826e-06,7651.59662217887,8078.51338682386
1.46941519971499e-05,1.6718392009126,0.0704080736760825,21.4651471372642,6.35207983052248e-06,10069.4122562429,10631.2297584687
1.68401173887011e-05,1.56535842842764,0.0503453704759758,28.847635270691,6.4044472248624e-06,7446.42609717801,7861.89548148411
1.71827030838244e-05,1.36598298716007,0.0581171448674223,21.167687169222,4.88767305487887e-06,10214.3925824538,10784.2991848844
1.90345705049224e-05,1.19329254173064,0.0144360818388706,18.608823084986,3.12836954977674e-06,11658.4241179923,12308.8996920556
1.31881413258724e-05,1.81789609653487,0.0157231501714342,19.2422764283091,6.0282261919932e-06,11264.2011827949,11892.6812978248
1.54776768859103e-05,1.5703730929473,0.0482121412554506,31.6588119653284,5.90628783087407e-06,6774.48160363834,7152.46020224732
1.22034110629773e-05,1.78114378605142,0.0793842552807177,57.2812257819071,5.81338211416879e-06,3717.28738898332,3924.69146210976
1.83639988127276e-05,1.07960677413092,0.116360574441295,17.8235246479969,1.53238355533152e-06,12187.2033478992,12867.1818779062
1.36670581416506e-05,1.96364880133641,0.065647730707718,27.5755633696054,7.17815438001507e-06,7796.35400454236,8231.3474303587
1.35576240518969e-05,1.64586783219417,0.0293972644532103,42.0490231887212,5.48131341318167e-06,5080.18844773246,5363.63486068193
1.72623263720032e-05,1.2821983593761,0.0339575573967366,33.3014516606792,3.93273391582717e-06,6435.17338961622,6794.22046685776
2.02762404289255e-05,1.1726854474075,0.0100164454611385,36.5736854585545,3.01595424302649e-06,5851.36213416523,6177.83577286218
1.28211647341792e-05,1.257253607169,0.0129207593321051,51.9344851152681,2.65771487787097e-06,4103.73171250831,4332.69724116633
2.1383057251093e-05,1.1790596556283,0.047490643787972,29.3286093018814,3.4092016579561e-06,7322.16543419581,7730.70176088892
1.2667326695703e-05,1.22173156734585,0.00614375186497779,30.4919541448915,2.3131702163373e-06,7038.09545027399,7430.78224327406
1.63667105834931e-05,1.53946681281312,0.107162853370561,38.0469401898704,6.42355220078347e-06,5621.74058374673,5935.40261014394
1.47154711454362e-05,1.05179375695617,0.135757125765208,67.692088784393,8.38451098226386e-07,3141.30098888333,3316.56820710847
1.85233571640914e-05,1.45066726030162,0.0104256383945049,39.320280972898,5.81502129449539e-06,5437.32160815622,5740.69407587882
1.43748595701428e-05,1.89214418259702,0.00877511157975023,28.682467430345,6.83763493477114e-06,7490.07619715404,7907.98101557649
2.02313696006583e-05,1.32188259316623,0.0225871964877904,55.1112404535725,5.04014264852002e-06,3865.00242320421,4080.64817811458
1.56111575823091e-05,1.35473375481064,0.151612083796307,24.1672163022776,4.81815572182994e-06,8919.43039740453,9417.08527334229
2.22517613294162e-05,1.25235355526907,0.0149664681400227,35.9258074543079,4.5518297738378e-06,5958.38771484302,6290.8327889009
2.21243494658042e-05,1.51848919706869,0.00281636218826337,20.0351579352606,7.57554230024682e-06,10806.8123970852,11409.772748042
2.38646031763153e-05,1.17969637132375,0.0436517415807037,33.9493162061971,3.8009862365232e-06,6310.51469848948,6662.60651034935
1.54943716582451e-05,1.43379494374196,0.160888269962957,92.8249731993615,5.58654283972469e-06,2286.15005492463,2413.70458153315
1.86951521190237e-05,1.67317674416935,0.0635187605296351,15.101096845359,8.03171519518565e-06,14461.1902776639,15268.0446991791
1.40027716752766e-05,1.87115972611465,0.0167647552976915,81.0237835716761,6.63036236157936e-06,2621.20559100273,2767.45436307425
1.43453885506773e-05,1.33443759007381,0.0506788384955882,64.1478095636093,3.78712222175885e-06,3316.23385568371,3501.26136018793
1.52204109557373e-05,1.09262665519656,0.0222366473656298,47.557174668578,1.31962349863867e-06,4485.4928837941,4735.75857399488
1.47461215219181e-05,1.61105409749878,0.040813293165961,46.5717197387707,5.83092438702499e-06,4581.4431656494,4837.06235080281
1.69461505213575e-05,1.90557401139686,0.0108998764613512,14.6908799024852,8.14181917813259e-06,14879.5625765395,15709.7598579927
1.36532039858093e-05,1.21362075362923,0.0465108440388379,34.9577648109093,2.52042046229419e-06,6125.80345258722,6467.58939870587
2.09559393292917e-05,1.60511330161597,0.0218070955383665,16.6188081319991,8.07614760955168e-06,13098.6369425275,13829.4684252738
1.31586585760675e-05,1.47808209583751,0.0435236180298495,24.094283738663,4.44974607296268e-06,8947.00959686654,9446.20323957249
1.51223279581983e-05,1.20051585212466,0.0604563503266113,9.56798875270266,2.68828580508758e-06,23299.6509670575,24599.6426027093
1.53723781020781e-05,1.38042359148022,0.100430526769611,60.7306055228797,4.70927191312617e-06,3504.38993150397,3699.91550420283
2.16492284207717e-05,1.0500990513922,0.0176233373387795,67.0599000172526,1.05136627963598e-06,3171.13831670163,3348.0702927658
1.20502332464308e-05,1.60722815853234,0.0328580103410973,15.229164928445,4.70732412998026e-06,14335.3550803613,15135.1885939584
1.4794807273278e-05,1.23436008904888,0.00126831659029109,31.8011616878292,2.81252145099533e-06,6743.66773030021,7119.92708523218
2.18679962055422e-05,1.49544463831429,0.124591157720311,26.9017737447827,8.27582871596261e-06,7995.36878540694,8441.46613509153
1.89025534306224e-05,1.62260397807485,0.08173947996747,25.1164831712023,7.89850088980291e-06,8575.38059841702,9053.83939877563
1.21708038038313e-05,1.21084403244929,0.0754563265822678,30.5766364854522,2.29223500423316e-06,7018.27566803248,7409.85662682196
1.59192780460557e-05,1.55690174154705,0.0241389595501807,35.746541518193,5.83506384620496e-06,5988.69647304009,6322.83260814429
1.3985150556704e-05,1.6889646090608,0.0015102264824917,47.2372842835275,5.71338913198663e-06,4516.19589035142,4768.17463847613
1.56788803294245e-05,1.50203247212631,0.0308807267996927,26.3211887509713,5.40733406262245e-06,8175.18773842702,8631.31799097304
2.1114723916132e-05,1.6345375999707,0.0494940089654063,28.1612452705306,8.62349175833306e-06,7631.2425260394,8057.023644714
2.38492813653331e-05,1.2415072517455,0.0440094636185784,18.365536716446,4.85279212297086e-06,11817.2666883982,12476.6047992095
1.88273672757475e-05,1.2815240967321,0.0187448938932268,29.5945911341838,4.2149079478246e-06,7255.21318547641,7660.01394705541
1.41772222516006e-05,1.19002006327345,0.0363234479559363,58.8806002141561,2.3490843015182e-06,3615.44483852864,3817.16666070928
1.74729983041054e-05,1.25169131302952,0.0391660417226668,23.8515166551893,3.65663925154718e-06,9040.05281015441,9544.43774946817
2.2175448984392e-05,1.11268577873035,0.0676780682201221,30.4013715907752,2.4087553295305e-06,7059.42047042844,7453.29708158803
1.90457292749053e-05,1.16720957164808,0.123776407790966,67.5927739992997,3.11376137801831e-06,3145.95110477285,3321.47777374126
2.26982268271968e-05,1.61134723581993,0.0227326546916496,22.2587574706141,8.8118517656735e-06,9702.01731839843,10243.3362154368
1.2041665189527e-05,1.58596189480741,0.0266544472479095,10.195780212074,4.57078399299663e-06,21788.2494403683,23003.9132315564
1.66353253733944e-05,1.64387213115973,0.230425118809061,14.9588747513768,8.4664533962495e-06,14603.5481130102,15418.345314247
1.77484383299975e-05,1.4211123637915,0.106076407317958,30.6680351698983,5.88329188172303e-06,6997.00882596197,7387.40321260719
1.42659677921562e-05,1.42748344672951,0.0895448929236603,40.0663742015617,4.69227999344312e-06,5334.78037584266,5632.43161003669
1.70551873974083e-05,1.79790601134144,0.0410495114405569,88.4962287713866,7.89291076445414e-06,2398.61359411429,2532.44296408717
1.37131639884375e-05,1.1525623063141,0.107667848894824,69.6903184162322,2.03416970008456e-06,3050.57641005097,3220.78169864478
1.66909629037092e-05,1.37174683178135,0.101837472088679,21.0559175522856,5.03606644495808e-06,10269.9536181021,10842.960218971
2.14087061015088e-05,1.70554930363657,0.128702951331679,107.111248349814,1.01642641588244e-05,1979.79321917689,2090.25472904624
2.02431694146702e-05,1.52897250933619,0.0216312195920186,28.3741274847981,7.15814175559611e-06,7572.94811919141,7995.47673243513
1.83392579338867e-05,1.24689077660873,0.00382200901778006,12.740209098965,3.64513206014877e-06,17253.3159477056,18215.9555362122
1.24143064339785e-05,1.25887920389405,0.0872635398014058,33.4196611141779,2.79694640256242e-06,6412.06210816583,6769.81970374873
1.4097830163558e-05,1.12482204575872,0.0224724419108938,77.4569612909581,1.60038496023194e-06,2742.69728751773,2895.72462419067
2.38337377439104e-05,1.50816290342727,0.131041489939797,68.5551107031822,9.24134752104401e-06,3101.46401320071,3274.50854855176
1.48505598615361e-05,1.52989058473414,0.0519970001577761,38.7870561475789,5.42565298586975e-06,5513.05587582759,5820.65389674171
1.46160342580481e-05,1.66351314129165,0.00728480474313437,19.9238017413958,5.87248292453371e-06,10868.7949023272,11475.2135342035
2.06736481497008e-05,1.39205167936459,0.00359490542653266,8.96334346886417,5.84332605763351e-06,24967.9991820683,26361.0754191991
1.82899968664991e-05,1.29174295627117,0.0282345029188592,14.1520388327396,4.25077586429765e-06,15467.3693622757,16330.363010761
2.30455328264432e-05,1.15627113697406,0.0307240316746302,27.5510121451745,3.21327596795387e-06,7803.43150775325,8238.81981909763
1.78052722453075e-05,1.38846215177952,0.0131901034447809,54.5243031644895,5.04802994965159e-06,3906.995429191,4124.98416153978
1.52305428912956e-05,1.08335805494805,0.0173084638790135,73.2978902106063,1.19252360366609e-06,2899.39718620823,3061.1675104003
1.93026612873953e-05,1.88148941217515,0.00664401301099133,49.3824865760954,9.10372504204097e-06,4317.98901366277,4558.9089145031
1.96994007127248e-05,1.51956787873558,0.010059849748491,38.5083471766996,6.80389484005733e-06,5553.48685540177,5863.34070132125
1.54616937896535e-05,1.34425634837455,0.00785570309241203,31.357470320708,3.99094100713268e-06,6840.64999285296,7222.3204215518
1.52592465488696e-05,1.27079800005579,0.0157673162428922,111.267299135058,3.30367624831473e-06,1905.50924568233,2011.82612075253
1.69817382926904e-05,1.56811754300887,0.0150011328646908,46.0301317722348,6.24594953696993e-06,4635.94449684865,4894.60455479415
1.39380987080606e-05,1.16586413901361,0.00251998429632801,31.7553030050638,1.98791499940428e-06,6753.56392148841,7130.37542914522
1.29536547166491e-05,1.60298880063751,0.0208686558785324,18.6298898401294,4.97650368119074e-06,11644.8702652501,12294.5896093071
1.27092387265256e-05,1.09852524030007,0.239190719856566,26.3904286232251,1.49821361575341e-06,8153.31904169419,8608.22914193512
1.9135407944533e-05,1.27514013009904,0.116108130997885,60.3682078822426,4.67116214469157e-06,3525.60388734737,3722.31308143157
2.36387548192916e-05,1.21556260044287,0.0248849113052653,37.073115049814,4.29886917628343e-06,5771.44796920896,6093.46283956813
2.20167072601374e-05,1.330942377029,0.0255902558696731,52.3705958775758,5.61815868892317e-06,4069.22675142287,4296.26709412584
1.82236957927085e-05,1.20975221297638,0.0124225326734096,26.2093629375897,3.19939144100371e-06,8210.7556019848,8668.8703445641
1.35124766493654e-05,1.04872661440213,0.111005706501755,45.5802098260522,7.06209070839089e-07,4682.21720456356,4943.45902362958
1.93249547309037e-05,1.42613304770482,0.0341616856124479,30.6417676213579,5.97847539889513e-06,7003.1076049391,7393.84226971421
2.32470704617593e-05,1.61453253259965,0.000495167197879141,33.5320488410528,8.85260957831975e-06,6390.24246944,6746.78264988322
1.22523320419975e-05,1.4570265434449,0.0992326311778211,21.9486825556317,4.26652172825801e-06,9842.32592711013,10391.4732683597
1.82619934047991e-05,1.16195778858133,0.0162409028485031,47.6313873120576,2.58739554786003e-06,4478.42953818401,4728.30113277254
1.47576905547017e-05,1.49361426903442,0.00940666038636807,40.5842242469008,4.92340721117743e-06,5265.85283321426,5559.65829182093
1.70672011552015e-05,1.11566996008043,0.00846306473090612,42.838467339794,1.78455844012336e-06,4985.45423322871,5263.61500105675
1.46643142373404e-05,1.29895878948144,0.0320367212919097,44.3953319608713,3.48668088117637e-06,4808.61627290532,5076.91046077424
1.30167093186239e-05,1.10916877783868,0.0674300931103736,43.0237520001547,1.37377154466974e-06,4963.72958598648,5240.67823867416
2.37037946506441e-05,1.03232789563569,0.0091542612006816,27.7218321841428,7.49136939644263e-07,7754.45305160388,8187.10863603268
1.61899304984277e-05,1.35289560676551,0.16356549058909,45.9756728593727,5.04877680897853e-06,4641.49667046051,4900.46650898021
1.39130354370838e-05,1.83054697674219,0.0825649504096227,37.2918141503755,6.88054804239025e-06,5737.13690460404,6057.23740735918
1.52808701139065e-05,1.86026390126272,0.0552501020853463,53.9822778980772,7.47964794563456e-06,3946.5938362059,4166.79194061684
1.38638409390701e-05,1.61751981987937,0.0931101063153148,39.6779520609058,5.83610901741144e-06,5387.67672564999,5688.27928355283
1.34492245460311e-05,1.06134817214719,0.0204289392882973,21.3301384813894,7.93595284350122e-07,10134.701240551,10700.1615069376
1.59586637192052e-05,1.25709659691535,0.0155315561025996,47.1694861379954,3.31524278687513e-06,4522.75720360735,4775.10203671606
1.36703861193722e-05,1.05857179986268,0.0405750319414036,11.5506557809297,7.88373125754989e-07,19112.9733618275,20179.371546845
2.1194337725658e-05,1.43534986460891,0.0970116081508839,15.5583970427603,7.11881650411118e-06,14021.6981615195,14804.0313541232
1.9202856706934e-05,1.59042334028203,0.000193960973567897,66.3776649021161,7.13004932686452e-06,3203.98016949568,3382.74453927219
2.20993778216131e-05,1.79394735165086,0.0489178411381336,12.4631091952844,1.02833283280351e-05,17653.4130259852,18638.3758182148
1.80795863083899e-05,1.53120361888453,0.00216892340928416,24.2634633925534,6.28567129611972e-06,8883.29411583098,9378.93278715453
1.57392627537707e-05,1.88423654507063,0.0289478899887197,24.3938584737202,7.606200145087e-06,8834.80144277479,9327.73449119212
1.78320219338201e-05,1.08624007381475,0.0409066108133535,62.7535512484082,1.47609696927943e-06,3390.50886807381,3579.68050739712
1.78918346501989e-05,1.12943942884478,0.0179279210877798,36.0233998373945,2.08788814194708e-06,5942.01624861557,6273.54788542114
2.13469324625982e-05,1.0906414376667,0.00337235218187664,42.1951873926128,1.78007390687373e-06,5062.37792689807,5344.83061130868
2.01963523534862e-05,1.42825671767631,0.0429192707987013,25.6338258447032,6.32722076832739e-06,8398.82198212973,8867.42978838117
2.10833134424267e-05,1.39086530752706,0.0462709287463562,17.0603369162711,6.21221050215777e-06,12749.1880732629,13460.5222421749
1.97216745225163e-05,1.26563153548156,0.047910695624444,30.0527384291482,4.34739753722143e-06,7142.71613959792,7541.24018832469
1.46423550993679e-05,1.18943251716352,0.000856578250198635,40.1507096199981,2.3339494049099e-06,5323.43231493317,5620.45039010331
1.23196645326968e-05,1.17811799788444,0.020371271068957,26.4901879504095,1.90130112024325e-06,8122.0160453115,8575.17961151526
1.69159435629593e-05,1.2782644002012,0.0350175175980394,12.2399512702563,3.81597990518747e-06,17989.379139159,18993.0869820164
1.51326598567665e-05,1.56507879223669,0.0736371488448502,27.0576722841029,5.89793040179687e-06,7948.42333754519,8391.90139093051
2.2331292703866e-05,1.22898668868987,0.00744844314446245,41.0844363492627,4.1919303830405e-06,5200.94343157951,5491.12730463884
1.21585749329813e-05,1.09511853046174,0.0688779472800502,45.7415115133549,1.13416008949583e-06,4665.52211384473,4925.83243920203
2.27305245198263e-05,1.76013939822521,0.00955828518517427,41.7978550328602,9.91098238288982e-06,5111.08849966407,5396.25896457934
2.35426987975454e-05,1.14285207635749,0.0456973136193723,9.89529844799783,3.0835845262368e-06,22486.382758321,23740.9985267379
1.86243248736206e-05,1.6667257350208,0.00976594584249197,23.496146627757,7.52345899302473e-06,9179.79661425847,9691.97848481065
1.8799321326457e-05,1.11422262642747,0.0163134870565958,23.1186013332783,1.95910317933088e-06,9333.0735226017,9853.80739674683
2.15323716189628e-05,1.42373788010234,0.0509844585706072,58.071959345887,6.75267394480808e-06,3666.22897848367,3870.78427474761
1.94629302406507e-05,1.69110033855175,0.00105116626701481,46.6919814471373,7.96211124742306e-06,4569.51435777473,4824.46798143616
2.13520461893678e-05,1.20398269396039,0.0360225576824058,71.2215281660695,3.75263242968556e-06,2984.52538090942,3151.04538745622
1.95527818272868e-05,1.1916121491483,0.0365571595670408,14.5055543765429,3.26333645502402e-06,15076.6196120468,15917.811586007
1.77178414907148e-05,1.5037878297674,0.069477888692015,30.4396944625626,6.37876708664665e-06,7050.38271582975,7443.75507027752
1.30403470365638e-05,1.54326466844368,0.0301183134719344,58.958086137919,4.73298943693206e-06,3610.65234918835,3812.10677697475
2.08074713972267e-05,1.74118296434542,0.0175772973261023,8.10610560664768,9.01555915919724e-06,27789.7137917431,29340.2260950175
1.30240844209772e-05,1.01892637192281,0.0512658443403147,32.7817345166459,2.54988893386145e-07,6538.79237866801,6903.62082230222
1.96801438009785e-05,1.42897231943152,0.0430612021490218,77.2538142748664,6.1736286903069e-06,2749.95668586694,2903.38905681044
1.48840369404852e-05,1.20577869455833,0.00238450077293775,63.5926876364272,2.5461493203044e-06,3345.41300364661,3532.06854319483
1.78218206861923e-05,1.3914759287743,0.0957528502588687,9.05422992100999,5.5447947165771e-06,24702.1114591281,26080.3526321485
1.32698031387236e-05,1.5819032930127,0.126797528472849,24.7509169788505,5.59002121665577e-06,8704.68504365421,9190.3583167746
1.80851228498826e-05,1.57984241175683,0.149602605105034,11.749752435647,7.80523385194075e-06,18774.2641878375,19821.7642746076
1.7584373154019e-05,1.42536590415437,0.0153757909088025,21.0122817095063,5.32948076604314e-06,10291.8095727226,10866.0356149572
1.27220957470872e-05,1.17187621718753,0.106445085783369,48.906358704355,2.08816670620372e-06,4360.46402087216,4603.75379215281
1.3643379824996e-05,1.5213953600545,0.0466310216670779,18.1419832849418,4.90433026972984e-06,11967.090960405,12634.788436801
2.09235889093727e-05,1.13780009197717,2.74197401298233e-05,43.9871540793437,2.53409389897937e-06,4853.75472831106,5124.56739229606
1.70197349896599e-05,1.26170732366898,0.00591233956999644,13.8365709610194,3.55122278035945e-06,15833.579162006,16717.0052915279
1.87678556020735e-05,1.65751339995343,0.0115116137711015,59.8318476740996,7.53151522926275e-06,3557.4768667672,3755.96439678903
1.63934993405342e-05,1.07795051226505,0.0055519439275902,23.0621698446345,1.19207216869113e-06,9356.42462458419,9878.46136104702
2.23714494560631e-05,1.66284887656816,0.0528799550104386,18.6796091331583,9.41543417953378e-06,11613.0066935072,12260.948226523
1.78653884672262e-05,1.52773641247914,0.00298381536201216,43.1082028099304,6.18972132064838e-06,4953.89041249855,5230.29009373364
2.23101967779156e-05,1.14203480573684,0.168005115676938,33.2340844568197,3.33492635889273e-06,6448.41912476768,6808.20524075831
2.18967255988028e-05,1.27456093719995,0.102813918160437,18.2660775050828,5.25731418508846e-06,11883.4577395706,12546.4889448837
1.61288668992799e-05,1.1773906911007,0.131672618511052,34.8235969732723,2.79848084619968e-06,6149.75204607925,6492.87419123665
1.34250551093202e-05,1.49687324524003,0.00331530200598064,41.5675335454314,4.47108593241474e-06,5139.75614533102,5426.52610629168
2.34900192209194e-05,1.0785513036369,0.178134615350275,50.7732405468031,2.08152994577453e-06,4198.52860247917,4432.78327320298
1.49940229528863e-05,1.69482255967046,0.00133660231715697,21.181443200368,6.15520025709775e-06,10207.5959436114,10777.123331192
1.84153921312597e-05,1.1812512673291,0.00854926950410361,33.1312209926892,2.8499715260999e-06,6468.74966683361,6829.67011460763
2.15805519323722e-05,1.76720677940333,0.00971466085758754,44.5682725049387,9.46057987429507e-06,4789.74382406535,5056.98503368704
1.85474705172256e-05,1.48787853674724,0.000371784793113578,43.6865467269219,6.08390402225017e-06,4887.54312747568,5160.24099722441
1.71113532768488e-05,1.11706335081763,0.014776835223557,62.2606981100697,1.82005844894841e-06,3417.56645826968,3608.24776144955
1.99668514586901e-05,1.33585173150834,0.0928624356185896,90.2668130956242,5.53370450669049e-06,2351.30171784299,2482.49134683834
1.74530386581011e-05,1.36103184635099,0.0463525411675979,17.8813607735161,4.85458790102101e-06,12146.6282506671,12824.3429147007
2.13286544234818e-05,1.59732198103095,0.276333164843433,43.0895230535136,1.10211316216844e-05,4956.06338742345,5232.58430863896
1.22070333818151e-05,1.3575196922535,0.0139240226562218,42.105822765826,3.26022960653487e-06,5073.25239083561,5356.31181017891
1.3946409565933e-05,1.04229812260176,0.0231137028063509,39.4459617593407,5.79350419526858e-07,5419.77313796596,5722.16649812605
1.22497332444806e-05,1.31729217934345,0.0535454668720526,45.6416344637116,3.1174423601212e-06,4675.84554710726,4936.73186293377
1.94293611721611e-05,1.10869075056156,0.0140288258030365,51.4857543700605,1.93182551149518e-06,4139.85137292682,4370.83217883054
1.83082707610605e-05,1.5728812550165,0.0269084558197607,19.9541247600709,6.85257898252667e-06,10851.8463113551,11457.319305611
2.08234782067062e-05,1.05494991409032,0.0979567054195268,13.6460135955189,1.20240558335872e-06,16063.314034814,16959.5580993981
1.908220897708e-05,1.31402448585018,0.0431401417513471,33.2785054898377,4.76575391386639e-06,6439.67894862202,6798.97741113237
2.05002218519635e-05,1.13864261895948,0.0253755125335257,24.3102112427377,2.5610696960791e-06,8865.84793910186,9360.51321027216
1.33022854685644e-05,1.13547581299098,0.140186307261595,31.4019680527806,1.84586074944219e-06,6830.79797995513,7211.91872083334
1.45124101916905e-05,1.45927430467427,0.0215312926899456,27.6381063040008,4.66789771803881e-06,7778.38232448923,8212.3730299738
2.37531555977231e-05,1.54584291747665,0.0389846644740062,19.8481932629468,8.72735067164678e-06,10911.286642917,11520.0760788637
1.32129382338077e-05,1.23789805952562,0.0890051161702577,62.5957771566533,2.78729584271622e-06,3399.12390718943,3588.77621803897
1.58579377327692e-05,1.4111994565895,0.01162747018465,22.2185180921379,4.67501685600766e-06,9719.9992554794,10262.321445135
2.09733878087299e-05,1.04363610075714,0.0263364823646548,10.7738135168433,9.00631571552264e-07,20560.3843304601,21707.5400407827
1.94434811044335e-05,1.14653943695136,0.00409596656360126,63.2429812462076,2.49524717265867e-06,3364.05989729,3551.75583035319
1.6441566795473e-05,1.09824513168206,0.0172277873612638,38.3747194124271,1.4965623214475e-06,5573.08267265012,5884.0298567725
2.30128479147898e-05,1.1857161358496,0.000248579218749799,41.1873135888749,3.60526565101831e-06,5187.79160155668,5477.24167525363
1.60326713187257e-05,1.72569850347558,0.124354034679223,18.8511373868487,7.69945910917127e-06,11504.4058018278,12146.288005843
2.08618728225008e-05,1.46831394998042,0.0154143301083109,30.7711713621078,6.75785244863758e-06,6973.16513823236,7362.22917900007
1.34023130435441e-05,1.14193188941091,0.0586451051321008,66.5667840574652,1.76953812833301e-06,3194.80828075115,3373.06090987248
1.93412832390033e-05,1.85790794088577,0.130032794357783,10.8542624742854,1.02657002338144e-05,20400.3875956117,21538.6163731949
1.27475107119167e-05,1.14751710904006,0.0427839380895583,45.8644575466196,1.71195685260022e-06,4652.87666446267,4912.48144369618
1.57973830318423e-05,1.63780413547825,0.0449514844895484,17.7161687230241,6.44136289094665e-06,12263.2424756548,12947.4635683596
2.28786629590457e-05,1.56388061314374,0.00818463455949017,22.0312375964459,8.31712690461771e-06,9804.57489551229,10351.6159380287
1.41868529987494e-05,1.27312597266501,0.182978002754761,30.8653325771306,3.72508372790344e-06,6951.5378236883,7339.39517994178
1.80161913990006e-05,1.41878538275867,0.0386330779338637,58.7551380695985,5.53146776521023e-06,3623.23168327068,3825.38796831289
1.65004295113217e-05,1.46928397354518,0.114384806790159,31.998861473814,5.9507505696664e-06,6701.33456917737,7075.23196789599
1.56236198322857e-05,1.28486490233296,0.00109803743427634,36.1316293075645,3.46763589200094e-06,5923.96526948085,6254.48976150457
1.97942529948754e-05,1.52553999481044,0.0175207307108475,36.9844036797506,6.94047337471108e-06,5785.48292703848,6108.28087040638
1.34535140172774e-05,1.22587475989356,0.00513600021926055,36.541626598304,2.49165404861024e-06,5856.56756103316,6183.33163375412
2.27708569255276e-05,1.76554288604696,0.0156648505885753,32.8223304259579,1.00303830615199e-05,6530.57853386499,6894.94869039629
1.55613342138436e-05,1.37667140664237,0.0668830710331154,21.693665837591,4.56284523767463e-06,9960.79924415425,10516.5567411277
1.33335037782295e-05,1.10388150525522,0.0401227788828329,46.422116980809,1.3071888152826e-06,4596.36953785306,4852.82153200618
2.2991265932858e-05,1.13654859428246,0.0614922790812136,26.0323485061539,2.94315772481553e-06,8267.6948476251,8728.98648513632
2.27044190855892e-05,1.222330365983,0.00894102393561,25.4154098474722,4.16688114191722e-06,8472.4682769978,8945.18513910851
1.62322452857522e-05,1.39695200821506,0.0648951433794236,18.7861814989725,4.93250022575802e-06,11545.2919178839,12189.4553410025
2.18123772865757e-05,1.10724142906486,0.122549701153728,12.1143068941137,2.40763028923562e-06,18184.2290366039,19198.8084258739
2.25016718423227e-05,1.36544691143203,0.118617093330554,16.0602209971558,6.83263392131587e-06,13569.1754856255,14326.2604161656
1.32029292963026e-05,1.44035986867921,0.0335123643628081,39.0734371799988,4.17642532728821e-06,5472.12065674842,5777.43471888214
1.8447661497253e-05,1.09704315497389,0.175360051497554,64.6016270496659,1.97882891966355e-06,3292.75510419375,3476.47262424388
1.64824577086084e-05,1.16884531214394,0.0577360160880009,36.7156659912573,2.52681637592385e-06,5828.41943136098,6153.61299415521
1.46074079793189e-05,1.0709265887799,0.070835094785076,30.7121549046354,1.04117293769132e-06,6986.78901223537,7376.61318980831
2.2481401540543e-05,1.27693341315589,0.0968408650084076,83.3990508852526,5.39827679596163e-06,2546.09957811003,2688.15785013133
1.89495734330015e-05,1.39403711173981,0.104343107867414,28.5079548181198,5.98013607992623e-06,7536.75542460818,7957.26468570382
2.04522397729e-05,1.37434631722608,0.00595009930404287,39.4034034750231,5.6040386422941e-06,5425.70273809498,5728.42693714109
1.74118602458881e-05,1.26471624021403,0.0143091010613894,47.7761305205234,3.69729600384706e-06,4464.71710733964,4713.82362414107
1.45286953527918e-05,1.56197935939228,0.0661179109210216,40.5290526334022,5.5972243763217e-06,5273.11145598226,5567.32190558635
1.37514364139875e-05,1.30944089188549,0.0325165326475558,31.3485776077231,3.35884602751019e-06,6842.62229093336,7224.40276295479
1.72297563287672e-05,1.07674164623556,0.013108798554536,39.6223507691394,1.24429073951486e-06,5395.33460837558,5696.36443377285
2.35920464394037e-05,1.13515858878996,0.00404237607451007,33.428535441216,2.82034066615967e-06,6410.33377482729,6767.99493897064
2.21624565305198e-05,1.1406759758532,0.0133896142853683,31.2909395756026,2.7702571375433e-06,6855.43335070848,7237.92860899752
2.24218002708312e-05,1.86693156439739,0.121177140007676,45.3307190946307,1.18471465822947e-05,4708.27671054513,4970.97250588973
1.59904681648789e-05,1.60097705081043,0.318104087934141,25.0772401244902,8.80245688197004e-06,8589.07688305017,9068.29986032661
1.54060563481171e-05,1.26974386637125,0.0367483468472091,53.8789355909614,3.39766198887554e-06,3954.23493921395,4174.85937490392
1.35612888037283e-05,1.37227727033664,0.00225317988087242,46.1021615804912,3.68722261273352e-06,4628.62131382334,4886.8727786662
1.62147149252286e-05,1.01288049723125,0.0779574537565574,36.1539925103675,2.23627459245954e-07,5920.24910204315,6250.56625248083
1.71359905661205e-05,1.16389627471267,0.00849717331182998,30.0127134341528,2.43367480656092e-06,7152.40490847906,7551.46953691335
1.93756106452765e-05,1.29480075967157,0.0670332005447504,40.989730436983,4.72830731357262e-06,5213.10972900108,5503.97241415537
1.87153322525946e-05,1.57187873103167,0.197197317078259,11.3509074121215,8.48130349891489e-06,19465.3079847094,20551.3644926496
1.87829747732766e-05,1.33784018114165,0.00463271080919082,19.1968357907423,4.76518616764683e-06,11291.5906502938,11921.5989460979
1.3382779870525e-05,1.71196195473243,0.00795224591475229,62.1743261394518,5.61009940174329e-06,3422.35280767346,3613.30116267308
2.37376614297945e-05,1.38664919369513,0.14356345089213,65.0710228990987,7.72824077269026e-06,3268.81762388629,3451.19956495191
2.21339818347506e-05,1.51285717923506,0.0366704661862867,34.153741027314,7.78884525546883e-06,6272.17672319958,6622.12948811513
1.96013695984511e-05,1.44428255291884,0.102630341161032,16.2395723486175,6.71911864848321e-06,13414.4509435595,14162.903100553
2.06411662535286e-05,1.22514416447812,0.0628783073980795,15.8049541729031,4.04764165133974e-06,13795.6516215883,14565.3726677012
1.70078371978356e-05,1.44305079722869,0.0734760654432162,52.8112575631437,5.63580793854369e-06,4034.94613814402,4260.07381225849
1.79781312587857e-05,1.7621158919446,0.0228827372092055,13.5346634229704,7.95749435531646e-06,16200.6710275953,17104.5788525492
2.04647276040986e-05,1.45900438265329,0.033068916092272,41.459080954084,6.65826984149238e-06,5153.366684348,5440.89603809543
1.41436732292147e-05,1.08735498448126,0.00265050086717413,47.0682911081437,1.13926571760318e-06,4532.58611664056,4785.47934872524
1.57248713290561e-05,1.92605986768592,0.0394416745979961,54.0849939309483,7.87091806678264e-06,3939.02824769436,4158.80423411745
2.04807353767371e-05,1.20413967547581,0.0041213015078731,55.4530748198246,3.48642815828925e-06,3840.95893151663,4055.2631925939
2.3521111076463e-05,1.19498827062835,0.003092283569496,35.0612916808502,3.84979377627687e-06,6107.45130590741,6448.21330376118
2.26583924684543e-05,1.21521200022537,0.066404152952855,65.9927704608796,4.29807456306922e-06,3222.81036900662,3402.62535975151
1.82030281687249e-05,1.19893760032289,0.0643354112878265,15.9382551611363,3.2280124190987e-06,13676.4498905964,14439.5201395166
1.82650661528399e-05,1.73276942920052,0.11021468444187,23.7283783894391,8.68066904331724e-06,9087.99070289633,9595.05031144369
2.11300657567754e-05,1.28089666102638,0.0161979153803562,22.5874047053479,4.70994930136273e-06,9557.60745067622,10090.8690759379
2.2901639899062e-05,1.15580914678583,0.221171587392555,28.9406147963027,3.96386046439907e-06,7422.07683100215,7836.18766095018
1.77662142746178e-05,1.136753603685,0.122892083642915,10.5143577614574,2.43671849561433e-06,21093.9464796385,22270.8720063422
2.32266509209201e-05,1.05306348170382,0.0631799873425951,20.905435907313,1.24928296916305e-06,10345.720495863,10922.9544693859
1.919987882814e-05,1.27788584114981,0.12927289792164,30.9724712665064,4.79491486902668e-06,6927.0923958685,7313.58583247611
2.28080461081155e-05,1.80279854168257,0.145741725897369,29.2279769527069,1.18890126483126e-05,7347.81970475651,7757.78739783338
1.6606645972643e-05,1.15343554996575,0.0526823076799016,34.0823904819361,2.33190724091334e-06,6285.5048187597,6636.20121767955
1.82390290903961e-05,1.66161516272801,0.0714768189908326,36.3813644010018,7.82123213938826e-06,5882.72898493955,6210.95272039551
2.20505350398403e-05,1.30819689798221,0.0433848961632305,10.4742127302091,5.43033883486604e-06,21178.9893890446,22360.6598396553
1.20774200382326e-05,1.36054809272008,0.0445749313401161,22.328194087792,3.34981856708167e-06,9671.14388052355,10210.7402105133
2.07264825763106e-05,1.50558791644188,0.0640008806273119,34.9870121392799,7.43585466968812e-06,6120.60762680726,6462.1036745895
1.91663210059879e-05,1.93819411481655,0.093829127227367,22.8766213291233,1.02379840122798e-05,9434.03448410199,9960.40142140602
1.68287354640076e-05,1.3202886353901,0.0949588793868329,30.1798538823815,4.51073729993726e-06,7112.11889337226,7508.93578501656
1.51907685270337e-05,1.31276885435616,0.0111271329448643,28.4808835764779,3.6598882999443e-06,7544.04871651705,7964.9649029564
1.61620845416626e-05,1.35904573798963,0.0518452417024477,67.4063120399674,4.50325291065399e-06,3154.71891753989,3330.73478195917
2.26501840171404e-05,1.08458827621231,0.0411691464762041,41.9343274310838,1.84231848324578e-06,5094.25245167881,5378.48355824964
1.29621307346849e-05,1.24911547990996,0.178999099178412,32.1921164747637,3.14864525869181e-06,6660.46377320761,7032.08080759897
2.10394389009811e-05,1.28882695606858,0.0768505673524205,12.989417055077,5.10734477649274e-06,16908.6792853797,17852.0900545792
2.20289128473457e-05,1.53639267733627,0.0349412230812311,29.7511188625235,7.96911094799669e-06,7216.38171698761,7619.01589743169
1.49807552507222e-05,1.35943557265369,0.00256853031613857,36.9301080234387,3.97106087109689e-06,5794.10672803306,6117.38583179158
1.44386679374976e-05,1.12755954526115,0.0611012783343809,33.7651872914165,1.73970306916342e-06,6345.44980263533,6699.49080005358
2.25784067810532e-05,1.3708099496331,0.0281558956822744,61.5897354142953,6.28435414331009e-06,3455.10404844507,3647.87974150741
2.36783879327467e-05,1.33971883205672,0.0333461350890269,26.9871746651576,6.2112122354109e-06,7969.58368810398,8414.24237199629
1.67682361290576e-05,1.55944020533341,0.0945181125417786,23.1474916272109,6.64330539599283e-06,9321.16390580888,9841.23328921823
2.09411400049953e-05,1.33617757209323,0.00506926515054407,38.8992929297924,5.29545007980106e-06,5496.94001455124,5803.63885955538
1.42374822766911e-05,1.10221440384808,0.0974168260905258,61.8746881578531,1.46280037238966e-06,3439.06184815168,3630.94247517941
1.427018108592e-05,1.78790113796537,0.142733613539972,76.158612374692,7.33557490588595e-06,2789.7650402364,2945.41849714306
1.99749037519349e-05,1.14896952131292,0.00779662927151514,50.7143771873072,2.61014213894621e-06,4203.45061559639,4437.97990742469
2.31915540893041e-05,1.18278371729762,0.0341251748720223,69.7487355022646,3.71048507698798e-06,3048.00290485102,3218.0646060907
1.33717969089551e-05,1.52020385974493,0.0627524893066321,48.7436679006671,4.88203487476607e-06,4375.1697457556,4619.28001513605
2.11027680339776e-05,1.21195473583255,0.0492797408876584,68.9209352895579,3.88180463299171e-06,3084.88089742084,3257.00018664534
1.494586968459e-05,1.46360262649359,0.125718591981328,29.255958151505,5.41483083584011e-06,7340.66841199195,7750.23710249186
1.40423496022448e-05,1.09686690924515,0.146477542601578,53.2531909739844,1.4529112394501e-06,4001.14183706932,4224.38341818144
1.92553947622273e-05,1.32519713216032,0.0419661887791536,50.1458604890003,4.93206722280111e-06,4251.58942346647,4488.8045944811
1.26422667816393e-05,1.2547994510395,0.0805171496427707,58.2530140109264,2.79189710199143e-06,3654.73484105308,3858.64882803132
1.91184559002947e-05,1.60827161420991,0.0303523526836009,43.6063322820639,7.45707231278229e-06,4896.63893003995,5169.84429525588
1.89897762140622e-05,1.47987768927364,0.00454539995104408,25.6560275127789,6.18578509739806e-06,8391.40757597468,8859.60169937745
2.00838136955313e-05,1.60648755184472,0.00808229065931921,40.3075249096251,7.64374597699957e-06,5302.45924599852,5598.30713994029
1.35475508333109e-05,1.91152410764861,0.0107963513386496,49.518054281954,6.53066611330863e-06,4306.04605650171,4546.29960639815
1.98446242814222e-05,1.52419679797004,0.0453158742168089,49.1375606895168,7.14870414106532e-06,4339.73479190833,4581.86798688212
2.3829296563128e-05,1.40474637437318,0.000674921224766695,16.3778871951115,6.87035421477989e-06,13297.5178301319,14039.4457662431
2.12932731997278e-05,1.42253514831201,0.0233604515566492,32.1811987281621,6.47587443111748e-06,6662.75943542958,7034.50455507384
1.85562873322768e-05,1.84849304781776,0.0835091902773556,60.3545334996964,9.29360650208545e-06,3526.40938520613,3723.16352161501
2.27801713740332e-05,1.8167414088651,0.00617726000584802,63.4455542525894,1.03045619721866e-05,3353.23313682142,3540.32499654161
2.19722829646971e-05,1.31257802170463,0.117253004250802,25.9734804917676,5.92735711439066e-06,8286.80600461651,8749.16393896932
2.13913018680755e-05,1.35120473585987,0.209535542406158,44.873016112573,7.03366227907585e-06,4756.84617791756,5022.25188086642
1.81561096808044e-05,1.64110755766421,0.00477492609009418,32.3635174988757,7.12668235963817e-06,6624.62974256988,6994.24743627726
1.99350322732721e-05,1.77447193712599,0.0183079157092471,52.3110587099576,8.86276662977041e-06,4073.90307486398,4301.20433054661
2.38786046796218e-05,1.52710334736539,0.0433153238785045,24.7204599454002,8.61502345066869e-06,8715.63422409122,9201.91840091165
1.28599186199913e-05,1.64957459757235,0.00571762401860963,21.8293730109639,5.09307324449159e-06,9897.40080560029,10449.621020408
1.60019050970692e-05,1.41165302505283,0.00170542364983268,42.2673565616082,4.67422224370585e-06,5053.62988611129,5335.59447823815
2.10046967797671e-05,1.53906953701541,0.000100626309923908,55.8706837469814,7.35762224290643e-06,3811.98861446694,4024.67649210997
1.46590073848581e-05,1.82974483502852,0.0508177262292848,55.2341273055071,7.00328987053445e-06,3856.32439258807,4071.48596139493
1.54363813055344e-05,1.1695240974784,0.0355602112121847,28.1983343756887,2.31998756346898e-06,7621.0217850407,8046.23264290635
1.43583860293608e-05,1.18060938964083,0.0148824401412872,22.0909829757143,2.22969423994747e-06,9777.43449787287,10322.9612563354
2.24532505482892e-05,1.32145131860908,0.0199251124793131,17.2401367416216,5.5728070425854e-06,12612.1716540642,13315.8610647283
1.45888902861234e-05,1.29277566738957,0.0206999780294885,51.0172564513063,3.37374150162055e-06,4178.2469226163,4411.36998779734
1.41988782465449e-05,1.59475825321724,0.030936720043292,34.9095247097176,5.46438232043202e-06,6134.39267189795,6476.65784894056
1.56642149821389e-05,1.22641735915545,0.00548541759732001,41.1311742423412,2.9077834886152e-06,5194.96020088693,5484.81024277148
2.30600734611433e-05,1.50512301444973,0.00921833441506202,26.6269989993438,7.81084007689424e-06,8079.47562044885,8530.26566626911
1.41309820218254e-05,1.16492393200479,0.0815567496618684,37.033118916396,2.17820807735014e-06,5777.76728743432,6100.13474079345
1.7325299641002e-05,1.15426550471723,0.210550591385477,44.0817842292146,2.93298395744617e-06,4843.21473114738,5113.43932159549
1.80311999120247e-05,1.15720069334441,0.187104823273186,36.3660898931137,3.01318585030785e-06,5885.23462263389,6213.59815881258
1.97719257825622e-05,1.49265547645502,0.0796316870521629,41.4224629348504,7.09024845102919e-06,5157.97845099941,5445.76511581476
2.17659073084714e-05,1.06264526368005,0.25892413839081,27.3772097670894,1.73141438125274e-06,7853.9042675579,8292.10867969568
1.32592128011668e-05,1.03966397241149,0.0701208864036846,32.6862723669612,5.43986660880413e-07,6558.18907878453,6924.09975098716
1.2926649689558e-05,1.29198791072906,0.0183646740490934,54.7097023189002,2.97602433560257e-06,3893.63260357392,4110.87576417335
1.38981161428364e-05,1.55537069964515,0.029211244428482,46.8189814344182,5.11180130999682e-06,4556.98443182445,4811.23895493052
1.3728128490882e-05,1.20068650138322,0.0244757753229192,32.9298512404539,2.35209941249011e-06,6508.92303499923,6872.08493448707
2.16927444790564e-05,1.31869001954581,0.0663022441262462,20.6555681202626,5.61466263491221e-06,10474.0283104048,11058.4211502099
2.36413545846697e-05,1.27430623908696,0.017745627866452,85.0044887481145,5.18083509926259e-06,2497.72698806756,2637.08633715053
1.75993571985969e-05,1.41920020383698,0.0148143498053145,26.1756410159834,5.27653419266092e-06,8221.54218502926,8680.25875927355
1.34919329507221e-05,1.15821319444918,0.00167507752197879,20.1335072371048,1.84608023485323e-06,10752.6548084152,11352.5934655116
2.17926235205177e-05,1.54954052296463,0.0253626947388746,24.6501581894299,7.9296399773385e-06,8741.01291076261,9228.71307791024
1.57083549364563e-05,1.15115122984175,0.00633357656436915,30.266409784619,2.07569012881201e-06,7091.43410591601,7487.09690084374
2.0333789958654e-05,1.60937771781857,0.0373731996771803,29.8363320605661,7.99796799574392e-06,7195.41623794585,7596.88066063561
2.39218490771335e-05,1.28990481483185,0.0151142976106416,26.7137419686299,5.45878629426336e-06,8052.73361516817,8502.03160502439
1.50700155815855e-05,1.0057836344351,0.0334013322908488,52.2586838352375,8.96513889891196e-08,4078.02573438964,4305.5570116682
1.38272058546022e-05,1.15252641069271,0.00702367208173937,95.3705494777481,1.84282307378493e-06,2224.80669144965,2348.93859771365
1.98902987819379e-05,1.18356888548372,0.0426113182370349,28.3109277377691,3.22217753033882e-06,7590.1611893829,8013.65019672456
2.28934389423374e-05,1.74251471600198,0.0571786906859761,59.1828999322179,1.03466423821321e-05,3596.81929363685,3797.50191344475
1.30747469138307e-05,1.78517358156282,0.0354575903855675,18.4473878502817,5.96198952302093e-06,11763.3447109198,12419.6742736719
1.33103699446265e-05,1.08225524151898,0.0332417036354863,13.9172813051456,1.04640572821372e-06,15738.245261681,16616.35228693
2.06062676327275e-05,1.85600621022256,0.0459831556244702,57.1835496957848,9.9616480721033e-06,3723.69328457428,3931.45477123876
2.09834697423941e-05,1.55131782266147,0.01329194494906,32.8703275129637,7.55754253059685e-06,6520.89378016409,6884.72358101272
1.79642310903277e-05,1.0374250012808,0.0831065819994613,41.8351244864891,7.06783422503321e-07,5106.47968170124,5391.3930000691
1.25818506954666e-05,1.15032136068752,0.0483083593488926,40.9548804621138,1.72760322906739e-06,5217.60103468549,5508.71430985211
2.18369968202887e-05,1.65858518795108,0.0558255522223731,29.0670666564413,9.18342247719699e-06,7389.21634919885,7801.49374603888
2.38898064506594e-05,1.33474494805536,0.0298397557942562,54.5391389417405,6.17552844300188e-06,3905.92275069417,4123.85163351665
1.80560845591994e-05,1.07499939906387,0.0686867360488115,45.3787268265173,1.35259846564396e-06,4703.23974952334,4965.65451030623
2.1743844102555e-05,1.56085087390665,0.0892011064986333,58.6401030395045,8.57806015639096e-06,3630.40090165894,3832.95718942875
1.39649413108472e-05,1.52291151217297,0.0828590216482651,75.7075362928288,5.22817037702067e-06,2806.49784807326,2963.08490309517
1.50128916217173e-05,1.79212879426565,0.0288666833786536,48.4344385104063,6.83290332496365e-06,4403.39640138404,4649.08156200519
1.60922014454193e-05,1.08825382123866,0.0867700005995901,15.3846309259727,1.428995619007e-06,14185.5127800092,14976.9859221397
1.21210111604668e-05,1.27939493165163,0.0303199322112841,18.4882369700385,2.72972448197402e-06,11736.6177876429,12391.4561359232
1.72683973070355e-05,1.75951382781657,0.012316565363568,61.3424084924926,7.54691795966528e-06,3469.14982121035,3662.70919069501
1.53322036353992e-05,1.47692350955796,0.13474125738182,31.4707293363673,5.72191270297441e-06,6815.62958806916,7195.90401658819
1.86647941391319e-05,1.15412149689777,0.0200258047283753,11.0437466836949,2.54338413647817e-06,20033.2115529094,21150.9539384433
1.28361902565155e-05,1.43257021675719,0.0280988740791367,24.534299202264,3.98794325874496e-06,8783.16169565848,9273.21353184592
1.23090365237352e-05,1.71346433593868,0.0195112759982882,20.2681761971778,5.22724865464681e-06,10679.3719280116,11275.2218057654
1.89146863706633e-05,1.75534016317074,0.00829217002533152,26.8190136939401,8.20707454211516e-06,8020.5162374929,8468.01667589396
1.9060673099516e-05,1.25819616140735,0.0295606994319061,5.12566768827493,4.03053501693343e-06,45808.4190632511,48364.2754453426
1.58861917570895e-05,1.44819379660301,0.104738518246697,60.5254751259909,5.49162753622131e-06,3516.36634802214,3712.56013851193
1.62857951853834e-05,1.62743932989728,0.0630069329846732,17.603671482078,6.70087903281251e-06,12343.9482436994,13032.6722718153
2.08441425800063e-05,1.65081028575995,0.091764667409095,25.5821669846132,9.04758183948706e-06,8416.12465119091,8885.69785066157
1.28043045233404e-05,1.1718312398548,0.0613317959336302,34.6126936325955,2.00020707189011e-06,6187.7786085695,6533.02242555965
1.93564047931032e-05,1.23924833585495,0.0257871141195803,56.1724358655573,3.83577155387972e-06,3791.32600748935,4002.86102596381
1.28022220970336e-05,1.8756088812506,0.0171516976123474,50.4766400901449,6.08080448348901e-06,4223.4476115807,4459.09262516614
2.32762372650504e-05,1.45143589750229,0.0141996216150877,26.532472124657,7.34364585986407e-06,8108.82032204907,8561.24763989048
1.91099985050485e-05,1.25980210641875,0.295543790345279,76.4151064231243,5.59415105013648e-06,2780.33899984432,2935.46653583979
1.5542592249848e-05,1.11500988107048,0.000768243660607795,20.5646083846663,1.60437879278661e-06,10521.5302881603,11108.5734755541
1.83225103474902e-05,1.43165969654667,0.0477738876059002,32.0557478030786,5.80147076412269e-06,6689.25188282373,7062.47513448246
1.66447487851046e-05,1.34998491598453,0.0414288332093176,56.6455751506798,4.5015872141372e-06,3759.3747715571,3969.12708781344
2.12178828934981e-05,1.13395037323388,0.000865630726408495,25.5095968698071,2.50852721512582e-06,8440.55214197214,8911.48826030113
2.14490314997043e-05,1.31339539068563,0.0726141006319602,25.4553953752345,5.51866565717383e-06,8458.88937436831,8930.84860882765
1.59676604100829e-05,1.73768182056904,0.0201266832301284,42.5073155630818,6.91772097506572e-06,5024.75922829703,5305.11299742369
1.35787958086682e-05,1.46665014837141,0.0188775644744908,37.2423085934581,4.40348864652527e-06,5744.86791550503,6065.39976590227
1.23717115099914e-05,1.49827469225603,0.0884135469208143,39.7989205740436,4.51339375128302e-06,5371.09078235267,5670.76793636914
2.34500789378816e-05,1.12822592794783,0.0606429439344783,29.2981342582486,2.83715106228839e-06,7329.91552459825,7738.88426346409
1.50836637933673e-05,1.11892345252212,0.0799034175493331,44.1745712404848,1.74234186983319e-06,4832.92437886291,5102.57482457741
1.21443190820776e-05,1.24968112178226,0.0545496660557146,44.1955399937868,2.56634656965896e-06,4830.60493742482,5100.12597113769
1.74882970968923e-05,1.58759609065778,0.0776689430711985,12.3079204425277,7.01763984420648e-06,17885.7036995522,18883.6270263882
1.58752940089842e-05,1.15756596804912,0.0789494559455438,37.222938480841,2.34610482314146e-06,5747.89851404979,6068.59945508125
1.64088294358654e-05,1.30292089994216,0.0952965355622341,18.9562049181409,4.21671710217365e-06,11438.8813336962,12077.107634856
1.85395750641944e-05,1.40395188754346,0.0765949906997718,19.5803265360809,5.77664978454295e-06,11064.5387481754,11681.8788038402
1.83292153150979e-05,1.47708387368408,0.0122514838803,51.9825551153959,5.99347883365096e-06,4099.89975830424,4328.65148511516
1.68700271358462e-05,1.46078652361112,0.0529975218110253,35.8597324022346,5.61913942285343e-06,5969.52335371254,6302.58973481955
1.89737964325491e-05,1.06338959630995,0.101127187949277,25.2873719729145,1.25826565481938e-06,8516.24421428024,8991.40353153289
1.68532605282571e-05,1.68409897423908,0.00157507659657179,87.0144747974852,6.85665841213804e-06,2439.69612635643,2575.8176743693
2.05245120929321e-05,1.20563333401038,0.120289771608327,49.8429982579348,3.97924886988108e-06,4277.68702137168,4516.35829398352
1.29229657498514e-05,1.7466042171099,0.00196251606122226,23.4560749752651,5.53484733161239e-06,9195.82574399197,9708.90195131382
1.43796986505557e-05,1.18986667313052,0.0190678504195303,57.4206118085524,2.33913275386613e-06,3708.18410305734,3915.08026318639
2.39046212307969e-05,1.40738613674841,0.00952498425222418,28.7755849161506,6.98587496278645e-06,7465.40463903242,7881.93292098907
2.06912136298958e-05,1.58931638447164,0.0744782471386607,65.2917079597943,8.28948386086596e-06,3257.68336108747,3439.44407188109
2.07600319057843e-05,1.48622302399522,0.0316362956721481,33.8097509120429,7.01344892600564e-06,6336.95923386525,6690.526504514
1.30860247348789e-05,1.63582201449687,0.096070181980758,25.1485272798813,5.62685844023947e-06,8564.22918635585,9042.0657996085
1.25132517044786e-05,1.2561852574204,0.0242534827390794,50.5687425831544,2.61533914813788e-06,4215.67797488907,4450.88948572696
2.29267905627675e-05,1.19636410547915,0.112324231076073,32.4170637941196,4.2391245614755e-06,6613.51398081637,6982.51147650774
1.36900702669797e-05,1.60041257233984,0.048036686136261,64.4375311770225,5.39506801800216e-06,3301.20631449203,3485.39536532665
1.63766213815855e-05,1.50755488491945,0.0316779730220082,72.8083059939723,5.69386218900892e-06,2919.02901379733,3081.89468537012
2.01655665831976e-05,1.24016668138212,0.0398516235290842,47.9835004871634,4.06720047992656e-06,4445.21734820854,4693.23588631864
2.07879189472077e-05,1.73962587998284,0.044821626209436,74.0503873094382,9.25279909900419e-06,2869.73241329878,3029.84760726121
1.7034182910936e-05,1.16364806460016,0.0151355073610609,32.5315255981629,2.43235253094444e-06,6589.87733096592,6957.55603234815
1.92875985177364e-05,1.88946280904929,0.0441773999028672,40.4907942494268,9.49907581291548e-06,5278.15666046003,5572.64860456507
1.38865121339466e-05,1.23815695183233,0.0192135199445869,33.6834694695015,2.72332892130662e-06,6361.07851020412,6715.99150305029
2.08800932398578e-05,1.29916244857349,0.0356402213288204,24.6044709353511,4.98571537656694e-06,8757.58524560905,9246.21005736677
1.40105169524504e-05,1.10594083874518,0.105079438226985,25.0303081882081,1.49966518373674e-06,8605.5142465138,9085.6543377438
2.19052880729958e-05,1.16011284743793,0.00789929595256565,51.8561375095134,3.04726032294544e-06,4109.99265564303,4339.30751029387
1.74601048888871e-05,1.84471313551508,0.00119522829714084,42.6297381020722,8.00458913662607e-06,5010.15667793574,5289.69570553018
2.26219489861736e-05,1.5740024443693,0.144575335778361,22.7902810334553,9.64371566969022e-06,9470.58898723821,9998.99546360614
1.95818588128416e-05,1.25409799838314,0.0913088863958963,29.3739487194433,4.36614197915171e-06,7310.66547776607,7718.5601705055
2.14622469337313e-05,1.45321861461737,0.0319855018057677,35.8249774067886,6.91449368164879e-06,5975.39734070862,6308.79145779647
1.88089335156586e-05,1.47330416266,0.00887734589680485,19.3981301651144,6.09644149792179e-06,11171.2612457179,11794.5558263813
2.33074916846445e-05,1.68752266955391,0.0679950229183323,32.3279936835929,1.01883423535514e-05,6632.02483098773,7002.0551297209
1.65188338801079e-05,1.15856210749164,0.00268340152629111,42.4683549927628,2.26683144924284e-06,5029.42431461017,5310.03836974692
1.56974972424181e-05,1.51635444393242,0.0682182977200435,53.7911981554591,5.73661797854134e-06,3960.74548481201,4181.7331729315
1.7928877368615e-05,1.02571819349845,0.00543252359649249,38.8224888101795,4.51984350361362e-07,5507.9579704291,5815.27155642243
1.94169522540383e-05,1.70421834627752,0.00554535831632919,43.7654406695913,8.06807047570921e-06,4878.62996487684,5150.83052945813
1.79537315090541e-05,1.63891826215944,0.0211139735572149,89.2343994155294,7.14994287840412e-06,2378.65939607221,2511.37543217637
1.59819981243694e-05,1.41579149352102,0.0594810943389126,46.7807454283068,4.9903652136931e-06,4560.74959239237,4815.21419063013
2.33710577841159e-05,1.55221434791131,0.138019355508252,51.4275111690759,9.64549238610497e-06,4144.58621415896,4375.83119801138
1.36224312133826e-05,1.19711703166393,0.0738246227776331,71.7339058946019,2.42182334941183e-06,2963.05730717188,3128.37951396057
2.09110179464025e-05,1.34934394710127,0.0103624685507426,7.91087265790781,5.47041624547789e-06,28524.0111608805,30115.4931953887
2.04862169875335e-05,1.0894468500165,0.0409819793114439,69.4756957705942,1.75381868842303e-06,3060.06882143064,3230.80373406959
1.27358677804135e-05,1.25005266301932,0.000266282425817929,40.7658953247337,2.54824903738368e-06,5242.09198791478,5534.57172279327
2.27171664076662e-05,1.12986865085894,0.0116731865627477,38.2844447008865,2.6419217812789e-06,5586.39945108264,5898.0896377762
2.10560966887102e-05,1.1042911584263,0.000313031004668349,17.4398722283938,1.98915484659672e-06,12463.3764826017,13158.7639457988
1.22327426225999e-05,1.34210422318417,0.0791522293230729,51.7753067128938,3.38611960379256e-06,4116.47209074891,4346.14846203592
1.98784358713198e-05,1.29354755911997,0.0844242177247581,53.0755414295541,4.92690693300224e-06,4014.66226479644,4238.65821098384
1.67413360397145e-05,1.39520634684146,0.0199832279225959,16.6670058706376,4.83876590001586e-06,13059.5617920135,13788.2130975159
1.63153233994273e-05,1.34373066609553,0.0165264510311126,47.2262895030314,4.24357437503005e-06,4517.25864050954,4769.29668421418
2.29637840787778e-05,1.15923232827967,0.0279888058062213,4.34606332588254,3.24505938164629e-06,55190.9657176283,58270.316300944
1.81420795117216e-05,1.28822356652309,0.0608362908066407,48.2205884818035,4.32190783186559e-06,4423.1307599889,4669.91698865427
1.55235029873606e-05,1.78183467063294,0.0277780965068147,34.8596807731602,7.00591440872457e-06,6143.29279598582,6486.05455071909
2.17080454054484e-05,1.39916010665812,0.11702149242106,23.2718363340655,7.01357142554978e-06,9270.24965028818,9787.47829988543
2.00883292193525e-05,1.35635851361699,0.0141478729884654,16.9252830852399,5.35347523366456e-06,12854.080444176,13571.2670271445
1.62644885054855e-05,1.30916408233517,0.184543437486795,38.8639927180086,4.71004877434113e-06,5501.99853666802,5808.9796192237
2.12396240969226e-05,1.35836963557883,0.0933579809388525,63.3473820877589,6.18035999895706e-06,3358.47135079879,3545.85547388233
2.33266892143339e-05,1.35439227736076,0.0399994096884829,25.2248132609423,6.35785642067582e-06,8537.79788113248,9014.15977376556
1.85708633203274e-05,1.3006076105437,0.0205748102878699,31.9731101961943,4.38234162303286e-06,6706.81851894954,7081.0218917295
1.49295021029077e-05,1.14530820401993,0.00803436093065399,42.0044190737852,1.90945713592867e-06,5085.64857038175,5369.3996279709
1.20260728136357e-05,1.0772165235308,0.00667671913080851,64.3581747805201,8.67831067485862e-07,3305.30888301412,3489.72683447782
2.39029096096773e-05,1.54737966837941,0.00243005139628104,60.073108437674,8.47595752932617e-06,3543.06902412594,3740.75267622926
2.24100875636218e-05,1.47583872300589,0.0044736788162921,44.3286260136077,7.25774818022805e-06,4815.93548732466,5084.63804686997
1.86553731375011e-05,1.2096368334495,0.00518220159682021,18.0744155450929,3.24986134165387e-06,12013.1252131945,12683.3911462452
1.48062855703337e-05,1.73399040216484,0.0198426422826915,6.98173172034905,6.39421731512127e-06,32628.1377177764,34448.6073110752
2.03434849656494e-05,1.19169301981329,0.0154640776530644,54.3225833975529,3.32373731813983e-06,3921.63916076863,4140.44493233369
1.64521216336554e-05,1.19534102658205,0.065913006116335,44.958698919582,2.87824984184739e-06,4747.67779599549,5012.57195395048
1.53521619627876e-05,1.80513093861541,0.0522853008620104,11.9022528120777,7.22507773879142e-06,18522.8416119742,19556.313709823
2.0534570073721e-05,1.21047971262001,0.108739092076691,14.2962234397053,4.00611364517849e-06,15305.5771169514,16159.5436531451
2.21069480929635e-05,1.90390402724094,0.0538699859926707,35.6538165371118,1.10928928719376e-05,6004.49494466668,6339.51254709413
1.77371866962975e-05,1.14095768442044,0.00365998512993551,17.5643538618438,2.1993211311595e-06,12372.4059484238,13062.7177590419
1.9146708364483e-05,1.10067628475093,0.0361234823261976,18.1985425154789,1.81690256239762e-06,11928.8273339449,12594.38991165
1.65694178236714e-05,1.23021598347902,0.0370834488407212,31.1038676503703,3.22006900049551e-06,6897.34591882907,7282.17966656856
1.87341667937385e-05,1.17001921290458,0.0128063874531131,31.1005835882889,2.75758428444156e-06,6898.08627543384,7282.96133097639
2.12867622043239e-05,1.3861666401104,0.139058632979814,30.138131433153,6.88785701321423e-06,7122.1327262774,7519.50833440359
1.48198185921852e-05,1.1992912411741,0.0838024437594094,44.9292337227771,2.68788186203569e-06,4750.82669268823,5015.8965416597
1.5570187253016e-05,1.37853802345015,0.00701798800073062,34.5867687999807,4.30562687639611e-06,6192.48542402669,6537.99185528233
1.84333108017175e-05,1.40115714911959,0.0570395895418372,64.8484348671896,5.59666018782966e-06,3280.12526359191,3463.13810840184
1.36050111235902e-05,1.06601615978094,0.0393350445042257,24.4526377736229,8.77015476302927e-07,8813.11470632665,9304.83775481621
2.26840266402438e-05,1.21237841090567,0.055083120650797,53.3936353497417,4.20521477815285e-06,3990.5172811557,4213.16607082044
1.25923177692667e-05,1.30381867946338,0.0166628991579174,33.9030386217728,2.98397334006095e-06,6319.25878255698,6671.83846593755
2.16157079166938e-05,1.06837368972031,0.0083686502424825,37.7732048956448,1.39500439362293e-06,5663.03171249195,5978.99755546011
1.24018021926843e-05,1.66035071396821,0.00637826853927202,26.9990911925124,4.96401520296533e-06,7965.998949502,8410.45762481027
1.950096094843e-05,1.54416721224295,0.0691288930540852,29.5377556046501,7.38235915361365e-06,7269.41660175899,7675.00983539652
1.55829321423071e-05,1.06434107282219,0.00476867104338236,44.6065566495489,9.46511315819815e-07,4785.58600776439,5052.59523423657
1.60712957263347e-05,1.05928224478647,0.0230637230351445,27.4296385397221,9.20641290893691e-07,7838.61014045339,8275.96122490234
1.63887658812962e-05,1.34158896881575,0.0574705429542823,41.2559047212813,4.42718845236436e-06,5179.05980592273,5468.02269372559
1.24509921726426e-05,1.28715589209172,0.058334556094581,32.4683728534088,2.94976954625802e-06,6602.89759510067,6971.30275519651
1.4105942401316e-05,1.47482025555829,0.00768660169909028,47.7158070789823,4.57653938713079e-06,4470.42170584192,4719.84650768326
1.97583131838189e-05,1.6129879649655,0.0751261160992209,62.4846999461746,8.11855253872469e-06,3405.21543566167,3595.20762010303
1.51798317727391e-05,1.23743683951597,0.0224145000926585,27.767461420727,2.97941154034473e-06,7741.47387573664,8173.40529394987
2.30945286086909e-05,1.70732011036563,0.00321388156009097,27.8535626217926,9.59838342283107e-06,7717.10048932737,8147.67200740693
2.35058187632728e-05,1.32428979324397,0.189370309859135,42.8018047027885,7.10051438575528e-06,4989.77548889365,5268.17735888359
1.93861859984044e-05,1.07889267331513,0.0652519025796415,87.7636556134246,1.51651657529893e-06,2418.7502503247,2553.70313432276
1.26170424657958e-05,1.74869036530158,0.012549210473366,34.3102518676931,5.47048524176586e-06,6243.1379825502,6591.47054637315
2.39502041067844e-05,1.33868131164832,0.0118747597922762,48.8179921358244,6.13197958042051e-06,4368.43924306211,4612.17398762386
1.57681280711051e-05,1.1848493522656,0.0645081670471992,46.382174911491,2.62958695600658e-06,4600.3711580427,4857.04642046636
1.79954315618137e-05,1.69931232693451,0.00762687764567741,33.0950075296028,7.46237979649608e-06,6475.93765607389,6837.25915388522
1.75677416598815e-05,1.24249171654663,0.0164816719308455,30.8254124707281,3.48601379810959e-06,6960.69042471897,7349.05844547987
2.01893869252e-05,1.23964409109931,0.0780932305398244,23.0154048590322,4.23346692726628e-06,9375.8645072381,9898.98588161606
2.30318911106838e-05,1.27664574151928,0.0653399737219374,32.09714961819,5.33972208755987e-06,6680.4854768279,7053.2196115258
1.62051954506077e-05,1.55747909579025,0.0270439129012697,48.1115653867268,5.96156233156076e-06,4433.25978668574,4680.61115900935
1.61448541576741e-05,1.21601419053081,0.0601811880761551,47.3763896913166,3.05158931563303e-06,4502.7930879444,4754.02403383602
1.95322687208382e-05,1.54262731697348,8.37367353198176e-05,17.7292955463868,6.87102107645294e-06,12253.8939854601,12937.5934841257
1.88586344814878e-05,1.06203717941432,0.054052497754215,23.3240944094057,1.16451971285909e-06,9249.01767370238,9765.06169645655
1.52135120950593e-05,1.44180801838783,0.0023265313623179,28.9445611636992,4.67262136745515e-06,7421.04688796677,7835.10025279083
1.98220903675826e-05,1.19072705941998,0.060997154068255,70.5449697051504,3.38121953888539e-06,3013.35363467397,3181.48209830956
1.75732175839059e-05,1.22349142784081,0.0899282126797549,22.6487846792815,3.52717523894843e-06,9531.11184936233,10062.8951666382
1.36192289819615e-05,1.07269501809105,0.0565580083971951,42.7138924551618,9.78271518446814e-07,5000.16788184291,5279.1495898711
1.64342920786981e-05,1.17581880118638,0.0305327804480301,23.9895839445691,2.53475150959954e-06,8986.90100170141,9488.32036412707
1.25242723668432e-05,1.33161670200422,0.0403944344544396,34.6912205708552,3.25020818664951e-06,6173.56511555208,6518.01589825764
1.7338213904595e-05,1.6298357796421,0.0469617380192227,25.8843333855189,7.03022863514402e-06,8315.91591162238,8779.89801775682
1.76279519688254e-05,1.16591537626502,0.0888566926987163,43.6278686399083,2.7531270712802e-06,4894.19352242749,5167.26244742609
1.916029701747e-05,1.20810464919278,0.202628884270678,37.3653628396736,4.13912052076879e-06,5725.6895553699,6045.15135936187
1.96129568092916e-05,1.81292841607103,0.121974012961022,48.6238981292318,1.0016062946017e-05,4386.05936115064,4630.77721083129
2.32425317518674e-05,1.61569336159988,0.0196477604981492,31.589768583566,9.03434025895416e-06,6789.52879508527,7168.34694373939
1.38838607977666e-05,1.12175142649812,0.0787314596664009,43.2737002528664,1.63566677252579e-06,4934.72136669182,5210.05152120965
2.36110255475901e-05,1.32872152638336,0.0146803316283408,21.3758867288354,5.92818063237061e-06,10112.483146326,10676.7037659602
1.629992382445e-05,1.16219454739699,0.146998181613462,37.4731983305905,2.66676370727142e-06,5708.98805430492,6027.51800692633
1.80997660858054e-05,1.89836122037839,0.00116340187354815,5.90541022708616,8.57517100041649e-06,39159.2419928129,41344.1110760921
2.30807203078307e-05,1.23331460782276,0.0381151980557527,58.4356230842259,4.53924738050303e-06,3643.21479696155,3846.48602920571
1.655036472735e-05,1.54072908262316,0.19952132696451,39.4710763255018,7.25607038326026e-06,5416.28002970471,5718.47849374689
2.22903376118643e-05,1.79913334114854,0.0484331597566138,16.1194242561936,1.0404538998829e-05,13517.7081755452,14271.9215148881
1.36981942770788e-05,1.07060512723204,0.0424552230581919,63.0983079585092,9.43419652577813e-07,3371.83503206812,3559.96477464167
1.51527504052352e-05,1.26358934267981,0.0179779208166537,40.1795592029842,3.21873619874628e-06,5319.56142862053,5616.36352974728
1.21413575854115e-05,1.09599858146623,0.113804826074932,64.9438021827267,1.20001500344288e-06,3275.2709674057,3458.01296934129
2.11754407167518e-05,1.45408930581474,0.00354505590065737,47.456916548917,6.63614312056945e-06,4495.07062159422,4745.8706965824
1.6892887757035e-05,1.51781861027935,0.0382694684522187,81.5214094223987,5.9923965091392e-06,2605.10598361703,2750.45648665575
1.72072744085658e-05,1.71590630859648,0.102168342075383,43.2504583631648,7.99596841258537e-06,4937.40444211547,5212.88429739978
1.72429992393292e-05,1.48322104772701,0.00659341310861386,52.0422871675636,5.65481214641648e-06,4095.14811044267,4323.63472158794
1.58416199322995e-05,1.57609575872254,0.0739602233509149,21.6307049263556,6.25279772048462e-06,9990.48944405852,10547.9034899473
2.2431358648832e-05,1.09298788893856,0.064032492338616,38.7042212011071,2.03889742008456e-06,5525.01072666539,5833.27576212478
1.60280048056673e-05,1.46495468548332,0.0275492345258459,13.5839827883737,5.23107632270878e-06,16139.5438324434,17040.0410980495
2.19372242070604e-05,1.29525236893369,0.000996131232672772,35.3808978370588,5.0054594954051e-06,6051.48234199103,6389.1215812657
2.05742126827184e-05,1.68048768479968,0.0511298063672509,68.3697277002981,8.77994376031813e-06,3109.93582391323,3283.45303943792
1.71123857914656e-05,1.0975833962151,0.103183177133581,28.1229696279629,1.69643351888564e-06,7641.81903140077,8068.19026056773
1.32343444927968e-05,1.31936318128032,0.0385585298323274,60.1709328481597,3.33191592124796e-06,3537.26025159794,3734.61980632699
1.72139563620938e-05,1.47204208484034,0.0471464020526303,38.1643306855083,5.79304687584022e-06,5604.21693376068,5916.90123742546
1.76987278053174e-05,1.64777743224769,0.0251994589456118,30.3216883896032,7.1374912097931e-06,7078.28669018648,7473.21593204498
1.69037010268047e-05,1.49939046870224,0.0584977168332682,45.7059519214468,5.97968036578169e-06,4669.1923736027,4929.70747915147
1.26897929564081e-05,1.75082120052599,0.0376851867878438,43.1814538605986,5.65491748769512e-06,4945.38763504447,5221.31290833303
2.31378063633023e-05,1.259651082608,0.173114577117809,24.9143449884769,5.76771833055713e-06,8646.4001044772,9128.82140041039
2.05556377548985e-05,1.11189894042148,0.0964358368649949,21.8449329722995,2.28940501348185e-06,9890.18318834665,10442.0007000378
1.66689823649107e-05,1.29709035295012,0.0649929288401207,35.4633146299043,4.08323755046412e-06,6037.21562091609,6374.05885607501
2.17456661934396e-05,1.70200824222192,0.0862279287214326,26.1397162421903,9.81532427178319e-06,8233.06461738371,8692.42407961393
2.08719242590545e-05,1.72120343057946,0.0755764603692686,32.1224925693654,9.46034411050967e-06,6675.13069801753,7047.56606567922
1.78691844430268e-05,1.08120295437467,0.0124739452395166,57.9037816813645,1.35897951454006e-06,3676.97058728806,3882.12520590318
1.49662279616101e-05,1.72197648458245,0.0742222943115144,15.5884880968571,6.77788533227756e-06,13993.7141008911,14774.4859377131
1.7947019421394e-05,1.34720602735923,0.127868155724052,27.9123999062567,5.3033971692678e-06,7700.53302047625,8130.18016544134
1.9177249651568e-05,1.36818376921304,0.0378988659341413,27.1402026652578,5.36385528628685e-06,7923.79361701212,8365.89746823765
1.92787758444892e-05,1.5120754437287,0.0189172873474659,16.2157698863907,6.65465783505423e-06,13434.7816338508,14184.3681308977
1.6692909065173e-05,1.27214830252342,0.0282945769821012,59.5091452319301,3.67500370526142e-06,3576.9325166718,3776.50556433413
2.09959523120932e-05,1.14482272407693,0.0216126040577404,25.8143107233802,2.71465006193266e-06,8338.92478856521,8804.19066275324
1.48638617783943e-05,1.59560964642362,0.0119720565744684,37.5268315515604,5.61553239175486e-06,5700.7176016376,6018.78610875042
1.57810833439501e-05,1.14940628222491,0.0562598144009974,11.0391392453913,2.17356353243241e-06,20041.982717776,21160.2144857893
1.68800424740491e-05,1.26819722613479,0.0189930959806371,36.4895735560192,3.63882735156598e-06,5865.0392186887,6192.27596304358
2.35807561490033e-05,1.68219370475376,0.00329753527504394,51.5996773681409,9.59430700524258e-06,4130.62128693731,4361.08710510153
2.27447561705159e-05,1.12607247482637,0.0226998056606117,53.5862869624875,2.60553614352252e-06,3976.03472490073,4197.87546804061
1.61264789457684e-05,1.87837391094349,0.0824199690656294,56.8759240703476,8.21835746803906e-06,3744.01336623605,3952.90860105123
1.24922142783087e-05,1.04679470650766,0.0185445550452129,19.5512641124198,5.68981983627699e-07,11081.4252889445,11699.7075201717
1.32852098573931e-05,1.44475752116578,0.193304294287139,17.1578782073716,5.06966580365113e-06,12674.4893651049,13381.6557593179
1.95226229767716e-05,1.31561296725579,0.0170283977188653,45.1168638467397,4.76447692053388e-06,4730.84606415651,4994.80110458415
2.37848559875535e-05,1.1832963837755,0.120498843621954,36.3206197259964,4.18902041703165e-06,5892.70622228413,6221.48663239213
2.15936713670595e-05,1.51562091905091,0.0239712572405127,39.3297963414923,7.52651842987517e-06,5435.98902740867,5739.28714449709
1.37705902104378e-05,1.69210714732462,0.0427048033994389,42.4416297894147,5.88363587998035e-06,5032.62936692221,5313.42224624836
2.17235862241276e-05,1.20695106295457,0.0451664775781976,27.3105602596912,3.90096364916769e-06,7873.43314364645,8312.72715904072
2.13142214946477e-05,1.76891941863185,0.0726225816891799,33.1865735755484,9.99022837487068e-06,6457.79355007464,6818.10270714023
1.70821317722378e-05,1.29965234314768,0.0783818029686543,33.6342856845816,4.27339761251781e-06,6370.52218401505,6725.96208161964
1.6245887720271e-05,1.1877068174981,0.022355144104354,54.8154919215007,2.62618841541398e-06,3886.0485953312,4102.86861022367
2.34626684563681e-05,1.71869445152179,0.0907728081700932,15.27964637484,1.07904344457026e-05,14286.3536974615,15083.4532049572
1.6929400227746e-05,1.35187678664941,0.0106455697507689,6.5733631417404,4.45385140452509e-06,34831.6856200515,36775.1009967771
2.01506197877135e-05,1.21442272806805,0.0152364248910372,21.2857270968311,3.61283769439064e-06,10156.3636844026,10723.0325953244
1.82044318445753e-05,1.14024151367999,0.00500370253214207,77.8413303852499,2.25023284414955e-06,2729.0663153946,2881.33311922647
2.20321251316359e-05,1.50935379223754,0.0141079066504115,42.1540608984201,7.54129183852081e-06,5067.37666743228,5350.10825391282
2.23600130849099e-05,1.2435155827107,0.0689325857499451,51.1081195787274,4.70279308142458e-06,4170.74470138488,4403.44918412178
1.44843050169563e-05,1.23190699521951,0.0622961635848522,43.8474918731632,2.90777704976587e-06,4869.39452865014,5141.07980697828
1.32759454492712e-05,1.36198169856246,0.00060818079301554,57.6504587314917,3.5305246038538e-06,3693.26981709177,3899.33384256634
2.03267872376768e-05,1.2715952036944,0.0184129979764605,34.3565768758866,4.42286952497608e-06,6234.59442814837,6582.45030889668
1.84585932686208e-05,1.28794626231331,0.0590700939644487,16.4368127335304,4.38577544025945e-06,13248.3185960725,13987.5014870821
1.57480261407802e-05,1.44745004174967,0.0537872408714333,27.2410995506299,5.14482896680235e-06,7893.88935513432,8334.32471397056
1.24671336169029e-05,1.3284358777253,0.0311121410695988,50.9804449147665,3.18124754016428e-06,4181.29399846726,4414.58707362506
1.99968959323419e-05,1.3828422921362,0.0122256914967686,14.8164859648548,5.60458283863983e-06,14748.9096085283,15571.8171771086
1.59285162939839e-05,1.40356129615154,0.00718948283357424,23.5996782019455,4.61296434071619e-06,9138.64035096587,9648.52592969331
2.03797768604374e-05,1.28688953584855,0.103952071335673,48.5509159058346,5.07027470430947e-06,4392.721616118,4637.81118277176
2.04065719657335e-05,1.17528110932065,0.0326609812899161,20.3590344392224,3.1461215613985e-06,10630.4913951374,11223.6140095527
1.88995940432176e-05,1.35687369742506,0.0749247112804879,35.411833876982,5.37330447895689e-06,6046.11927470648,6383.45928449394
1.44547092682561e-05,1.14870950942538,0.00385077342300012,57.0798543231864,1.87848261579384e-06,3730.51814920866,3938.66042556616
1.33216369881062e-05,1.03568456268098,0.0603344871905376,46.981081795601,4.88462257568403e-07,4541.09095703494,4794.4587121668
1.5195823473433e-05,1.57556397498578,0.00584239764130576,50.8800522845543,5.58367217248817e-06,4189.62663445442,4423.38462460609
1.49272343965732e-05,1.3763094663782,0.0273876158471099,75.2238140755402,4.19625515078714e-06,2824.66616255282,2982.26690901975
2.21854367097169e-05,1.81191976519845,0.00928787342764456,24.8126331261797,1.00342493330841e-05,8682.58248715067,9167.02255988442
2.14016140781622e-05,1.41020140359417,0.0173568121362083,30.2897980368701,6.33515395394107e-06,7085.86550762712,7481.21760557453
2.34247803581413e-05,1.18176555075627,0.0497726411134181,14.0060381707293,3.79155583215647e-06,15634.7242032124,16507.0553260535
1.5508801636803e-05,1.12041516582386,0.110576862654234,43.820489939716,1.8739774198192e-06,4872.42992229722,5144.28455879977
2.1363099492766e-05,1.58323719098269,0.0132372346844595,21.0841108124799,7.97519457437062e-06,10255.8817202312,10828.1031870414
1.37270246841665e-05,1.13421828398954,0.147871478076423,35.2348642959723,1.90624716556098e-06,6076.92770520379,6415.98665498784
2.07796205006987e-05,1.16779240996237,0.0297501615906959,20.4541082163027,3.07716903962756e-06,10579.8198613404,11170.1152844731
1.64233712769393e-05,1.22830347018452,0.0314272554667569,37.9472801657693,3.15158839571762e-06,5636.70373415599,5951.20062157333
2.1993458767293e-05,1.37375756124054,0.00122795172119539,46.9543288088022,5.99097465593881e-06,4543.70636724807,4797.22004780198
2.34008547307122e-05,1.24623382987813,0.0145777737801241,38.419029832939,4.6918833600605e-06,5566.5694714592,5877.15325498466
1.65788306319555e-05,1.48733254284753,0.127331429931646,25.7277447849392,6.22462579383238e-06,8367.5462778874,8834.40907285211
2.14229496096354e-05,1.20904351725475,0.101320838413755,9.31500184334012,4.12153328493752e-06,23969.7594637327,25307.1394466129
1.98568005240737e-05,1.11154428484099,0.0456232285864708,19.5085780180518,2.08785765725835e-06,11106.3214615976,11725.992761539
1.71702414602106e-05,1.54110086625661,0.0439348805735458,49.9603592909321,6.3056254145998e-06,4267.53610423455,4505.64101182268
1.85776153219314e-05,1.43990742906891,0.00292311378463994,39.5492444111464,5.69219724290767e-06,5405.43663033217,5707.03009267256
2.19553365197489e-05,1.36657741379494,0.165880307957706,27.6783795989145,7.06042993008123e-06,7766.85360770653,8200.20107456883
2.25959063468194e-05,1.47033619190667,0.0290870603054579,66.7517742062964,7.44442268995852e-06,3185.88730407262,3363.64219204408
2.03749694764623e-05,1.53325636653979,0.0247992965840765,78.6937379221313,7.26632936420846e-06,2699.31533380267,2849.9221974373
1.27852400487196e-05,1.48247010092112,0.00146020503029355,55.6338328566569,4.16698947931274e-06,3828.365533088,4041.96715219673
2.28188724885397e-05,1.12420965370668,0.0772927425923241,35.3147868162969,2.73229411082375e-06,6062.97529313226,6401.25577550425
1.86987014614306e-05,1.7453608426634,0.004571735728096,36.087957021499,8.02185212183895e-06,5931.23590658152,6262.16605993597
2.27986044548275e-05,1.49178484892966,0.0561059884648242,73.4305752172426,7.96238715670908e-06,2894.12205160787,3055.59805247007
1.45554617340714e-05,1.26873804795251,0.00492649177487181,58.3709148138897,3.09828707989231e-06,3647.28865434457,3850.78718529507
1.44774009589953e-05,1.72679629680462,0.0416424338929452,7.81245218053991,6.35810862410208e-06,28909.1178145732,30522.0866700359
2.3712777806187e-05,1.2172662652517,0.0498788334179731,33.8130483877976,4.4545025397845e-06,6336.33187881228,6689.86414651946
1.81803278568881e-05,1.32771075206395,0.0242033207021027,54.0411826771307,4.59855571281183e-06,3942.2516317779,4162.20746520183
1.95687823803015e-05,1.68267605982834,0.087122551886967,53.6891938960738,8.696726504129e-06,3968.34170234476,4189.75321738206
2.25445307173775e-05,1.1335161425064,0.00989620306642094,31.7033485728581,2.68198682392695e-06,6764.81071456417,7142.24973105994
1.32363671601405e-05,1.32320161896404,0.010692315654451,28.2455739291146,3.26797782217494e-06,7608.04343762128,8032.53017549416
1.47026135049239e-05,1.64743569538633,0.0707188053530766,35.9942322227896,6.2176816735169e-06,5946.89978435567,6278.70389544095
1.82837570212707e-05,1.72996408151881,0.0191603257904411,11.2666741049048,7.86545153498939e-06,19617.8137521016,20712.3792382354
2.1525990863434e-05,1.51118695921029,0.0763339638196469,55.7244385664936,7.88314185879494e-06,3822.08406139216,4035.33520912792
1.66587131068641e-05,1.42962187066173,0.00564781981713274,45.7934357825905,5.03453227641216e-06,4660.17313748584,4920.18501955163
1.53601871477449e-05,1.58698592660496,0.0134860389117369,34.402243438471,5.75892057096571e-06,6226.19516636828,6573.58241477205
1.80623369025104e-05,1.40038914143698,0.0187837133892521,37.8865440606613,5.26301622180297e-06,5645.86190096333,5960.86976342764
1.21017285229443e-05,1.77822789232774,0.0254806074674068,15.6471119689516,5.43464073206847e-06,13939.5147681416,14717.2625820144
1.96703239294365e-05,1.59938390621462,0.0177810396554167,20.7466479502828,7.50493263917995e-06,10426.8915366457,11008.6544052248
1.88718756650481e-05,1.31817942110467,0.0504529288393658,52.6970021970967,4.79719515058446e-06,4043.77887560165,4269.39936760559
2.26131610946478e-05,1.84197901035023,0.055999087192413,83.1808341913798,1.09495120334416e-05,2552.81957514457,2695.25278582692
2.32864129721727e-05,1.65408116200742,0.0290604862732847,31.6158863169667,9.48363227845366e-06,6783.82888844284,7162.32901383688
1.78499876177888e-05,1.18664183723758,0.0371380217719203,15.4229841815336,2.91578251183879e-06,14149.0275373772,14938.4650047969
1.76115431713304e-05,1.33249137767666,0.00184445599028494,78.4226050573324,4.40258252447147e-06,2708.70789906044,2859.83881587893
1.21832639946397e-05,1.36327689173591,0.00224262876467678,35.2567148476615,3.25377187082823e-06,6073.10678737275,6411.95255107826
2.16060719515728e-05,1.40184743677051,0.055555386192642,27.0728891330685,6.55767171691103e-06,7943.87063264691,8387.09467028343
1.94148462267341e-05,1.24740661368574,0.108141781893497,43.4566202441921,4.31749375353743e-06,4913.70619185614,5187.86381586926
2.01161527297385e-05,1.2186238363657,0.0213997733874312,31.0109603239208,3.68772470078481e-06,6918.35242081479,7304.35821516194
1.43351805046052e-05,1.02745678174303,0.0163770634997907,26.9401507629869,3.89452280447822e-07,7983.76099827561,8429.21069764988
2.33774885249119e-05,1.55033279043647,0.0236874691764421,27.5207917720102,8.49960920540019e-06,7812.16094957559,8248.03631548439
2.19605696517527e-05,1.36240054720602,0.0213722020523496,73.8598167674073,5.96898224068132e-06,2877.18749429202,3037.71864053408
1.61133178997459e-05,1.4899006912452,0.0580351913027314,38.026045416032,5.62462338883646e-06,5624.87117987088,5938.70787621407
1.47736767318081e-05,1.91901433890367,0.0636531581633,40.3704072972405,7.55594580271909e-06,5294.09549199312,5589.47673472776
2.18273198698461e-05,1.17637265857377,0.11467324335825,16.9791124719002,3.69634285304495e-06,12812.0664725782,13526.9089083433
1.45693595933374e-05,1.49508431454092,0.00908404272864517,74.793854421136,4.86867425033789e-06,2841.01380077741,2999.5266550259
1.50890178962806e-05,1.70020278479867,0.04458807671723,22.4718205032469,6.50408841899507e-06,9607.90319147165,10143.9710408452
1.27582173735956e-05,1.55406292793153,0.00861451036766629,25.7856497450288,4.58809419149148e-06,8348.37932236853,8814.17270724248
1.53094902298478e-05,1.71830316400793,0.0376272205963807,23.6360205220232,6.64994980749675e-06,9124.28079737349,9633.36519244422
1.35930163193671e-05,1.08042961473439,0.0031385295791964,18.0482214380035,1.01506679648541e-06,12031.0668258636,12702.3338016524
2.0685740731216e-05,1.23238117143896,0.0679030800946534,67.0105877528336,4.18462086444112e-06,3173.48954987606,3350.55271174488
1.23783062414154e-05,1.6331985058524,0.00535922812405345,29.4156798199344,4.82492376266321e-06,7300.11262235445,7707.41852413789
1.75119553551329e-05,1.26103781894213,0.017082378812538,30.7448262114739,3.68795043850865e-06,6979.2403112092,7368.64331302255
1.90063596584955e-05,1.34850157889736,0.0423944698262154,72.1288916459742,5.12928546799187e-06,2946.71748235866,3111.12801731093
2.16278928587297e-05,1.11847037239165,0.0417924132375058,25.7093025157909,2.39072721612962e-06,8373.66929580436,8840.87372129771
2.35613813285781e-05,1.97063174806962,0.0757377416553006,23.5272763592315,1.25557606543314e-05,9167.38287861383,9678.87213138697
1.58952304851003e-05,1.11517337503358,0.011358847651339,28.3460024555264,1.66046932396891e-06,7580.59859462546,8003.55406207774
1.23559574979935e-05,1.04491666393428,0.054458744766263,19.3479522238516,5.61715065919292e-07,11201.015867447,11825.9705914071
1.50393225031486e-05,1.08257954958863,0.0361875834162309,21.8861888014734,1.19025948246277e-06,9871.09719726406,10421.8498162321
1.76403810548605e-05,1.22096749479529,0.0112852925895451,24.9719501678246,3.22889180109178e-06,8626.04143861401,9107.32683361149
1.31747339124335e-05,1.41293926781587,0.049632591438175,34.4294357007534,4.05141651629738e-06,6221.20454821514,6568.31334773292
1.79056256668763e-05,1.14677141535759,0.0180908079257362,45.4770245908706,2.33386032171319e-06,4692.95992142321,4954.80112466376
1.82415473827338e-05,1.40585918154452,0.0259303418118336,50.0747810959934,5.40626112194075e-06,4257.68568583434,4495.24099456599
2.29504648780134e-05,1.11334028404331,0.0202021171785887,47.9545280158017,2.38452110115444e-06,4447.93149302732,4696.10146540428
1.67799705777448e-05,1.93068686085582,0.0205264330928571,69.974285740171,8.25814874625395e-06,3038.10713477333,3207.6167067838
1.37945822866336e-05,1.11240114140279,0.228489680319324,20.534182396661,1.80662540381025e-06,10537.5160094859,11125.4511117004
2.00606765775606e-05,1.16828399467935,0.021869222217426,42.3168555097103,2.95416060050769e-06,5047.64729332491,5329.27808986861
1.2939729619897e-05,1.53527814733991,0.00676517155058514,34.4671966561352,4.54213496964718e-06,6214.28750440852,6561.01037114538
2.04165905526951e-05,1.80932204792359,0.029679718782029,39.9393438896556,9.41161912930203e-06,5351.96502517306,5650.57506773819
1.23376754022343e-05,1.33356965947906,0.0168402820850114,35.2028255830817,3.13887937315486e-06,6082.53888747026,6421.91091018501
2.16658686149111e-05,1.17317920283021,0.0264882529405785,37.573030659299,3.28516044808188e-06,5693.61270594361,6011.28479917935
1.59033086817982e-05,1.09132944921976,0.0860125697316577,19.7558796752487,1.45611143667474e-06,10963.6193314748,11575.3286419507
1.53365473137321e-05,1.21772389254587,0.0995767402347772,31.5063818865506,3.04530372014015e-06,6807.79130702389,7187.62840282016
2.02977113719527e-05,1.27904880132732,0.107870751811386,29.8964482216479,4.96366198712085e-06,7180.69866622145,7581.34192982321
1.45955368441986e-05,1.65196169810667,0.00898064983234853,34.7286656951499,5.81237503912862e-06,6166.810460682,6510.884371011
1.99035652089324e-05,1.09980131354095,0.0461243053150464,17.9336370807459,1.89344203569502e-06,12110.1854909604,12785.8668505953
1.74166168599296e-05,1.16132771181092,0.0121124128024705,79.9051454958434,2.44907894464469e-06,2658.13339120792,2806.4425302548
2.0930073372745e-05,1.21996586938139,0.00438922322785337,35.8762426155701,3.79035286733876e-06,5966.73698559547,6299.64790277509
2.00419814241724e-05,1.10198557205657,0.0221562798032336,69.1722181092947,1.8968155969247e-06,3073.59241661126,3245.08187105187
2.36895758215114e-05,1.35558744668341,0.0112559077279154,35.5499127071329,6.28466059560914e-06,6022.29740136792,6358.30828240021
1.23340942976167e-05,1.12331774582179,0.000570122958858429,61.1135881706419,1.35479172674279e-06,3482.24668521792,3676.53678726536
1.31439209923502e-05,1.6793728570117,0.0420517870377862,28.0383805365555,5.5505741087237e-06,7665.29740603918,8092.978598634
1.71461140300194e-05,1.08562870547397,0.0358686569500272,31.2067000806549,1.40268392550195e-06,6874.24358442898,7257.78834970574
1.71497527199155e-05,1.10679714913163,0.00435720716611152,70.8927266325424,1.6620284491608e-06,2998.46644413668,3165.76428489281
1.98656537119718e-05,1.06924522079494,0.0501374645607492,19.7868781549011,1.35439541536541e-06,10945.9903502063,11556.7160610468
2.37969136101929e-05,1.23360801991298,0.0732015725045467,21.7586801423899,4.8622198513784e-06,9930.32539821587,10484.3826231603
1.25562096870588e-05,1.33830380190576,0.0136562781647045,23.6748113481568,3.21793223877116e-06,9109.00350530681,9617.23551199069
1.63383303527646e-05,1.11928449920358,0.0228157983954993,79.0409991079444,1.78183497750331e-06,2687.38025738917,2837.32120978202
1.76859683530061e-05,1.77190113143119,0.0186335583437392,26.7742559717573,7.85076433647567e-06,8034.18233938778,8482.44527067685
2.01368779075854e-05,1.38557539449835,0.0137942401734072,45.4746936704982,5.68191653384699e-06,4693.20316524529,4955.05794014554
1.25455878594127e-05,1.25309166107478,0.0801530688447319,12.8994894173764,2.7546372823348e-06,17031.44258983,17981.7028723195
1.84750191960856e-05,1.30733996389158,0.00749011385739017,55.0031540742833,4.37595107462879e-06,3872.6676223783,4088.74105300046
2.05651087752851e-05,1.80560416038262,0.0229744195749066,9.79340112401641,9.39106816514269e-06,22733.4086677204,24001.8071153913
2.20588623349126e-05,1.6682463806223,0.182255117036715,50.159946677133,1.08051036719956e-05,4250.38336627793,4487.53124597308
2.25659747090293e-05,1.53397524689348,0.031753436063374,52.91141450418,8.11261132042162e-06,4027.23498573522,4251.9324202016
1.9247919498981e-05,1.15976070057258,0.0347008229659866,40.2162680283847,2.74672210879431e-06,5314.64416175365,5611.17190659041
2.15545136852888e-05,1.39790326675775,0.0181919583429922,25.3571093696621,6.24888373152157e-06,8492.34516899316,8966.17105172281
1.75461085633971e-05,1.62316516772543,0.0102283659001978,32.2999050259376,6.80578985829961e-06,6637.88382240818,7008.24102045202
1.99204706785558e-05,1.22946947750133,0.0403354377614282,26.0996790191133,3.874166018765e-06,8245.94418663568,8706.02225758335
2.24725693879221e-05,1.82177151747553,0.0318695796785154,49.5915016782034,1.04704611498535e-05,4299.60319475415,4539.4972686055
1.24875609293981e-05,1.38223669075896,0.0247244979478617,41.3076573990941,3.54074507965389e-06,5172.49101294579,5461.0873984376
2.34166550051216e-05,1.13947232504076,0.0657031721964812,37.1349551981933,3.06770266510723e-06,5761.70450032959,6083.17573902393
2.39967778641712e-05,1.49164401834394,0.00652548354554676,66.1308587070074,7.96106657721536e-06,3216.02926819055,3395.46591102139
1.34875922101066e-05,1.17038988448661,0.162014230247636,61.4623985873937,2.34317025310326e-06,3462.32131198555,3655.49968842921
2.00052329742489e-05,1.58282319689845,0.159046074461719,12.0118968237643,8.7592068604497e-06,18346.1991897432,19369.8156175767
1.22842238339782e-05,1.84104443498603,0.0194658554760981,51.1765831719343,5.72313750568639e-06,4165.10969812986,4397.49977885666
1.468200334334e-05,1.69630461416553,0.00983093668817742,29.0644366071086,6.08646220799174e-06,7389.89684479667,7802.21220952671
1.59479323518611e-05,1.07461351148653,0.0013932577326803,36.7523751547204,1.10883810614037e-06,5822.51682385197,6147.38105379906
1.60904324411703e-05,1.46523865285616,0.0104893892391338,23.207705698069,5.16306504789264e-06,9296.43895282977,9815.12882063564
1.98323316254597e-05,1.16270937385539,0.0210061150394159,67.8437108116974,2.83482576861719e-06,3134.22819853886,3309.10079418783
1.74417368267169e-05,1.13020453948513,0.0209843163466204,36.8196170006215,2.0523971438032e-06,5811.73570031033,6135.9984032025
1.69681614449294e-05,1.14797016891206,0.0747377915616348,34.6711059915475,2.36377145189794e-06,6177.1996595184,6521.85322967181
1.54232852682453e-05,1.50614364514879,0.132883280515662,51.3789183525713,5.9772112257369e-06,4148.54482971157,4380.01068241367
2.18834970744392e-05,1.11781051461293,0.061802835357072,40.6711411559746,2.45826258818746e-06,5254.45811169743,5547.62780787645
1.3823511658961e-05,1.7569180544134,0.0814485958212751,43.8993960955365,6.48343992260052e-06,4863.57038049984,5134.93070357905
1.33511127741672e-05,1.3078023089071,0.0130507997727111,36.251808322627,3.1838056225536e-06,5904.04937411182,6233.4626693441
1.81193734279778e-05,1.32948637931461,0.0621768298812303,12.613434149642,4.78814465143886e-06,17434.0874280098,18406.8130651311
1.67256111929342e-05,1.05389696666805,0.0272308665512459,20.826821324024,8.79287514734846e-07,10385.7489935492,10965.2163358146
1.72540699391468e-05,1.19224023202352,0.0415712500880868,47.6089557139278,2.90271473373188e-06,4480.56216608795,4730.55274951632
2.31482493516281e-05,1.67051567045241,0.00645296374687016,43.3880384221748,9.35142840116209e-06,4921.56436030903,5196.16042665224
1.69380263290443e-05,1.36488648306959,0.0453484118389829,51.6481261109152,4.74319897680624e-06,4126.70841314165,4356.95591459319
1.54559454633035e-05,1.55386426418686,0.0810363385435976,68.1264089935163,5.99487276989864e-06,3121.12572888625,3295.26727920846
2.01274641120834e-05,1.44954989335685,0.153304643409582,40.3618570243219,7.37217625878122e-06,5295.23118187432,5590.67578982195
1.60169218010763e-05,1.61996282299037,0.00903339402201548,37.6121696803715,6.18548262177615e-06,5687.60741435519,6004.94444554018
2.12440251531657e-05,1.14341385966738,0.0364332812506605,82.5543100024505,2.76524151008547e-06,2572.3120631671,2715.83284685314
1.49124875956625e-05,1.20166565123922,0.0983577838809413,91.3185522223819,2.77559968233323e-06,2324.07152953487,2453.74186465377
1.2007762255772e-05,1.20333274816194,0.00684881574575144,29.8554944338489,2.0429750030271e-06,7190.7183802839,7591.92068850359
1.95469843958924e-05,1.02150975676632,0.0266326117883784,24.6976223893238,4.22850872588591e-07,8723.86232325436,9210.60558249214
1.42193851181818e-05,1.24315099065844,0.118967566645058,98.300211035929,3.15670420816002e-06,2158.16014847659,2278.57354631604
1.31043564532762e-05,1.677275623649,0.00392691786877859,21.7033441441673,5.31226561952421e-06,9956.25093182752,10511.7546581334
2.23985842700461e-05,1.04698674274272,0.013760916321572,36.8515732251386,1.01920758234453e-06,5806.62602985151,6130.6036413976
1.38564295429224e-05,1.55902166748724,0.0383450617616687,46.3243211895418,5.16656877475195e-06,4606.17963915629,4863.17898269491
1.67053520283792e-05,1.31135791141534,0.000412812968767527,45.2428587318505,3.96795147734099e-06,4717.52299731728,4980.73468431543
1.99919321617316e-05,1.07567403460416,0.0372931983283817,44.4579082424158,1.4608912577086e-06,4801.77037630453,5069.68260101305
2.35098261489468e-05,1.10322055117667,0.0493664253963191,40.9219873771927,2.31381859502038e-06,5221.84725069742,5513.19744122841
2.06267749412209e-05,1.36421394349606,0.0111673972584751,39.9732069982262,5.56895297564147e-06,5347.37321273242,5645.72705756422
1.42858552073557e-05,1.52608909448093,0.029480545282342,41.6577052484401,5.07428609462821e-06,5128.49443365247,5414.63605339867
1.97450837859269e-05,1.19743131879416,0.00318516966633479,38.6042771627993,3.26588822301047e-06,5539.5039860155,5848.57766517324
1.27788357018102e-05,1.61855399060148,0.012860205916107,13.7205703833207,4.94717643675083e-06,15972.6389927135,16863.8238915419
1.8720876517226e-05,1.34535228633782,0.013448147838792,26.6705219410033,4.87106928111449e-06,8066.03575798006,8516.07593382079
1.83998917118059e-05,1.50985100914167,0.00247414180477903,29.5156861902972,6.22862634102667e-06,7274.94683536357,7680.84862544426
1.20890270045456e-05,1.42476201320837,0.119672784693068,14.5327662415285,4.09396718075631e-06,15047.3587458328,15886.9181253227
2.28504315713653e-05,1.46301021659358,0.0350624499191391,49.3324652877937,7.49424716878243e-06,4322.41243282667,4563.57913598701
1.97878672422403e-05,1.5771003825959,0.0268319701526807,38.2084823221019,7.44036533037879e-06,5597.65436886909,5909.97251771552
1.65425072660688e-05,1.24767783734354,0.036961011120272,22.9036766112767,3.40984496623406e-06,9422.63790349099,9948.36897464019
1.48406330284523e-05,1.22705035805396,0.0473950694831689,27.7962037515256,2.88265439555889e-06,7733.32044097628,8164.79694263281
1.50976029430227e-05,1.27061249427062,0.0158905325751509,11.4942663078618,3.26732718286192e-06,19211.1386617233,20283.0139274471
2.17869985289108e-05,1.44876088295098,0.0337102986556663,50.3326904540639,6.98390684231748e-06,4235.64852794083,4471.9742851665
1.2069851845175e-05,1.28042519856866,0.140680028685829,17.9633863658353,3.0761218811454e-06,12089.5442161301,12764.0739068123
2.39773823160119e-05,1.26651440654484,0.0712391971247832,22.5193173999476,5.43246644910068e-06,9587.17127300958,10122.0823960172
1.76398938698089e-05,1.12285531810999,0.08745905283462,74.3319598429907,2.11497522433106e-06,2858.78779553953,3018.2923403741
2.30184751300933e-05,1.02951760994859,0.0103245109355486,18.9148463840462,6.66839083209406e-07,11464.5849297502,12104.2453493833
1.96215022971611e-05,1.12554531986184,0.0449034911464116,15.9935142819523,2.29146680420927e-06,13627.6375477756,14387.9843379851
2.31657621335294e-05,1.13741215010544,0.0235465219254891,40.0199460543227,2.86610419276729e-06,5341.04835956317,5639.04931257576
2.23321783940764e-05,1.10622976097101,0.0476847581112907,61.7227520358957,2.25185792376732e-06,3447.59692551271,3639.9537626431
1.65273444906045e-05,1.71516811851128,0.0329513538751518,41.8712599262265,7.12604697402444e-06,5102.01902802621,5386.68346659431
1.86028929634597e-05,1.01731910150464,0.0647111138776922,27.3513685375581,3.38605666620575e-07,7861.46445764349,8300.09068656682
1.7792764654275e-05,1.38743675248217,0.00493948484913703,50.4458885160013,4.99314048280883e-06,4226.04815267871,4461.83826207182
2.30016330590649e-05,1.31672839957873,0.027465611591143,45.2292999648241,5.68897685397918e-06,4718.95313645573,4982.2446173066
1.66187936942596e-05,1.34573876895579,0.00204625883424805,37.7228989962489,4.2782796009182e-06,5670.68609052982,5987.07900545024
1.69593547874149e-05,1.15510699431914,0.00210929206249648,46.2705644977356,2.28206561964256e-06,4611.58994307601,4868.89115164479
1.74263293068856e-05,1.6248789841956,0.00486599470102487,30.0794497788958,6.73428709974674e-06,7136.26477018499,7534.428868186
1.33678120077476e-05,1.38381181494906,0.0197262007298889,26.4459095313381,3.78223304157624e-06,8135.88023534791,8589.81734666218
1.81484641389605e-05,1.130676831384,0.069743388937099,50.235179766165,2.25469950150151e-06,4243.9534904404,4480.74261863241
2.22385914938031e-05,1.56639846144459,0.0987908884334437,27.9495537040774,8.92257853050294e-06,7690.10780936032,8119.17328521501
1.30557034587767e-05,1.27568021146551,0.054236428501312,40.6263768605565,2.98315212179179e-06,5260.32050107873,5553.81728615583
1.42945913801501e-05,1.34118063352168,0.037751875419118,30.3808440880027,3.77898574342816e-06,7064.27104696989,7458.41829346822
1.5630307504599e-05,1.44204106518026,0.138567609184629,35.6099187160203,5.56189831546274e-06,6012.00336041988,6347.43989091153
2.03929852965251e-05,1.50291013211032,0.053321705559203,42.599647831879,7.20819003601837e-06,5013.73797007145,5293.47681395618
1.56563359888941e-05,1.30671877296411,0.20540826080144,21.5951990317233,4.62482430268456e-06,10007.3110000247,10565.6635956834
2.37689849237697e-05,1.38004858961881,0.105903432847549,29.9474558429106,7.32080827928649e-06,7168.25817439573,7568.20732737155
1.29979694186607e-05,1.16695627505323,0.242840881906396,37.8006212639219,2.45600201957238e-06,5658.86882304264,5974.60239980768
2.20033891018527e-05,1.2407526188684,0.156138158557372,7.37501358104643,5.05932197537773e-06,30754.8471161381,32470.7974564782
1.78161600978915e-05,1.38327896018334,0.0346487162731086,34.0018045896163,5.11358926928375e-06,6300.6263371448,6652.16643314178
1.61653098725919e-05,1.11623102993571,0.0260220620361276,19.0795519615595,1.72820668751398e-06,11362.9033914915,11996.8905437688
1.55289074262511e-05,1.25572073181126,0.0851700105952713,34.1997941695094,3.45673327621384e-06,6263.60409296047,6613.0785525305
2.1574139201506e-05,1.17869073674906,0.0313560946896609,16.7815821454968,3.37646129378197e-06,12967.6013917248,13691.1218155948
2.3975347124557e-05,1.53472194861004,0.0331309855305874,49.7263068570007,8.63942164940271e-06,4287.82801333225,4527.06509719785
1.50027159877773e-05,1.48120809871316,0.0109651674369126,101.429009371017,4.92797549673641e-06,2091.25609217784,2207.93661377366
1.28766394416522e-05,1.07184465271561,0.0374368039538479,84.4266392991296,8.96664678543064e-07,2514.92467655416,2655.24356152103
1.39232821267163e-05,1.73527077478631,0.0472162639217639,23.346076608404,6.19185617733068e-06,9240.1155444258,9755.66287761087
2.27538386060782e-05,1.1317908490987,0.253567570791115,25.5443297129279,3.54951887282849e-06,8428.84320990447,8899.12603459521
1.5591928446346e-05,1.33700247111741,0.0244516439859256,14.2910097512615,4.02851441563191e-06,15311.3684627262,16165.6581239777
1.42553807427585e-05,1.40872953150046,0.0589774282673782,32.524750432034,4.39521860434979e-06,6591.27171402759,6959.02821427126
2.14885001661172e-05,1.09177579051465,0.00945282194272972,20.2131875812479,1.82354373258544e-06,10709.1740858253,11306.6867591265
1.56911641819971e-05,1.19803732386967,0.00867584066477497,28.7835731125025,2.61643103330764e-06,7463.2957276865,7879.70634405606
2.29194410318183e-05,1.38966026302964,0.142241896150864,39.0064469295755,7.49211660877076e-06,5481.64165701908,5787.48693829992
1.53880783482464e-05,1.42313981199034,0.167465737325194,49.2502044202816,5.49553637060705e-06,4329.70656243829,4571.28023768152
1.88471483717747e-05,1.94011244571017,0.0388748070131023,21.2430396259669,9.5018879705772e-06,10177.2727379374,10745.1082583823
1.67523801077111e-05,1.17690265934094,0.0271051823698552,30.5330414650455,2.58819465899698e-06,7028.46505823089,7420.61452862808
1.96530688718241e-05,1.26750347120542,0.0252586205886701,27.1590709820865,4.25512608731752e-06,7918.18412925464,8359.9750020937
2.35471296931431e-05,1.18406429058448,0.0525142870982651,46.6097571759442,3.86321321109278e-06,4577.66348793442,4833.07178797965
1.29072311185766e-05,1.22460500627262,0.0998383906967627,53.3493807287712,2.62984194148964e-06,3993.85903009939,4216.6942708694
2.32566713151438e-05,1.45477217663577,0.000923801227944649,38.9458470501301,7.27675461401748e-06,5490.28301277333,5796.61043390327
1.21156350754313e-05,1.38148799094255,0.0847550541497699,52.9585990136419,3.65541513525614e-06,4023.61242195705,4248.1077374038
1.89638971954985e-05,1.57859548970952,0.0564983509348857,13.302592240219,7.36682230613149e-06,16494.6351543793,17414.9445514659
1.81705397942355e-05,1.22314052415135,0.00742162105244562,24.8541913813342,3.3396207366188e-06,8667.76226633389,9151.37545272812
2.31139747587908e-05,1.62061450589322,0.0238873982925745,27.9951953377992,9.0678961035884e-06,7677.33952214827,8105.69259820776
1.40638351609362e-05,1.83617667009501,0.0878342202750987,30.1969841799678,7.02112303871676e-06,7108.01558953011,7504.60353951855
1.72880363246072e-05,1.13932548622455,0.0160557936079509,63.8261870160966,2.14857392817999e-06,3333.07712140748,3519.04438696601
2.08104894839879e-05,1.40274153012429,0.0246127011451113,26.2785429918961,6.12554347867764e-06,8188.7154417829,8645.60046534404
1.60541565519981e-05,1.79588178141803,0.0948454657336199,36.4513626968012,7.8600900318461e-06,5871.27367118949,6198.85826350636
1.35315844094446e-05,1.15192118489115,0.00156930044291139,46.9006704153256,1.78739446895614e-06,4548.96118025408,4802.76805030531
1.40207529052226e-05,1.51380175317049,0.0615843372845729,45.1129313964593,5.07102827886457e-06,4731.26310406938,4995.24141301719
1.24330462298747e-05,1.82294577044263,0.00775298537549304,59.6620758318834,5.65652556696912e-06,3567.6859088068,3766.74304690037
1.58252681523236e-05,1.04296923827089,0.0516604166340864,32.2517211304178,6.87489533950642e-07,6647.95861313368,7018.87792876858
1.77267571619293e-05,1.23563164261463,0.0264485023001525,55.9229741631793,3.47221818197224e-06,3808.39188777203,4020.87908796175
1.88399657206256e-05,1.04985790355643,0.00193380310079642,103.061894091606,8.9642936454101e-07,2057.96073728516,2172.78356226022
1.64744111810932e-05,1.34670803057003,0.048867574375871,37.3918848881955,4.45914651925533e-06,5721.57277966162,6040.80489034213
1.28932051149672e-05,1.2170457237523,0.0119998252257365,32.9696410931481,2.32724726632964e-06,6500.94542711348,6863.66222021158
2.1275516878604e-05,1.2835653206729,0.00427313329375729,31.5453171263492,4.7202581402518e-06,6799.25189150568,7178.61253515412
1.24285511173708e-05,1.26289804574825,0.0444285075149541,53.16559747422,2.70751381503489e-06,4007.79694163346,4231.40984076575
1.4037508404837e-05,1.47409883857384,0.0310128298531836,54.2287191669261,4.65916331223229e-06,3928.49067112942,4147.67871907164
2.01026332460772e-05,1.10138664969284,0.0442498754245865,44.0139090776809,1.93615613564014e-06,4850.77008184416,5121.41621906669
1.90231477573458e-05,1.47147405546927,0.0234288230811053,44.2834358955308,6.24130123232125e-06,4820.90658193945,5089.88650106531
1.29851516129253e-05,1.06984227974712,0.0851949986623043,21.4435535833637,9.2663978382867e-07,10079.7981257013,10642.1951019906
2.02490853028698e-05,1.20481436117416,0.0217433526762069,65.8279134402252,3.51871302779178e-06,3230.94354837218,3411.21232553478
2.19211821482219e-05,1.48853197254039,0.057399076342777,34.252734158312,7.63239138107044e-06,6253.77840929819,6602.70465007329
1.47267138122432e-05,1.1269297104085,0.0114411256567762,23.8985131351626,1.67788924126151e-06,9021.89011015541,9525.26167128111
2.34762916928362e-05,1.35342961607933,0.0856371827872606,70.951750236079,6.70450594486262e-06,2995.95428171343,3163.11195770305
1.84844156435234e-05,1.6759021158189,0.0718891587305978,17.5412323518534,8.03215567118214e-06,12389.2024389115,13080.4514007845
2.18590173042482e-05,1.20656154150605,0.134259851207633,33.6714470939038,4.32246819686962e-06,6363.38431433083,6718.4259582921
1.99546124640349e-05,1.53727763855618,0.0278835227798734,33.5651294811237,7.17401771931052e-06,6383.84825410763,6740.03167270663
2.38096524355989e-05,1.11094003153337,0.056850130748449,42.9356975649515,2.52091954790794e-06,4974.03031948886,5251.55369612468
1.44088396346401e-05,1.05812446890136,0.0672924560721758,44.6429522263418,8.48592173169982e-07,4781.63998564714,5048.42904591366
2.37260201468859e-05,1.7102922218569,0.0359512911923269,15.7150636567626,1.02207273279013e-05,13877.2148202497,14651.4866416591
1.74991289682677e-05,1.14408666243756,0.00398163998798463,39.6057140500024,2.21261734181963e-06,5397.63019221122,5698.78809848788
2.10254522346659e-05,1.46245387979855,0.0232630980020699,33.0203648322778,6.80682490007356e-06,6490.80395789902,6852.95491311522
1.5271790889672e-05,1.10470912522378,0.022074831545722,31.1493412757905,1.48017865676362e-06,6887.11068982927,7271.3733684095
2.26741425780449e-05,1.32714520487844,0.0178516324739566,26.6039178422966,5.69070167782121e-06,8086.62126247878,8537.80999559627
1.73089644214399e-05,1.33311977205148,0.0802914837776477,114.190746666893,4.7026620138621e-06,1856.51027925441,1960.09328304896
2.39538884852277e-05,1.17479620753898,0.014592722828414,32.6541864589528,3.61675547756214e-06,6564.73439639932,6931.01026111767
2.02577586977575e-05,1.21369513893,0.082069708745173,9.47790308175576,3.88559013149233e-06,23533.9255884398,24846.9884520114
1.24697801488806e-05,1.41440982370115,0.0395202634648626,53.4845778679419,3.80381740566691e-06,3983.66756623221,4205.93417969526
2.05994782627914e-05,1.11013737531152,0.0117407233849624,18.5606490068419,2.06792248566562e-06,11689.5370980345,12341.7486042743
1.26983652437394e-05,1.63213966260278,0.0351670795762904,32.8289593099775,5.09736375255415e-06,6529.23925930587,6893.53469172533
1.34703904092098e-05,1.59369125616961,0.028560560259881,13.0191157136973,5.16552926061737e-06,16868.5246537455,17809.695016626
1.28433498232299e-05,1.39266520619335,0.00344372708780035,22.8159298050653,3.63367914985707e-06,9459.70033711148,9987.49928703585
1.81299220473859e-05,1.20255859078289,0.071693851708747,37.6852700808848,3.28958065855694e-06,5676.42512283658,5993.1382440127
2.21976747641684e-05,1.29822115031297,0.0761326021656306,19.4552037440104,5.51921066025808e-06,11137.6092603416,11759.0262463759
1.51152561863847e-05,1.54698726637709,0.0340142696128425,22.1273652434311,5.53258886750972e-06,9760.98070642799,10305.5894343465
1.80002289217142e-05,1.46127021123291,0.0344277425071764,47.362839511528,5.88450504539675e-06,4504.09514914732,4755.39874285135
2.20721413856344e-05,1.62632287887258,0.0283766470830276,34.7926090780993,8.74838833921921e-06,6155.30994550151,6498.74219070165
2.13038684511753e-05,1.18869011197062,0.00466383776450211,40.8086167643309,3.3975032080815e-06,5236.53554081446,5528.70525668174
2.33299769432321e-05,1.19395514856832,0.0126037837333914,49.0341573658825,3.83818468577133e-06,4348.98136672345,4591.630469422
1.41492304623742e-05,1.06490645896528,0.00821438354002747,24.3131896815045,8.69531404893184e-07,8864.73871557682,9359.34209821039
2.18411874430524e-05,1.42172891367098,0.0193019119035017,56.1811900544278,6.60613995776079e-06,3790.72990372495,4002.23166290687
1.34358418499585e-05,1.67521143034768,0.0240408788625084,59.2874113952288,5.54877833398317e-06,3590.42460841111,3790.75044015735
1.70410971446866e-05,1.41614713190191,0.0158665245370016,29.7257811255881,5.08832122458401e-06,7222.6392897766,7625.62260816685
2.17780387283647e-05,1.03356550935749,0.00993525925433875,42.386366541874,7.14333221784557e-07,5039.26985320698,5320.43323493418
2.11587949801935e-05,1.74976003905856,0.0285338104117811,20.845155928702,9.33248837821374e-06,10376.3858139419,10955.3307425801
1.9468927955118e-05,1.20789343048181,0.0865272406952566,39.8639188882503,3.66816765233836e-06,5362.22099936369,5661.40326855497
1.5764726387023e-05,1.72453175439171,0.00932600504005715,22.3811685842703,6.68551650405555e-06,9647.72179438369,10186.0113015324
1.3840403918962e-05,1.18832200819371,0.0515615356193212,25.9295277911249,2.31259802382319e-06,8301.13270902191,8764.28999422852
2.11433279774375e-05,1.49723015050924,0.0185665027074302,24.9352688236717,7.15437905617238e-06,8638.99415396553,9121.00223882819
2.30677387239961e-05,1.36776404130774,0.112939431724956,56.5433582687674,6.99194736871016e-06,3766.23181851773,3976.36672006286
2.04427538617831e-05,1.399470057359,0.0547426050333101,62.0845379313746,6.17305845547119e-06,3427.3427033492,3618.56946692457
1.53227406089231e-05,1.9566886919539,0.00202229126633748,72.376814386942,7.50685179035654e-06,2936.55312143315,3100.39654127269
1.62781969557898e-05,1.22195632575075,0.21940983554864,37.1798423948504,3.78778699058568e-06,5754.65270307826,6075.7304904949
1.9096219839016e-05,1.2255711326617,0.0027290300906258,17.3468840500181,3.52428404872095e-06,12532.2097393699,13231.437717525
2.3205553065137e-05,1.14573941324353,0.00603742131551016,24.1813609313419,2.96963384472906e-06,8914.10133060938,9411.45887409914
2.07408575307531e-05,1.08128312957814,0.0357036028979257,32.7031092160907,1.61684276047727e-06,6554.75968961937,6920.47902087717
1.23951092883255e-05,1.41715473602839,0.0160879476359727,16.8682363102124,3.70824558698566e-06,12898.9074834751,13618.5951672637
1.83916339766588e-05,1.17079130807277,0.136337261151868,59.9426032354497,3.10636830349855e-06,3550.84813707927,3748.96582065312
1.63300780745298e-05,1.30591537532253,0.00963793366237322,29.6683437340748,3.86254325925437e-06,7236.86466961635,7640.64168551013
1.86127000599671e-05,1.11375265061519,0.00735366216714984,14.6482059564722,1.9150470930436e-06,14924.4797990338,15757.1832130304
1.86411957348939e-05,1.06007523856392,0.0684438276828873,44.9968052068297,1.13400457324616e-06,4743.6116252488,5008.27891336924
2.11557576765418e-05,1.23502053155573,0.0247023892680814,55.3135050397692,4.12775188409579e-06,3850.73957758267,4065.58954460614
1.44660110542858e-05,1.10995723054548,0.0160004811908431,13.3985807927654,1.4563476599982e-06,16371.7619249519,17285.2156755429
1.48709602635624e-05,1.22001402311991,0.0902048319117319,29.6228844488789,2.94763497923235e-06,7248.16325199188,7652.57066628105
1.7360424600075e-05,1.12208486992591,0.0169157149604376,32.6006067940256,1.92131265833708e-06,6575.69347658545,6942.58079735507
2.28624021098195e-05,1.63657170313345,0.0880266161209561,37.4594094469348,9.75080993405053e-06,5711.11823367407,6029.76703852062
1.87787073328905e-05,1.24479655524071,0.0633316294769826,63.9815602286563,3.94255662820679e-06,3324.91896742164,3510.4310531168
1.43906628314825e-05,1.30150770886804,0.0491512722380046,48.3701669905658,3.50602002377797e-06,4409.30892613503,4655.32397293056
2.31267787771421e-05,1.25267351142397,0.0323365474678422,16.7016029890768,4.82061202672131e-06,13031.6564895528,13758.7508335435
2.11907523561185e-05,1.40974123087289,0.0287939225251073,85.7017146647836,6.34155397823442e-06,2477.2870222364,2615.50593429518
2.39343070542868e-05,1.23582073344323,0.0390555966039504,31.918213684237,4.75267595488847e-06,6718.53920656437,7093.39652887709
1.78971833688933e-05,1.70913452396101,0.0916085018419251,54.4119563019011,8.17438512160928e-06,3915.13766427699,4133.5806883026
1.49522869908186e-05,1.22800541561478,0.112053819319497,41.0411015901455,3.12649959333203e-06,5206.50333160942,5496.99741633434
2.16470741245989e-05,1.36955634870292,0.0773293733482086,29.1588302020896,6.33057053282117e-06,7365.55179139378,7776.50883681518
1.40760370428823e-05,1.14364016672951,0.115408226861845,23.7568455796935,1.99855903520107e-06,9076.86325403568,9583.30201249111
1.35112917972095e-05,1.34277372847542,0.171289379722953,40.8615493196947,4.16189584423289e-06,5229.66733121745,5521.45383898257
1.2013138776809e-05,1.08900208050674,0.0101658240039318,25.9890138344056,9.91882487827035e-07,8281.75461890737,8743.83071388072
1.40756666662786e-05,1.32994024486951,0.00530566145195823,31.2660379306239,3.510559487569e-06,6860.98302925632,7243.78792890879
2.22680642777262e-05,1.10510924655325,0.156224454788864,45.9385162943216,2.51003385309482e-06,4645.29248074094,4904.47410447674
1.44236377671948e-05,1.24531020716584,0.00346948613794999,19.6559829782251,2.85112323771923e-06,11020.8195183405,11635.7202828252
1.84294861902036e-05,1.24854319849999,0.0208180219905592,28.6447046932975,3.74662232896656e-06,7500.12800864093,7918.59366254005
1.45636451182924e-05,1.31090282406463,0.149980542726992,52.1758651575783,4.0633818500019e-06,4084.56181771466,4312.45777228665
1.2535976702244e-05,1.24178721083091,0.0165900736684761,19.7341337643978,2.48201371429391e-06,10976.020269382,11588.4214835939
1.85004485215098e-05,1.35099727912836,0.1752676813463,31.0408915846864,5.82784831603785e-06,6911.5709541704,7297.19838019231
2.10879580933386e-05,1.53146393189131,0.0552940001519783,12.5943220703657,7.74631205544005e-06,17461.6690965306,18435.9336381799
1.86759175286209e-05,1.37919883841549,0.109228012675721,39.834144550079,5.76429368818278e-06,5366.28041824622,5665.68918055538
2.16991625113115e-05,1.29009506986272,0.00707959103269327,15.838738708693,4.91402838948745e-06,13765.2442635373,14533.2687472775
2.33975581873264e-05,1.13213241253617,0.154973201479691,18.3166367105674,3.23146839078587e-06,11849.7176844845,12510.8663813661
1.88866447840612e-05,1.23077862659879,0.00581010718026094,54.7986972513332,3.56199125034261e-06,3887.25062405528,4104.13770550121
2.22808688010173e-05,1.77025026015792,0.0305094605582015,24.5076418271721,9.99943853408232e-06,8792.91707817307,9283.51321074029
1.54140994458301e-05,1.48529193314487,0.0921712678824377,28.4253751400841,5.54750706823486e-06,7559.04754034693,7980.80057818594
2.01831957279397e-05,1.09404505058945,0.0118029548759254,72.7327642043604,1.75565120416101e-06,2922.08186271105,3085.11786636557
1.22982883164687e-05,1.58535333131978,0.0513649527377507,42.9935681851263,4.78665125032245e-06,4967.2557223824,5244.40111397519
1.97307589386329e-05,1.65564862872281,0.214274649755703,44.7510929504011,9.9440643374341e-06,4769.95362861909,5036.09065480969
2.08960253994819e-05,1.08691512304098,0.0102254900702537,23.430099497088,1.68817693989913e-06,9206.24618179324,9719.90379190094
2.04295470617786e-05,1.68610697697888,0.0260892001942545,28.5606216639364,8.53565900925243e-06,7522.60672677422,7942.32656879807
2.29408368329834e-05,1.17434932106633,0.048661855048274,17.3713418674301,3.58003071750916e-06,12514.0315625233,13212.2452989679
1.30575891423868e-05,1.17357710579019,0.04693125212862,33.3641849467358,2.02634594361453e-06,6422.88761588904,6781.24921491868
1.96656785452869e-05,1.02429812646024,0.0720420933062025,51.2872114685137,5.0271037715608e-07,4156.03637468325,4387.92021415327
2.07235300108278e-05,1.11745982415923,0.00835622876760817,11.8515273760619,2.19662737719475e-06,18605.7197832843,19643.8160246292
2.03584048321601e-05,1.43586983343495,0.137192768939477,16.5610452837621,7.16243954263586e-06,13145.7760265209,13879.2376093914
1.46318280483903e-05,1.31598916879436,0.00430677325501836,55.4888598042825,3.52847080623262e-06,3838.45922095182,4052.6240120074
2.07591466313526e-05,1.12002992710473,0.0152594427515604,85.9515339617114,2.25911539773544e-06,2470.04445770371,2607.85927472577
1.73402296184823e-05,1.08418150888318,0.0250852607152031,19.3126080489432,1.38100476270865e-06,11222.0696754676,11848.1990854504
1.65886404335182e-05,1.06656706398525,0.0506003543497591,19.134648876631,1.09049919392062e-06,11329.2906282392,11961.4023742651
1.87530278917802e-05,1.39621225720961,0.100865295734275,71.57846505276,5.91852863373985e-06,2969.5374034978,3135.22116381508
1.98082873191442e-05,1.59860569866312,0.0327882559015681,27.8671975408129,7.66859582294466e-06,7713.25480995314,8143.61176039703
1.99171796902232e-05,1.06772476266353,0.0904461683256117,43.5007079208803,1.38892258778335e-06,4908.66782308072,5182.54433398726
2.23556083693933e-05,1.34055530690176,0.0193788662582627,25.3102292093705,5.79132862872102e-06,8508.39621920088,8983.11766174141
2.15008080980396e-05,1.32501055774231,0.0197861363833344,55.0156417073402,5.38025053279882e-06,3871.78047949553,4087.80441245231
1.63463247658974e-05,1.64143534053935,0.0521895287275762,41.7145588586593,6.73938200732383e-06,5121.41921420167,5407.166075841
2.14746427924912e-05,1.18113962500159,0.0666761693626232,36.6590949080799,3.5285454564086e-06,5837.53918356774,6163.24157808674
2.2637010355317e-05,1.18519749095015,0.0221604033841542,39.7201248257085,3.61731005661141e-06,5381.88281628078,5682.16210609139
2.22178652730184e-05,1.78681881897629,0.0501011549624134,59.3960721091538,1.02993257986329e-05,3583.80011123274,3783.75633268161
1.73982340812329e-05,1.29639119607204,0.0524715520187885,35.5764282390383,4.19791907935618e-06,6017.7443134063,6353.50115731696
1.6808648421267e-05,1.32116314839904,0.0237793331426772,29.134133118624,4.1854921277681e-06,7371.90590793291,7783.21747790768
1.64959038169468e-05,1.63023966278141,0.0437885890166433,24.4243543279029,6.66912480801256e-06,8823.53663094649,9315.84116517815
1.97153442704128e-05,1.08838938151658,0.0257968731043189,6.02415381162168,1.64347021192682e-06,38312.8192000692,40450.4625737295
2.10187315161517e-05,1.09438088228283,0.0413676064406756,33.8713909787053,1.89086437842337e-06,6325.25252633884,6678.16662746643
2.10669220520211e-05,1.28524459872509,0.0485428803157614,75.1279937920781,4.91398453347799e-06,2828.29306439276,2986.09617191917
2.36624951747227e-05,1.29102962255582,0.152361589698166,48.4485193631235,6.29271820889759e-06,4402.10317956018,4647.71618555737
2.00325972615201e-05,1.4388490730659,0.0286877139294679,23.2499731839598,6.29026995679185e-06,9279.16140244802,9796.88727851802
2.25300511202216e-05,1.4376309940327,0.000529062855154979,49.8948969080716,6.86187614948391e-06,4273.19219767025,4511.61268398388
1.45393421190614e-05,1.37545378104508,0.0232246851769049,31.8700037716143,4.06306766744449e-06,6728.86611049662,7104.2996169227
1.48295620709388e-05,1.40808190822173,0.0336580259645901,14.906806395617,4.44744077459113e-06,14656.3698723408,15474.1142355504
1.67961565696299e-05,1.16075315622558,0.0262932167852316,49.6547919627122,2.38887725429555e-06,4294.06676830015,4533.65194018161
2.0515747841374e-05,1.43841298324955,0.0110214331112475,26.2753390040447,6.32253505149975e-06,8189.73359043517,8646.67542105894
2.25193211281272e-05,1.54833460546992,0.00754810328491046,28.7169274493235,8.03557171408002e-06,7480.92699953462,7898.32134334117
1.83823460016903e-05,1.10251790047319,0.0135303022500412,38.0918664306447,1.73269905325528e-06,5615.02121880711,5928.30834181067
2.35746424294654e-05,1.09327564928284,0.0321293894324372,49.1667817991676,2.07804912482535e-06,4337.12889138275,4579.11669152246
1.2649220806771e-05,1.73091290602358,0.0136517453690277,47.8348870349362,5.41524744060832e-06,4459.17466802011,4707.97194736702
1.83512438286636e-05,1.30223424884165,0.105361042378645,28.57666159007,4.76061555558619e-06,7518.30822494786,7937.78823434812
1.90758038786855e-05,1.69818364408417,0.00303484139367564,34.0310836652412,7.86646406154245e-06,6295.12386427178,6646.35695272085
2.00679492318314e-05,1.50150032085458,0.0144897053218502,20.1502480799755,6.80109322230155e-06,10743.4902279593,11342.9175521626
1.22174478612207e-05,1.08485670870682,0.062498896001179,48.2974363222416,1.019334728093e-06,4416.01881241682,4662.40823374933
1.89262142199995e-05,1.09923688813867,0.0342731530758743,24.0279830965095,1.76922371435767e-06,8972.2293913274,9472.83015905417
1.54811902178675e-05,1.26259270761903,0.0337826815170724,22.4240646559759,3.33228320932297e-06,9628.8387506801,10166.0746884468
1.52461298223333e-05,1.38935312489252,0.0315534906506058,39.2350761448163,4.41172160126245e-06,5449.28331036902,5753.32317490572
1.58339685554244e-05,1.62854901579146,0.0421659073834218,41.3703472077861,6.38014431117106e-06,5164.55629085068,5452.70996274263
1.49034334968869e-05,1.86353709125928,0.0380322954427271,18.7414709436165,7.17896681184708e-06,11573.6040433935,12219.3471264993
1.94943959213952e-05,1.10797660019389,0.018214725547713,43.3339215466923,1.9350121190594e-06,4927.78288646173,5202.7259121648
1.45027857261999e-05,1.03700859917941,0.0387477888831613,16.3537200248073,5.3842821046162e-07,13317.801807484,14060.8614773252
1.76529886418385e-05,1.29405391877056,0.0293345584062525,37.8579023444709,4.13252339079914e-06,5650.19101111159,5965.44041397453
