a,Rstar,R0,psi,pi,mean_nz,meannh
1.73775047797412e-05,1.13604609261922,0.0134249487597391,14.4525685004833,2.10930677444223e-06,15193.1369668861,16044.3981424546
1.52062155747637e-05,1.42709720340514,0.0958142599493472,60.5724567869059,5.03302545559115e-06,3527.36370109769,3724.99950056416
2.30467326383851e-05,1.08976313626226,0.084674571505488,64.882878782444,2.07390435213512e-06,3291.1975086996,3475.60107633611
1.88221133906376e-05,1.52713357857449,0.015950972899983,53.6504293128913,6.60217376738728e-06,3986.77421308202,4210.15047242539
1.61407271981807e-05,1.79655760466178,0.00193555677183261,35.7360396852941,7.17023727695551e-06,6013.92029176415,6350.87617312694
1.57640555520533e-05,1.15782687154675,0.00790145461848579,49.3042607933768,2.16592572931254e-06,4341.83246251572,4585.1023951319
1.49706074344581e-05,1.04072532250289,0.00871802853957208,49.5882187197642,5.90968119496419e-07,4316.7147602573,4558.57736502547
2.28543043152094e-05,1.27494330304552,0.0866687014412336,103.792105318437,5.39611068602051e-06,2051.40716932208,2166.34612382061
1.67413674355131e-05,1.18161013983366,0.123112905790616,51.1624199354683,2.93430101103228e-06,4182.57537369376,4416.92223947103
2.05446309533827e-05,1.38098314313772,0.0152691617796228,54.5414088096787,5.75557992615512e-06,3921.04057349562,4140.73382152733
2.2752583967898e-05,1.29900576076969,0.0415766552178325,94.4936519412868,5.46426066019984e-06,2254.34914651463,2380.65880256437
1.26846519716391e-05,1.44296079471072,0.00558591087213487,39.8470054307952,3.91576387310859e-06,5385.51576397805,5687.26256520013
1.95722594949491e-05,1.07644723514029,0.181265240019954,74.8461193030705,1.69768154319472e-06,2850.12461971428,3009.81517207241
2.19845758132115e-05,1.19572043299134,0.0106032277734672,40.7531159923645,3.63700962424738e-06,5264.27340412531,5559.22707802932
2.2211558305691e-05,1.19110256622282,0.0308358324574205,88.7417467803667,3.67696109310261e-06,2401.29854426879,2535.84167556159
1.45735591215938e-05,1.2397027589442,0.0156755078171095,50.6641853133671,2.86270337908901e-06,4224.11977797005,4460.79434858534
2.24312432964211e-05,1.60982105896268,0.161391308853497,64.7808009023548,1.0132260269064e-05,3296.42413934128,3481.1205515532
1.83411851735171e-05,1.05649386349003,0.0341294618864956,46.035894247992,1.0153938080612e-06,4653.49434086477,4914.2264774696
2.29269244654924e-05,1.75609650533372,0.0755154370045288,74.048562429231,1.06773588659926e-05,2881.03217341225,3042.4544550737
1.2038587817654e-05,1.46035102597051,0.012981323929706,21.1610484929815,3.84482618519251e-06,10257.654138673,10832.3835536512
1.91488377169417e-05,1.74212598832458,0.0430582508757399,41.246910409285,8.52405298121288e-06,5200.47147900374,5491.8503742494
1.3501138065571e-05,1.64407897343617,0.183446702896357,29.1968248216461,6.47730690979914e-06,7384.57852584257,7798.3314598606
2.19837767150151e-05,1.29848472883172,0.0203540225631877,23.5216717728453,5.15832406795521e-06,9205.49291490621,9721.27044903299
2.24146745166555e-05,1.09902149099021,0.0716670773707619,45.3527227963637,2.17541140762379e-06,4724.37957744135,4989.08336584858
1.84100110131791e-05,1.12278418359302,0.0144122495052662,27.382199218867,2.04266320555513e-06,7883.17013371682,8324.8588178813
1.96188396180645e-05,1.32469142472066,0.0242387711667571,60.5951158007088,4.92807226365174e-06,3526.03363840679,3723.5949153614
1.49268605036298e-05,1.65178248495906,0.0109107132992838,61.0341482734498,5.9549239979753e-06,3500.45941333394,3696.58778377641
2.3994888093397e-05,1.32938239039966,0.131827259006425,48.4046053837899,6.847792372776e-06,4423.37857041068,4671.21747622976
1.60520447597606e-05,1.63508723967953,0.110820148877692,60.9434880396324,7.01172681395398e-06,3505.71005233943,3702.13261252968
2.36785286942935e-05,1.0880999750291,0.00684633482119919,39.2661453984945,1.93034478043704e-06,5466.21956143045,5772.48814177175
1.21308843392031e-05,1.20067948851224,0.0457261634316203,68.1334330590434,2.12466162789231e-06,3133.01219582508,3308.55274750321
1.39110074342284e-05,1.53875380982605,0.0080221208447844,52.0812645123314,4.9098893005519e-06,4108.06421834151,4338.23627454282
2.16649759377223e-05,1.54955069421332,0.0464559012914611,23.3703795726929,8.05766787427785e-06,9266.40846609714,9785.59905730556
2.28919093132652e-05,1.35387377360477,0.0166229844319052,55.631167708999,6.08445958660757e-06,3843.53041547079,4058.8808218377
1.75357081146799e-05,1.56580209111768,0.0440088535051858,81.8723467736281,6.62809948546238e-06,2604.01949226398,2749.92094099175
2.17330558761796e-05,1.61873805695049,0.0289786082962541,65.5705723244837,8.55485041011572e-06,3256.41335424667,3438.86798926476
1.8689470058254e-05,1.09534936046827,0.0390809568549689,68.8259076982076,1.6930385045307e-06,3101.25836461534,3275.01977063426
2.09324869219149e-05,1.3449900390287,0.0126708198556069,61.4993470461288,5.43797373371645e-06,3473.76269082302,3668.39526198203
1.51139344575042e-05,1.09245818381179,0.0972740093748864,34.8275674359678,1.41695085158772e-06,6173.09972153822,6518.97431855605
2.34952610268798e-05,1.08181966380352,0.0784598413371752,46.4245783927734,1.92822488955635e-06,4614.1062165637,4872.6314632373
1.74690627410039e-05,1.64120235571718,0.029362353215879,56.505312124406,7.03133098491336e-06,3783.53645314617,3995.52543843153
2.12308098988412e-05,1.05846404880452,0.00276703430853757,72.0372320797383,1.17590830925925e-06,2962.03745440954,3127.99840710906
1.47944014591333e-05,1.61472573441319,0.0389850421075759,59.5169525592632,5.86061363102557e-06,3590.45275818539,3791.62339479703
2.19331144884015e-05,1.48140973857444,0.071346271125991,40.4377440858506,7.67495188774955e-06,5305.84752791308,5603.13057181921
1.58607663456453e-05,1.4074631590783,0.0820500349993429,95.0533884524743,5.00205856100434e-06,2241.00361612626,2366.56553114583
1.65283445118628e-05,1.44984058386263,0.0202510750148613,66.2542724039342,5.2341428281269e-06,3222.55249227728,3403.10992612957
1.89971843128055e-05,1.73779033959178,0.058094196915718,84.2009595655347,8.56265332193737e-06,2531.57230109181,2673.41458275893
2.17527659352953e-05,1.06407134367269,0.0437214804104116,44.005050978153,1.36966154960216e-06,4870.74109776752,5143.64542304363
2.22525887995334e-05,1.13652371384302,0.0671001945149179,55.0237229749146,2.86526426605151e-06,3886.35328872745,4104.10303168358
2.13185157405725e-05,1.37550669155574,0.0162087911260952,61.9700295595947,5.91561016721458e-06,3447.16254498654,3640.30472798777
2.00689932003077e-05,1.16084403816685,0.0771522924834734,80.658931214467,3.0131245715189e-06,2643.43916850922,2791.54927500227
2.18900434203381e-05,1.10303352024372,0.0524505817806665,25.5625331826516,2.15786612139667e-06,8455.67473406115,8929.44046328681
2.05732825260311e-05,1.14073400711211,0.149520695300981,47.3335423837909,2.98430888090079e-06,4524.5469389674,4778.0542399662
2.28075233091339e-05,1.15348617311303,0.112906919208169,38.6246711331876,3.42101080208432e-06,5558.20298629467,5869.62533564057
1.4959158488296e-05,1.42464058475369,0.0238597003102264,52.9227370231514,4.56777184803957e-06,4042.11889278541,4268.59607705353
1.74333958009388e-05,1.57106737581812,0.0693662189505721,120.913116387796,6.8090631430364e-06,1759.72298166029,1858.31906865062
1.38726535085281e-05,1.17805405018632,0.0125285372899332,57.3861670487641,2.12332030629032e-06,3724.94717068933,3933.65343815488
1.35323881075792e-05,1.52841044985007,0.0544096254659451,36.1947325721717,4.94762143875714e-06,5936.62861875567,6269.25390002116
1.40848399072364e-05,1.11384455139692,0.000262660473125417,102.151458695572,1.43995045571654e-06,2084.51725099563,2201.31134094841
1.34180311625144e-05,1.50016987550003,0.0585839875302234,46.0213570918702,4.75201702611046e-06,4654.98054464896,4915.79595224538
2.00339410881009e-05,1.82934967156714,0.0200845799903778,58.6121795934545,9.26850714831712e-06,3646.35676500061,3850.6596652563
2.35141912658466e-05,1.23054495875304,0.0201880482053691,34.1951699127364,4.49608999623902e-06,6288.97451550666,6641.34149876094
1.22247320337212e-05,1.2574927994467,0.0182580386703025,41.5404303000643,2.54974147524927e-06,5163.27417430003,5452.5689297529
1.71443122294815e-05,1.1146860939701,0.0067411710411527,54.0013842412765,1.77585830314047e-06,3960.62050110011,4182.53138567224
2.34229681276018e-05,1.28523481369666,0.0526481259688658,80.1337939520198,5.48706100886634e-06,2660.87152610379,2809.9583557878
1.25783828677945e-05,1.86842555457594,0.130022181146108,51.6169010688232,6.71996035364636e-06,4145.38565084812,4377.64880163897
2.08201498146784e-05,1.18199328918228,0.065265984642341,55.924268015635,3.42946511186985e-06,3823.20355746583,4037.41506374393
1.4840096790229e-05,1.65926547750632,0.0380680225546318,45.535429645583,6.12957019809067e-06,4705.21138952886,4968.84119734792
1.72085909198122e-05,1.21193817163907,0.110845917911889,74.7685101653633,3.38445243229648e-06,2853.10303404245,3012.96046493843
2.32001044046748e-05,1.2473757581694,0.011438437042023,82.1299398349046,4.65410141324293e-06,2595.80199071566,2741.2430183965
1.51494751741206e-05,1.72995330799334,0.023634468949481,19.577111423706,6.54695025307505e-06,11109.7033697719,11732.1725261668
1.78413109471416e-05,1.30325728340921,0.0304875610182311,57.7532895653261,4.28199746572895e-06,3701.06065267168,3908.42857470848
1.39636504627252e-05,1.67072058092926,0.0275791073058913,36.5488073818946,5.76469309607963e-06,5878.31097521106,6207.66875840105
1.92014566306053e-05,1.65577502603645,0.0708469872703361,76.5550737415555,8.18448271708856e-06,2786.08056802662,2942.18277553888
2.34645681319619e-05,1.2248393900508,0.0561134159832247,36.4689309968576,4.56325871689487e-06,5891.36664911589,6221.45593287356
2.26155485445047e-05,1.28967861628701,0.0334155808130903,40.175456218799,5.25523370061199e-06,5340.92736886756,5640.17591250655
1.90462625188641e-05,1.44580897367239,0.00502613592031671,48.458411444157,5.90238668251775e-06,4418.41548213892,4665.9763094831
1.78114616811946e-05,1.2950502609675,0.0512360992900544,29.994025430425,4.27703234692877e-06,7184.94031858319,7587.50765904207
1.93571039467771e-05,1.3142566952102,0.0123826094389093,61.8275311056475,4.68648743520525e-06,3455.17260291105,3648.76358403343
1.57102738131266e-05,1.29626928236762,0.0181894566793258,27.1262184110538,3.65713069294319e-06,7958.97558627969,8404.91159861634
2.1729858387731e-05,1.38016593316201,0.00602429686597117,35.4577340827821,6.02162228884961e-06,6061.80483461322,6401.44365448476
2.17145900224373e-05,1.37759477745491,0.0167787576347915,70.9210549739471,6.05334235458207e-06,3008.98745596354,3177.57898545592
1.48461961910008e-05,1.34999370258718,0.050811270097268,37.6152715227161,4.05493804562246e-06,5709.38381677039,6029.27672566924
1.80469269933421e-05,1.76046484661066,0.073489113631956,98.7836251920188,8.41386949265798e-06,2155.94752377803,2276.74380354272
1.88770640585348e-05,1.23523863420798,0.141214874935238,82.9261119500213,4.18598698563584e-06,2570.72794490778,2714.76409078198
2.32670956233619e-05,1.22458772854881,0.0967172682054124,39.0366909091594,4.72392702749966e-06,5498.77007105172,5806.86243440411
1.43186527414927e-05,1.35100975418974,0.019405225214874,20.756498188779,3.79373427631096e-06,10462.5961270979,11048.8083029022
1.8288359784781e-05,1.38164610747339,0.0558488477466921,40.5093685722923,5.35043015531037e-06,5296.34804774092,5593.09884220599
1.76435810577683e-05,1.50556181183914,0.0388551757936531,64.2983046586276,6.16404067954604e-06,3321.35547814752,3507.44877638942
2.2638428719623e-05,1.08639888263077,0.0573834665731146,29.6530011402334,1.90993928746693e-06,7269.00428854079,7676.28167630887
1.53285088546565e-05,1.7707825284656,0.0313621830293757,40.0697674641084,6.88807952826241e-06,5355.19421928138,5655.24212488764
2.10458393124752e-05,1.63806766809614,0.125470874668493,81.3820952837476,9.37380332953862e-06,2619.80366373867,2766.58948890523
2.0611045798447e-05,1.29276874822827,0.0413883378126602,43.7648780124951,4.86913440223959e-06,4897.78206611252,5172.20147853305
2.36294457326811e-05,1.27290447603163,0.051901328207357,40.9396005793801,5.34323027195491e-06,5239.99507035347,5533.58844565736
2.04072076877933e-05,1.08449684224502,0.0292360318504951,20.5382966903835,1.63784565305719e-06,10576.5727383712,11169.1709465211
2.2182853780509e-05,1.14572641008656,0.145075100037367,90.9892131984316,3.30016216347071e-06,2341.65663894871,2472.85807467551
2.15620158351324e-05,1.23664316241553,0.058448136399309,43.1440803829643,4.38212346563162e-06,4969.08875410259,5247.5034319628
1.48859299445255e-05,1.54090623687751,0.0184661359545384,25.7850246790928,5.32365409150967e-06,8381.25089896554,8850.84671111008
1.89161375003764e-05,1.21198823476263,0.014875264248814,58.9409731580587,3.3585067968732e-06,3625.84106781995,3828.99448745569
1.20142990931869e-05,1.4477060012295,0.0901182916435516,30.0413758507803,4.08338318598743e-06,7173.42172892015,7575.34369060053
2.02565039711231e-05,1.6464569940404,0.0295754594930044,57.7664600133256,8.1956385449804e-06,3700.20941960122,3907.52964762554
2.09062871156316e-05,1.26834650356245,0.0359375169236934,24.4034159989908,4.58796674200358e-06,8865.82162435799,9362.56760609838
2.37566912599476e-05,1.17858693742851,0.0232506607882871,57.602713091619,3.68536318434814e-06,3710.82062866763,3918.7353955501
2.31186797821485e-05,1.18599219502856,0.0489780933729387,59.3544579152811,3.81219190596696e-06,3600.36632117391,3802.09240800639
1.33447609213153e-05,1.48026098662241,0.0122755561972884,30.2602006073208,4.38336989952118e-06,7120.66607571809,7519.63217387531
2.36522202113662e-05,1.56674925866778,0.152509853261675,43.1006761324919,1.00952205099904e-05,4974.15203921884,5252.8504095153
1.98746441284195e-05,1.10358217486628,0.0587677929666229,62.7336874199617,1.9818633478074e-06,3404.86123093658,3595.63329995775
1.38427484195502e-05,1.07279942173572,0.014791274860586,39.3702979931609,9.53448785033179e-07,5451.57126054417,5757.01910650653
2.01726884504696e-05,1.67913754974455,0.0723051476472802,77.6692808624732,8.79468650138532e-06,2745.85266530183,2899.70093066647
1.85455262920428e-05,1.12821079528779,0.155412382343631,49.1618453536261,2.49527870300848e-06,4354.54031256021,4598.52225740871
2.2009748441359e-05,1.75039238276815,0.0575402208980068,39.9616469315734,1.00114007959497e-05,5369.86842491624,5670.73851632696
1.50888982295953e-05,1.55784557076409,0.00672744692555729,99.7575564922406,5.43966390479267e-06,2134.79265611292,2254.40364296827
1.6461049078675e-05,1.34371260520714,0.0219572515942467,27.7463165003061,4.30508161846692e-06,7777.79634994722,8213.58101236547
2.31559514917983e-05,1.54675064822981,0.0195314667548929,66.9559773306883,8.34809998792334e-06,3188.52445081934,3367.17531655228
1.69305714388713e-05,1.67237215956862,0.00433461889168679,47.6268046704743,6.836402184947e-06,4496.38931468247,4748.31896306074
2.20614378171768e-05,1.21488728428764,0.019249004775917,14.3202498682544,3.97868891766397e-06,15338.7264463618,16198.1449018732
1.58286696332004e-05,1.84900453197517,0.0381602091781955,91.7382237766904,7.5562519603039e-06,2322.43266918258,2452.55699890172
1.36340817375546e-05,1.57389186599033,0.0397061617736891,45.626823334182,5.17691066416992e-06,4695.68131804232,4958.77716240968
1.75499054385144e-05,1.04589671461976,0.124343820120076,56.5864010635717,8.79478456526785e-07,3778.06597871157,3989.74845701892
1.72585942895813e-05,1.51815891087412,0.0731100238788783,52.4443451893857,6.35498702272997e-06,4079.34788385835,4307.91098328508
1.9569552552497e-05,1.31970339508595,0.0757590390501925,52.7455768068724,5.12928960187134e-06,4055.82620259566,4283.07139814996
1.71192254324555e-05,1.23920844526156,0.000831420625120885,54.8092078118752,3.30727294544141e-06,3901.70480567085,4120.31468372538
1.43631500133304e-05,1.21094157516204,0.0676361315832235,35.39841776651,2.68346837244097e-06,6072.10940223457,6412.32558005175
2.20360951000303e-05,1.11030618253296,0.00870804410896605,75.7764038243397,2.20841398938438e-06,2814.90102831866,2972.61802670407
1.74224075720329e-05,1.18980812497281,0.0013626242333816,105.44785154216,2.78311165856135e-06,2019.04193807109,2132.16749058013
2.26301288950173e-05,1.11216890887827,0.0227055118104105,57.9100352950229,2.33535680483245e-06,3690.95519245358,3897.75691239772
2.37071171057783e-05,1.31741948792556,0.0274461154992893,44.6274826180033,5.87305296340048e-06,4802.03188281077,5071.08647730225
2.25174637263827e-05,1.59541710450796,0.00956676640292083,56.1138680997831,8.48460093596644e-06,3810.16870001224,4023.64987205433
1.28918945019711e-05,1.26523244047248,0.0379061723373953,110.227353616838,2.80898726010676e-06,1931.0953009007,2039.29326288594
1.55568508247891e-05,1.08566541803969,0.000686846062407354,125.369550859856,1.22835215514711e-06,1696.92003668374,1791.99731719675
1.83325016247304e-05,1.53663805725959,0.0118889259635899,63.024179591204,6.47914587737538e-06,3389.04130646746,3578.92699583376
1.6088260682269e-05,1.11527457615968,0.0930648723170802,60.7426353474043,1.83348270468319e-06,3517.39884350318,3714.47631874677
1.83196177372579e-05,1.02395132311568,3.48086515075873e-06,77.8590339022055,4.28541638724848e-07,2739.11720866097,2892.58809095123
1.40680701375827e-05,1.19939299959019,0.00416223566298986,47.8733279066482,2.34848714643803e-06,4472.98908035759,4723.60762945311
1.5272588014408e-05,1.65993590395851,0.0728898729058831,36.3529130788552,6.54914147213124e-06,5910.43323224163,6241.59080374009
1.20254825586565e-05,1.23702321772481,0.0368954928862678,27.6357905221889,2.39241586536236e-06,7809.48301795569,8247.04306292446
2.14592424858352e-05,1.1057982830275,0.0215990851749006,27.8059026990194,2.09841170385145e-06,7760.82005504715,8195.65354715838
1.80997112531858e-05,1.12172407923827,0.0660040764607547,87.7536004850629,2.10285167318822e-06,2428.49382219978,2564.56068649861
1.38328032568395e-05,1.69629399515065,0.0915997094040506,75.115642150752,6.25054050307794e-06,2839.82923500295,2998.94294392767
1.46810924499705e-05,1.8088965018304,0.0255671493838509,34.6347949857051,6.73719434500466e-06,6207.96658771403,6555.79475163209
1.58128321942231e-05,1.50379796350184,0.223895740964291,30.4039177903997,6.82569388095971e-06,7086.4380084995,7483.48633122947
1.50034042711342e-05,1.31876206527451,0.0322697086627171,100.510539775057,3.74738983654538e-06,2118.71944948929,2237.42986546218
1.34083083178494e-05,1.0740420324886,0.122284402889744,121.394879040926,1.05310221877756e-06,1752.71045552399,1850.91363542374
2.29481715795603e-05,1.4676969209393,0.324799454575467,52.3314677085129,1.08299489370951e-05,4088.23235246532,4317.2932426516
1.93122926020604e-05,1.39919070450468,0.00666805314310125,29.0625398122319,5.54669744880019e-06,7419.30374174953,7835.00230609916
1.34941259848829e-05,1.06535466977926,0.0926193917728234,38.7133676383113,9.12286353362015e-07,5545.30044642835,5855.99987520305
2.04188800927084e-05,1.1568570250888,0.142257475665302,93.2011028155967,3.22766677800552e-06,2285.78257131088,2413.85342086545
1.54529504541652e-05,1.10646953542644,0.111983223171606,47.0483083926656,1.67443576041511e-06,4552.27412365042,4807.33496003036
1.76947655947572e-05,1.40944747902423,0.00886058987109656,47.2737095418773,5.18622792219034e-06,4530.33517158332,4784.16678333584
1.66315307159526e-05,1.71263433789375,0.087929791884647,70.3294351287155,7.58748442534969e-06,3034.48153706072,3204.50148265255
1.88688455890557e-05,1.33405766761193,0.0743668807931055,20.9830640539038,5.10439477441861e-06,10346.8217218866,10926.5471361686
1.62761469124798e-05,1.275091485914,0.105152170895035,38.3252889441298,3.92401009730291e-06,5602.20053540813,5916.08803763603
1.29632214545924e-05,1.56787216331881,0.0346675401651646,104.495623594123,4.86373666570569e-06,2037.52942426997,2151.69081811114
2.02481443396434e-05,1.28830877063657,0.0385680593651236,32.6337275551197,4.7129772612378e-06,6594.61661009639,6964.10851293184
1.41885251081893e-05,1.23629517857717,0.0051922633756942,70.0083842053263,2.72599204147036e-06,3048.49792718356,3219.30320162218
1.36792602517493e-05,1.6872241137097,0.00155470507284259,37.6784958047148,5.58030580672084e-06,5699.67349268413,6019.0223387002
2.16507645305218e-05,1.45548890175645,0.0165148057737039,39.1434904380709,6.88913508668853e-06,5483.57134894806,5790.81213819346
1.74890304735806e-05,1.28763636379824,0.0373120112742689,80.7301537437446,4.05810033173911e-06,2641.09245356182,2789.07107520555
2.14239727784023e-05,1.07535572191913,0.0609648929270366,52.8508616916725,1.59871963822379e-06,4047.66887384911,4274.45701979782
1.21448720446313e-05,1.17201263507379,0.0422145343104038,37.1802703159502,1.86100360539244e-06,5777.10127358979,6100.78834573645
1.24890473707672e-05,1.5301767745927,0.0636977083051041,31.1201546900912,4.62153652886459e-06,6920.64911250787,7308.40839566651
1.6905147534214e-05,1.34139230965158,0.00249926999115461,61.2677848667227,4.31316726868826e-06,3487.00043343223,3682.37470634514
2.23023346984545e-05,1.26023811080753,0.025367142087753,73.2889231727274,4.72517152130151e-06,2911.10012237419,3074.20709085417
2.02713866597442e-05,1.26326380211832,0.0894123651733538,46.7603536438538,4.63926243302023e-06,4580.61266013018,4837.26128551842
1.86343756352859e-05,1.36351031084552,0.137124704329006,50.0858481366082,5.75725336180771e-06,4273.39049191462,4512.82566726644
2.23380098297568e-05,1.34312537626006,0.00459017375893784,41.3454388658168,5.73283020315134e-06,5187.92550849925,5478.60146151359
1.32950392598324e-05,1.9114471296091,0.0227625388108874,59.7567343388814,6.48713199941103e-06,3575.92333620768,3776.27989914513
1.77081474535335e-05,1.34743648706991,0.085029179606538,45.586283998212,4.99027410253698e-06,4699.90378627907,4963.23621268232
1.22069370803442e-05,1.06813354567726,0.0254704456106801,42.081477809655,7.98990612745902e-07,5096.08445889842,5381.61462009774
2.12574388512634e-05,1.30621918870998,0.0668193982868505,32.4402522347576,5.3401261831315e-06,6634.56943861539,7006.29987137699
1.73066921034465e-05,1.43381895598426,0.0179175088966393,24.6485243005671,5.33178478032162e-06,8775.80738794771,9267.50993297904
2.35060753811672e-05,1.81718929351256,0.0358081130545654,60.8840771743131,1.09629740475482e-05,3509.15941833449,3705.77524416555
1.59722318268204e-05,1.51607989906918,0.0247782672986654,42.7956599663864,5.57506472985332e-06,5010.02658558859,5290.73498242416
1.75737559631579e-05,1.10489320520139,0.178385152506261,39.7630480191549,2.03055092258198e-06,5397.0330252958,5699.4251308701
1.30934764122795e-05,1.4517495792814,0.0340463298594732,23.8676805699196,4.21792419010485e-06,9069.14384887176,9577.28183716326
1.81519611816639e-05,1.2445190051377,0.246025832445263,65.1190276456547,4.73006434728212e-06,3279.16941640262,3462.89905817307
2.30097503970126e-05,1.25197732643947,0.00920517067209178,69.5872713382938,4.67393933150644e-06,3067.08031389242,3238.92674687448
1.87444780260958e-05,1.26169601960248,0.0024240539411361,18.5245661076424,3.89727998100345e-06,11758.7788165024,12417.6152306282
1.75095598796848e-05,1.13334557488043,0.0347601122535593,62.0863765687034,2.13426485462422e-06,3440.64998955214,3633.42727848264
2.14038772327295e-05,1.64243743432663,0.114703836015446,23.4182028380812,9.45659611695e-06,9247.06616707044,9765.17302236287
2.22925856585959e-05,1.36417520998208,0.0660706982340614,80.4442762326174,6.37200497974728e-06,2650.53713964136,2799.04494065025
2.33911935458891e-05,1.55822366051336,0.0171511876001868,41.1705207342394,8.52577192668011e-06,5210.24028220071,5502.16651687413
1.81921458526002e-05,1.07766883442072,0.0938774066165607,68.4871986586554,1.44693709291197e-06,3116.70924425257,3291.33635259434
1.97062604039758e-05,1.21698310989006,0.027831323456172,43.2199471032014,3.61405804727538e-06,4960.26330026311,5238.18349392123
1.84938158594817e-05,1.19975495084021,0.00543637369479605,63.0107836234815,3.09592814717082e-06,3389.76760395515,3579.69398727784
2.01235896145608e-05,1.39318687692869,0.0218104611765476,47.2021418669209,5.80581357699857e-06,4537.27811460693,4791.49873475535
2.01655012684828e-05,1.07285056295409,0.00932668603260544,35.9444425975924,1.38217612722138e-06,5978.55550186989,6313.52991800369
1.94327525555156e-05,1.4849441753654,0.0153351744625414,49.0165298976469,6.44494035214462e-06,4367.58384116868,4612.29660609214
1.27692662886232e-05,1.39547389606407,0.0091828375241838,76.0561079054759,3.65227034336347e-06,2804.48013242151,2961.61325506675
2.03426663608421e-05,1.06076700409028,0.0174132681000725,70.4493908843562,1.18597573595976e-06,3029.27754700474,3199.00591655785
2.26698759268262e-05,1.54277961593595,0.0170875790224924,63.2831614509713,8.11416584297455e-06,3375.06084757373,3564.16322129569
1.63485548243467e-05,1.06703727509068,0.0225021794189032,109.337075013357,1.05073466024221e-06,1946.89172797816,2055.97475307531
2.03653575981287e-05,1.27063755128989,0.0682509426449359,44.8028845157564,4.65532287291309e-06,4783.01828644273,5051.00756200558
1.83049399514655e-05,1.16228796056435,0.196686517720951,22.8228581389398,3.1816000256827e-06,9493.76441426484,10025.6936052852
1.34762847299343e-05,1.30711616531255,0.107294080255795,129.329507112024,3.54685564336267e-06,1644.75964416882,1736.91441321187
1.47690392904393e-05,1.86963528193837,0.135247623192519,28.0721549879125,7.94388193396446e-06,7685.86068193657,8116.49425113438
2.1008399016045e-05,1.17032492631167,0.0643834552223628,40.8458555047982,3.26781129611162e-06,5252.17163601445,5546.44725604644
2.00573960375078e-05,1.41313163612148,0.0565696164529611,39.5614015051673,6.21528617536819e-06,5424.89714169504,5728.85045484182
1.53538135810392e-05,1.48763607260577,0.0374059435834946,33.111554578472,5.22835654217987e-06,6497.97651866593,6862.05374262252
1.55003715248806e-05,1.23447272466614,0.00226742624175363,24.8738363910914,2.95074744226988e-06,8694.66082626565,9181.81678439781
1.41181457066685e-05,1.58062893591706,0.0262761610398851,20.2924901294096,5.32603781059511e-06,10707.980704442,11307.9416119422
2.1917355439377e-05,1.16727883200222,0.101426939906527,50.2420183819324,3.49534759184888e-06,4259.97283244038,4498.65622541821
1.21878927863203e-05,1.2379168768701,0.0695649058609507,38.9825737626759,2.5175061388144e-06,5506.50373268239,5815.02940785877
1.29551834163666e-05,1.36570640443667,0.0374750873551422,50.7793219586579,3.60413375869664e-06,4214.44615748158,4450.57872169181
1.27930750209969e-05,1.48689418628155,0.142599907010555,23.6285195688835,4.88583856305239e-06,9162.9526253341,9676.34665584414
1.36112678246023e-05,1.80063633471097,0.000472069778365042,67.5448319050563,6.0549006836341e-06,3160.5186063805,3337.6003236149
2.13673542113509e-05,1.23497515435274,0.0510533334617375,45.4756736772269,4.28413146354072e-06,4711.46338286371,4975.44348563551
2.21567292090012e-05,1.55657309485998,0.00424743852891149,58.3383997908604,7.95604494251342e-06,3663.61776214727,3868.88778438405
1.29148887381982e-05,1.66918359174129,0.0244351715041912,59.1149581067496,5.30725438132559e-06,3615.07807420508,3817.6284505972
1.81610831495896e-05,1.10978487623458,0.0191038226514744,34.0361436235429,1.83153137415419e-06,6318.80084792107,6672.83898038235
2.04606681399252e-05,1.05479511339286,0.0566884261039424,46.2873808768027,1.12675351263102e-06,4627.93304280476,4887.23299718922
2.06904457317498e-05,1.09415644766993,0.147957395690292,66.7207888672337,2.08962556636664e-06,3199.84918176885,3379.13456450787
2.27816015792722e-05,1.05761941399697,0.00399091547063069,45.8182075520659,1.24609295129278e-06,4675.84928090252,4937.83394965906
1.35731500200368e-05,1.29774661611864,0.00579636623627108,22.2324793158943,3.13224909839345e-06,9751.75937126223,10298.1438450108
1.9452158850817e-05,1.48065972422028,0.0990085311443064,45.44000502379,7.00841624551114e-06,4715.20315585122,4979.39279557096
1.93834054169571e-05,1.53982409792902,0.0110778725202622,39.3109563727011,6.87132665966122e-06,5459.90758776203,5765.8225124931
1.93012481782241e-05,1.15295811301215,0.00513389971166982,80.8273806730648,2.57377939111507e-06,2637.89563642815,2785.69514257274
1.20961627360359e-05,1.74088553134505,0.0611471606027309,72.6017515957385,5.48308835616391e-06,2938.8454829048,3103.50700514635
1.84058554731114e-05,1.22242689777897,0.0525132646545266,35.0414175456849,3.53458763994417e-06,6134.87595527021,6478.60890054891
1.77734747866653e-05,1.2417256380381,0.00706270584763131,20.3896136244036,3.48449464934147e-06,10655.6701869472,11252.7001715765
1.32138859211309e-05,1.2311358912068,0.00105706982015348,89.68793092896,2.48339352167257e-06,2375.82291706575,2508.93866621829
2.3271005447262e-05,1.33750837078858,0.0136426341221312,69.7094922004031,5.95331158803985e-06,3061.66379885532,3233.20674816787
2.34763608990731e-05,1.31650650263111,0.0167219834775494,42.651464108927,5.73989125785432e-06,5027.16698009312,5308.83574162542
2.07906040316597e-05,1.54411573528202,0.0824393685388218,79.788108198857,7.98424068710962e-06,2672.4728838616,2822.20972976441
2.02281436693529e-05,1.72087093198419,0.0401145651659231,86.9729185292996,8.82747569425794e-06,2450.41887580707,2587.71418601202
1.23638954761913e-05,1.22318348629073,0.021460269178318,37.2866933900707,2.30537616809013e-06,5760.38618914459,6083.13672642913
1.35677702280348e-05,1.49227372524899,0.0116993096559552,60.8181781185394,4.52867922770942e-06,3512.99343465662,3709.82407782585
1.55467763301479e-05,1.09889830276939,0.0113487595392291,45.7201429835159,1.4152127466143e-06,4685.99017038518,4948.54302631209
2.08148334595961e-05,1.14408159945183,0.0763648287243239,41.0002425246683,2.83801122782941e-06,5232.14830741727,5525.30203390762
1.38968362718448e-05,1.15622778874168,0.0547008352910436,27.5580636160512,1.98634698361423e-06,7831.92161466723,8270.73887901449
1.94175331062069e-05,1.45323884314705,0.100340530748188,36.510172315514,6.73125935911662e-06,5884.61858459781,6214.32977887027
1.24170996380942e-05,1.18545952743907,0.00363814866230742,82.3209272904735,1.94966536463651e-06,2589.74268547449,2734.844214386
1.2428931353515e-05,1.49005725875214,0.0720885356045122,32.5591504607576,4.40519514559797e-06,6609.95971850861,6980.31128531815
1.75909511729507e-05,1.21562198898529,0.0298264526633396,48.8947222097718,3.2160772916644e-06,4378.57766600058,4623.90640748442
1.42067805761034e-05,1.76778014812588,0.159969724272022,22.1578825190376,7.34516249298711e-06,9785.35952412834,10333.6265916882
2.31257631827239e-05,1.1694983410824,0.0839862868076025,36.0644166269653,3.65888559759961e-06,5958.38460889421,6292.22886355416
1.89946975442134e-05,1.09835966194292,0.0243402918853106,58.538642884122,1.74340381203424e-06,3650.97703732563,3855.53880831086
1.39906320398664e-05,1.58961277328405,0.0246923908543022,38.4329416779794,5.32065345049285e-06,5586.29978760645,5899.29638170289
2.28728600243228e-05,1.56054633314595,0.0599263113275975,71.9051168725009,8.73942006291091e-06,2967.51805565637,3133.78608273233
1.64360789104728e-05,1.51665271423652,0.169481320083809,68.3345869113378,6.74143248084505e-06,3123.721355244,3298.74134741607
1.56441529615643e-05,1.41776509125792,0.0241246788831021,34.9035763577184,4.72365938668867e-06,6159.45937188669,6504.56970935069
2.24038577681361e-05,1.37806795992616,0.00550394731780632,78.3691925837803,6.18029467169016e-06,2721.17143429335,2873.63682699854
1.64077582446244e-05,1.95338274564989,0.132291350316276,60.1691175486929,9.22882559949819e-06,3551.20837355527,3750.1801738721
1.94641866315566e-05,1.49765316534871,0.0065452212801122,62.3508340237899,6.51021230650318e-06,3425.9380575131,3617.89104685427
1.57755917363456e-05,1.43132251999721,0.0298950711398984,27.3177867232842,4.90032008769819e-06,7902.10876696323,8344.85856992339
2.33625945075648e-05,1.19381232158182,0.309951494168256,34.9651937936428,5.49630725374891e-06,6148.44584317074,6492.93910007907
1.76379661964569e-05,1.77207769402656,0.126456229871706,42.6832975774918,8.79696288741065e-06,5023.37289180253,5304.82907313724
1.35499548017364e-05,1.36670531937189,0.00446587856968811,37.4372883085143,3.65189350490832e-06,5736.89797203145,6058.33248041719
1.76020319967242e-05,1.40310447934701,0.0737893608150973,40.1367594484339,5.45974314183467e-06,5346.14218846996,5645.68291491983
1.23757187381303e-05,1.2636944030318,0.0378248950345532,45.3271264115559,2.68391979126069e-06,4727.07743190913,4991.93237927522
1.77140320145432e-05,1.18075865927434,0.0860033881884289,46.6797050913409,2.96689566198634e-06,4588.61289797597,4845.70977127301
1.79068608477507e-05,1.35357072778041,0.0234446549689224,56.3061604850746,4.78971786671024e-06,3797.03922294848,4009.78475928188
1.63043710684525e-05,1.88959769714201,0.0431517123003972,111.232227973503,8.02190858314842e-06,1913.57073121516,2020.78680342843
2.31732106641484e-05,1.30424576412489,0.163391249193618,63.4618609942071,6.46124687354546e-06,3365.48128281629,3554.0469200121
2.30835500075044e-05,1.63665464194088,0.0118180706105651,41.1111146826464,9.08661992585572e-06,5217.86260572,5510.21591401843
1.44252854461335e-05,1.11976819178637,0.0198755124337555,40.3150557831684,1.57416458231669e-06,5322.19897437473,5620.39817875302
2.09181948218895e-05,1.3231072465539,0.173371544210664,63.3814881811089,6.1795087255766e-06,3369.78309882727,3558.58976386101
1.79658583574547e-05,1.88230136905255,0.0706197267939918,40.5721021917041,9.06094766757048e-06,5288.05565543151,5584.34183277103
1.33784279305749e-05,1.21374329490562,0.021896757725493,67.9529745762986,2.40868538101463e-06,3141.39432150104,3317.40451800448
1.8658156690551e-05,1.31235900542284,0.0484907597637089,123.102874223888,4.66711478435444e-06,1728.29296562506,1825.12805010112
1.5797797459594e-05,1.83483772374589,0.0156093667390227,33.1826656198172,7.30174149459025e-06,6483.8359930973,6847.12093298216
1.85222918250393e-05,1.82199005161863,0.0100855488731186,52.5905779407948,8.44130231817766e-06,4067.89531455115,4295.81673427519
1.9263560813684e-05,1.63225484699392,0.0472890841824562,41.8858258899773,7.83196390776648e-06,5120.17858933885,5407.05872835037
2.11248865828291e-05,1.13201747643556,0.0402954140931753,57.8428702549713,2.56699784909699e-06,3695.27858454255,3902.32254121766
1.46436013288256e-05,1.35773495615362,0.0441603147259454,37.5894773667627,4.03647701992593e-06,5713.35493142668,6033.47033919052
1.54647785690753e-05,1.27886629945052,0.0343969707885619,37.1355382029633,3.49227928013586e-06,5784.15600846609,6108.23835263045
1.76043234788412e-05,1.47722024898267,0.01771624184522,57.0447934309135,5.78959465883321e-06,3747.43668209553,3957.40302165543
2.00257552523576e-05,1.44892069715962,0.0032957340161248,21.5644569796381,6.22499295064999e-06,10061.1337626427,10624.8522740341
1.87590479432205e-05,1.78630241220934,0.0107158238484408,56.433979898165,8.34672451517027e-06,3788.36182847697,4000.6211762744
1.73294867320564e-05,1.80583580053138,0.0322153844119074,37.0717753555728,7.99037924661088e-06,5794.24193291532,6118.88938459645
1.47785437208796e-05,1.7471418548937,0.0135871252960067,68.7224220411031,6.40680140378058e-06,3105.96278926813,3279.98778101455
1.72033844097694e-05,1.4356926398555,0.0690849197631552,82.7638190814618,5.60808220528002e-06,2575.79968947112,2720.12000175865
1.91973282746421e-05,1.45076029550067,0.214876417167027,65.8358062148643,7.59698450575212e-06,3243.19326830932,3424.90719086489
1.6842530389904e-05,1.69146964389175,0.0411230391446825,31.3680892201888,7.18034984528781e-06,6865.05223737285,7249.69646526749
1.39223123391587e-05,1.18357355809014,0.004110138302115,87.2039423770021,2.16824750860473e-06,2443.88955603679,2580.81903287662
1.92791024522698e-05,1.70491620904835,0.0782636531510229,62.7742540055598,8.64779035416537e-06,3402.64314683218,3593.29093810305
1.27445849926891e-05,1.40805336683739,0.0145300265762196,28.1419688394304,3.7477836416265e-06,7666.44467127511,8095.99037454394
1.76678760906374e-05,1.37893492527627,0.0138700651216017,100.969139231227,4.92337883693401e-06,2109.048224332,2227.21676810861
2.06224040333033e-05,1.53184498971888,0.159457242958541,134.640759229681,8.51801452006724e-06,1579.6353987435,1668.14130041705
1.51968313198043e-05,1.22103141102324,0.0804956241105004,41.0287564061772,2.99170736793374e-06,5228.46687201816,5521.41433017613
1.42723075144887e-05,1.20142610584439,0.153042396807944,62.1395641877527,2.82516407852423e-06,3437.68098718815,3630.29192492678
1.41398586784489e-05,1.57230382718041,0.0254506246128816,27.0987799268846,5.2811078733e-06,7967.18775463023,8413.58388919833
1.96230778813837e-05,1.5518786696272,0.213258270177835,61.33318124298,8.86969956747962e-06,3483.25169857361,3678.415932411
1.4990389121443e-05,1.18454001553013,0.0280947355951958,58.5048201454666,2.40283007725142e-06,3653.10603552782,3857.78709284058
1.57214709237227e-05,1.27429234099654,0.0311178000951156,38.6259573007331,3.49268735732585e-06,5558.01546053833,5869.42730294309
2.09031649134876e-05,1.28001956218216,0.0577357328010474,89.3804157236728,4.85289982810386e-06,2384.04314255473,2517.61946537473
2.05400496261762e-05,1.0623208730442,0.00127446161255711,13.4798689742936,1.2064913525309e-06,16332.7851839743,17247.9000773845
1.99882862907965e-05,1.46170518166465,0.0605731199610743,50.3211093313144,6.72060099667516e-06,4253.20967643947,4491.51413436653
1.50296438141065e-05,1.12398264062637,0.0208796913950055,57.282238961007,1.69319597466058e-06,3731.76526445765,3940.85354509987
2.14536479399884e-05,1.08924323178407,0.0964509335781203,16.7881356832435,1.94531271284163e-06,13013.0979274685,13742.2129919656
1.62376913889265e-05,1.11337489256257,0.138975176810156,17.5506347446686,1.92032949015646e-06,12430.8145643935,13127.3046863758
2.36697773062577e-05,1.24699924921755,0.0905517394033649,33.4313749847903,5.15506434437705e-06,6434.86021982918,6795.40108030388
2.13361456699222e-05,1.42079118068787,0.00909156384884484,75.3924539104573,6.37689758802598e-06,2829.3325629333,2987.85815043023
2.12882380942991e-05,1.01500175396436,0.017332855949126,27.8542573354735,3.20183624843326e-07,7747.09804773173,8181.16270506552
1.66831712336121e-05,1.08529210289062,0.0371715549415031,89.8629312805131,1.36170905763709e-06,2371.17022129827,2504.02528305773
1.49518492706856e-05,1.66550026027572,0.163727617008808,12.951939345475,7.14401418080395e-06,17025.9827208416,17979.9370028139
2.06820899744779e-05,1.97232286406927,0.00523322931851593,61.9345316353964,1.02493562668703e-05,3449.15446246009,3642.40825124845
1.65916493931441e-05,1.33853968484521,0.00737966755298931,42.1679691038855,4.22744003633327e-06,5085.50536659419,5370.4427884158
1.2859165947455e-05,1.84117235255867,0.0811102538758466,54.9493978380534,6.39342563478094e-06,3891.65858093501,4109.70557582082
1.87906670195097e-05,1.44648157461325,0.150166474146741,69.1674569187168,6.82478297561868e-06,3085.83228131943,3258.72937433772
1.20897638712153e-05,1.7250839315484,0.0387730080130021,45.0527769105783,5.28645277626647e-06,4756.18852159913,5022.67454360673
1.35456577688344e-05,1.26238100336989,0.029332248698808,23.2661315461866,2.90044969102646e-06,9308.8537471649,9830.42251872789
1.66497543847561e-05,1.07129893134048,0.0183603349703044,42.5931576963751,1.12880963181484e-06,5034.13114335349,5316.19010223719
2.25941374250036e-05,1.39167102298836,0.0228451085018816,31.4438022705846,6.50739404161428e-06,6848.25195389263,7231.95487328091
1.38686012438955e-05,1.03184681454744,0.00358303675002424,52.6439265819811,4.29572301853538e-07,4063.73318080236,4291.42139899103
1.23514174884958e-05,1.24287880678299,0.0460514247663334,44.4286581281932,2.53015425631012e-06,4823.76812167812,5094.04058291371
1.23323685561949e-05,1.76337557578477,0.0438193195315917,44.237759502204,5.58334234352298e-06,4844.8238585118,5116.27605842338
1.44787607400371e-05,1.31694049374763,0.014016028234788,61.7233394840918,3.53400139287521e-06,3461.05297520129,3654.97342960095
2.3351878265678e-05,1.37452293077764,0.075339455882151,27.4505791844048,6.88104985178163e-06,7863.16407798224,8303.73183639186
1.92383482339773e-05,1.32681555505932,0.0604125389519238,50.7489348996672,5.04328720234205e-06,4216.99492939328,4453.27029956771
2.12213800029159e-05,1.67969380544932,0.117191112581872,75.185334630325,9.7270044905147e-06,2837.17917446887,2996.14440229647
2.13878393643731e-05,1.65489783172064,0.0969465434515124,51.7789449108778,9.37227660190972e-06,4132.2852085126,4363.81435039092
1.59055364111261e-05,1.34443293895892,0.00403266942905673,85.1634886309957,4.09130461373318e-06,2502.79048564203,2643.02014168034
2.14960966578266e-05,1.1768212898763,0.00565105475335249,63.6862284615509,3.24814517283568e-06,3353.53032281318,3541.42635581312
1.80040734833591e-05,1.09543224380065,0.0647620492389536,62.8722763927219,1.6770648607712e-06,3397.29542628367,3587.64358839364
2.29870769592533e-05,1.06939418329791,0.0115518060449219,40.0410454428961,1.50905470028355e-06,5359.08456632257,5659.35044543903
1.37060107723614e-05,1.92341930266842,0.0267218434618974,49.0881319756416,6.760718827446e-06,4361.14708065255,4605.49919824321
1.39483548418796e-05,1.03580115601883,0.227573739052958,41.4329584042206,6.24135223798836e-07,5176.83200164257,5466.88639298018
1.6506862033166e-05,1.33064300464466,0.0048668148865717,76.3124354933653,4.12167631923314e-06,2794.99769719502,2951.59952541596
2.15508763246452e-05,1.10075808257186,0.00418825144434888,70.5873162825612,1.9809170912017e-06,3023.31600467625,3192.71035304981
1.36679094184013e-05,1.45741387947514,0.0332174217938729,16.1354145879013,4.43704167604122e-06,13556.7101975303,14316.2834893886
1.27892787592616e-05,1.06597842962807,0.0819895724728268,65.4542981647568,8.62275236060703e-07,3262.2428633342,3445.02412179876
2.20002245770628e-05,1.20399214674687,0.18880145393303,26.0266782506932,4.5949152128627e-06,8301.88765863802,8767.03680217125
1.90625168229584e-05,1.67773441298919,0.055593734193635,52.2492335127198,8.15358740756293e-06,4094.72932611075,4324.15423733068
2.38722972034486e-05,1.63062757323565,0.0297366735399598,36.012599636582,9.51506935653439e-06,5967.07972901343,6301.41116536539
1.74761718136417e-05,1.2198789330163,0.00731492775093214,31.5755236624383,3.17317517262584e-06,6819.21890069302,7201.2951177715
1.22656646976136e-05,1.23281366888096,0.0621103057566309,60.2295088276892,2.46970231062255e-06,3547.61765191593,3746.38826653092
1.39406952604232e-05,1.05474441155945,0.0700229777067328,53.3466576724679,7.7803339562586e-07,4009.69223780003,4234.35257854843
2.00139572279854e-05,1.75142421463473,0.0175246427792665,62.6267365173833,8.7396939168977e-06,3410.72293738768,3601.82343385179
1.86086596256392e-05,1.6111557974424,0.0748064506377168,117.651609828684,7.62935618169308e-06,1808.71434258722,1910.05538235368
1.43428453892078e-05,1.18294277694395,0.0686607443584401,64.5152502270727,2.38161838332648e-06,3310.09905557951,3495.5616640877
2.35338184765661e-05,1.15978886414338,0.032895780425659,61.46652180929,3.35255629096578e-06,3475.63309759128,3670.3704663749
1.40426864361204e-05,1.77409765890547,0.00659166396265271,33.746375968874,6.16785950963589e-06,6373.88231153822,6731.00662110518
2.18622679746374e-05,1.38464008877167,0.0237824163387825,46.9885283223784,6.22094613025616e-06,4558.12839024138,4813.51723721394
2.13811312351953e-05,1.16211586584604,0.168330331298986,74.067368141757,3.58628191254752e-06,2880.29568476838,3041.67670146986
2.1178675927151e-05,1.09322057431843,0.00530544338549146,42.5056532806401,1.81553152199363e-06,5044.61902370378,5327.26561142118
1.52223607635638e-05,1.72471880556034,0.00952053785137356,85.3624267976275,6.45774759202801e-06,2496.92320012838,2636.82411613264
1.26789454442337e-05,1.91616029769109,0.0367665572271952,22.5172139344689,6.29340077838024e-06,9625.60240883935,10164.918393416
1.40282537725791e-05,1.13207356833847,0.0710290407781088,85.7873173512949,1.76171690069912e-06,2484.4835609945,2623.68749244213
1.42817604398159e-05,1.38544203478594,0.020824726122795,45.8753835320488,4.05775338865916e-06,4669.95692482698,4931.61144886287
1.5143556923057e-05,1.36284505847266,0.04608008483856,95.8138274052066,4.2265277511094e-06,2223.12396656677,2347.68409692951
2.358119223388e-05,1.29718699112851,0.00311310667866932,33.5430552928958,5.41922022840452e-06,6413.10808240207,6772.43018534711
2.0769444181527e-05,1.37086404881644,0.109664116731926,50.5042649110847,6.31074856184078e-06,4237.62998332023,4475.06152159228
1.66041362744747e-05,1.55434235715126,0.065046760899516,32.7718561952153,6.33358898485559e-06,6566.3860821154,6934.29624758559
1.72814716055766e-05,1.55557029331228,0.00181691756688951,66.8307602276598,6.18318681056025e-06,3194.54387382537,3373.53200375304
2.30728772789212e-05,1.55296433800602,0.113454435563432,92.8840489778796,9.26668750867968e-06,2293.62732668258,2422.13771256823
1.52410124764061e-05,1.14967943301618,0.0551730735237586,102.688940788585,2.10009946854509e-06,2073.55316215296,2189.73294163269
1.33606093147052e-05,1.11575019946799,0.275484555337071,31.9373457359357,1.91304447687652e-06,6740.72109917053,7118.39913758787
2.10775684319213e-05,1.20300998977257,0.0665990398295498,53.8709888903016,3.81057501211143e-06,3970.29760643007,4192.75069266058
1.69627527648881e-05,1.48877753711666,0.0220590695608611,19.8561343848121,5.6945256198113e-06,10949.4827321179,11562.9748346853
1.69683209535694e-05,1.27192687994066,0.0773668027488148,73.8839074073172,3.93180216334752e-06,2887.49668446822,3049.28116830642
2.23678703117017e-05,1.42279419372132,0.121750322355208,30.6491180432786,7.56801616230909e-06,7028.79398807167,7422.61255537319
1.91296890336229e-05,1.07880354287726,0.056247973490939,71.3532455473637,1.48062320244998e-06,2990.63262533526,3158.1957460973
1.91176104448931e-05,1.13934437528127,0.0563700713154818,93.8589636528542,2.477749906399e-06,2269.67532640084,2396.84369793082
1.37757158330139e-05,1.33281635379854,0.0570783135778097,82.641333931176,3.64809765824129e-06,2579.64069113461,2724.17621214425
1.99150894830292e-05,1.0887696526455,0.105391745643428,77.1644698813642,1.81496441228997e-06,2763.93373673091,2918.79507228334
2.13488563697822e-05,1.58274088264845,0.00221143839264691,41.821810491424,7.87757348196467e-06,5128.11150019803,5415.43611483288
1.63728285638988e-05,1.04468352020509,0.00709651965985472,66.0918737959005,7.05297178071928e-07,3230.53150334991,3411.53599578926
1.21631092381608e-05,1.56986289713075,0.035129636776501,28.6264634557833,4.57592344384952e-06,7534.35765001572,7956.50260693179
1.30555679000476e-05,1.52923369354461,0.0111229565631786,61.1154077766517,4.5690019549775e-06,3495.7665717891,3691.63200549777
2.27181455826592e-05,1.07966912678648,0.0178203548537322,54.1138535268148,1.70675531821656e-06,3952.31156632289,4173.75690690621
1.79226919038277e-05,1.42376650795489,0.0582805458624295,35.8204155064308,5.66449420052624e-06,5999.55190625912,6335.70273671223
2.39475751003548e-05,1.15067169316786,0.00570188415644336,25.101672088731,3.15365875410078e-06,8614.11742441998,9096.76059029016
1.61301699469546e-05,1.12565573377235,0.0139424457447725,94.2844627886078,1.82602318383384e-06,2259.3776373876,2385.96903637569
2.20759481320074e-05,1.6893931019022,0.028897457714035,34.0927520019463,9.27642202629846e-06,6308.15123060152,6661.59267221623
1.44940588917565e-05,1.4327285620906,0.0519989990765027,56.2321093853886,4.61770429584834e-06,3802.08460899604,4015.11283489299
1.53824373875549e-05,1.41143896001637,0.0474596757075619,83.205098704031,4.7073661856649e-06,2562.05596988759,2705.60623087401
1.69336686405838e-05,1.82646389328808,0.0467486727413343,50.0204226203194,8.03801007446757e-06,4279.03680416917,4518.78833857297
1.72364163405038e-05,1.24831322138176,0.0335104236586938,58.409585941486,3.54746628288024e-06,3659.1139859452,3864.13166465131
1.99521120004607e-05,1.5901760474337,0.0483750206975299,32.9603821359172,7.78126373754505e-06,6528.24326131544,6894.01631036626
2.36237886724491e-05,1.52593185407347,0.116680917059801,39.9323871704151,9.21752085534015e-06,5373.85342074769,5674.94678877623
2.25384176031193e-05,1.56293273804771,0.0917136657848314,62.2697339118291,8.93728672479314e-06,3430.43631372012,3622.64133731038
2.25740606067767e-05,1.2795270201179,0.0746296003293382,49.6519459745346,5.32914621057383e-06,4311.11759893806,4552.66659854787
2.34014295905828e-05,1.13744974008087,0.137759843359397,53.9110682782916,3.27954683073366e-06,3967.31814160847,4189.60429044269
1.37952823381405e-05,1.25927511450554,0.107867129690391,65.4070326453855,3.18371646429822e-06,3264.61853348385,3447.53289913811
1.62516154384352e-05,1.32019067635644,0.000939609735791692,46.8942439871972,3.94520658941197e-06,4567.39232708262,4823.30022616292
2.05111623131046e-05,1.59409865892954,0.0302047150360371,88.1501947708412,7.88214258640019e-06,2417.50528169789,2552.95646551376
1.55831358522288e-05,1.02661340257145,0.0854591026262128,32.1762461983431,4.41710558018723e-07,6689.87448242138,7064.70361933524
1.66327216375256e-05,1.13428053394036,0.0194941240899157,71.0729127862907,2.00816000784552e-06,3002.51254167496,3170.74128610452
1.3627924617961e-05,1.77873655363294,0.0312631730937683,31.5345932013813,6.15880774629219e-06,6828.21409035714,7210.79430182102
1.78556471043751e-05,1.36024864486994,0.0794766550908388,47.4111300241179,5.13707876181732e-06,4517.0630960937,4770.15108244429
1.89111016807649e-05,1.1548005904854,0.0981787655368586,84.7916530707569,2.81094759189362e-06,2513.83129752032,2654.67956277141
2.35657883605259e-05,1.16913230141055,0.00819988534336102,59.0082270877193,3.43724418525427e-06,3621.67303963982,3824.59292747919
1.98217374850335e-05,1.42984284728396,0.199123635157737,18.2049181481601,7.44022532289545e-06,11971.1859971533,12641.9234417704
1.42330451896889e-05,1.53813157646471,0.0502966351226962,57.6420759447366,5.24322156973007e-06,3708.26426467098,3916.03580020987
2.12718619204313e-05,1.16377540552473,0.00836044916143988,48.2464847520486,3.01871314671282e-06,4438.0284124906,4686.68813904065
1.89494796304833e-05,1.252954073757,0.0189967960891249,96.8210836716693,3.89964403725211e-06,2199.87572329643,2323.13327033228
1.46639159133229e-05,1.53530362887342,0.0529054235878981,59.5910245440841,5.39828324479605e-06,3585.95182651897,3786.87027897733
1.30833896481413e-05,1.81256922709449,0.0769566601571641,48.8259614715892,6.35415150212815e-06,4384.80818256576,4630.48601567348
1.78784749618806e-05,1.61305726572481,0.0529634504792364,42.232789579931,7.17474740017507e-06,5077.60566831378,5362.10047539036
2.20945291784434e-05,1.0821561472908,0.105703107692602,50.1226281753754,1.87560912999477e-06,4270.22286224958,4509.48055745637
1.55683332557911e-05,1.52516332402284,0.119988107887903,54.4521699578476,6.09149048398004e-06,3927.52648828099,4147.58313772591
1.71826662611738e-05,1.54775373093649,0.03549249302959,132.010664164344,6.30464430657752e-06,1611.22698820174,1701.50294523903
1.7445086109194e-05,1.60367583077972,0.00540269655040898,35.1207790654237,6.60245443019458e-06,6120.81096650033,6463.75585998297
2.24520946563436e-05,1.47626442164347,0.0289920669887192,53.0034097575145,7.4594693564395e-06,4035.90770544276,4262.03688109025
1.81876852708496e-05,1.10856227009694,0.00353197241933163,43.3902795672672,1.78741319396638e-06,4940.56255286637,5217.37892698907
2.29157936484888e-05,1.24046351656977,0.123394660337043,48.7690593292615,5.06738996045286e-06,4389.97759790075,4635.945069849
1.84757014204832e-05,1.37258413117923,0.0105211378347146,14.9461362877333,5.06840909414879e-06,14673.624756088,15495.7780142955
1.99980801572688e-05,1.12651991828338,0.0209799652641858,46.3507445865146,2.29407630617393e-06,4621.53693579144,4880.47852063134
2.0141321677384e-05,1.39098404430677,0.0124480668680442,43.0448753390735,5.73265782134296e-06,4980.67661274929,5259.74055048226
2.28252957692491e-05,1.42035691767191,0.00096678232209401,26.6812897851617,6.76156564809811e-06,8094.26419101214,8547.78033225545
1.27189170167204e-05,1.49429534040282,0.0349063660681264,26.5699441499083,4.35938238732004e-06,8128.84353636115,8584.29713490748
1.32049392980207e-05,1.40468350395458,0.0639686566578608,35.1745557244786,4.06421607934175e-06,6111.31690294379,6453.72985047467
2.36003163063666e-05,1.21017719906087,0.0492978037217588,115.076516168679,4.31120905303701e-06,1849.36549410437,1952.98419036166
1.91695724705737e-05,1.75664581347484,0.0418811288523004,46.4770158922513,8.61772455428584e-06,4608.84334178453,4867.07371314824
1.88425952351689e-05,1.43647458660116,0.0984183917661446,62.448295222664,6.35019867411233e-06,3420.54790849252,3612.19889143423
1.31915414637392e-05,1.41134022112453,0.0258538259097289,65.9848096634613,3.94670758602071e-06,3235.81345325638,3417.1138897721
1.96818700672165e-05,1.13485036264014,0.0191539971983899,32.4746253111565,2.38435171139706e-06,6627.43603941117,6998.76679264604
2.32934962309543e-05,1.39377453882499,0.0263271144039011,56.722700876547,6.75874775420089e-06,3768.90638903669,3980.07566173737
2.17006613950962e-05,1.64767646710098,0.0401840330085852,55.7666652377376,8.8871231494709e-06,3834.10670006203,4048.92910203626
2.20876119009107e-05,1.22130307770722,0.0837975412513459,54.0501091808358,4.36828201679235e-06,3957.01654552104,4178.72550290265
2.33251518054558e-05,1.17998701577651,0.000226984756405726,72.5353791372573,3.55858128116672e-06,2941.5533837116,3106.36662780158
2.28383299622163e-05,1.50485160109295,0.0625068798310965,70.2746121216354,8.17251075573403e-06,3036.86585838111,3207.01939588188
2.22205300299553e-05,1.35712346282878,0.0615222321589528,22.6899595129779,6.23044390481457e-06,9550.64303213297,10085.7590935947
1.48949535531364e-05,1.46426191826426,0.0881053849642591,24.3218004529398,5.17882797246216e-06,8896.20560433131,9394.65397989378
1.88058397311084e-05,1.26899249906024,0.0282363739633022,38.758147095183,4.10208589597834e-06,5538.8091800242,5849.14490753812
1.51696284476146e-05,1.26482081440152,0.000512547617078059,37.2137947779887,3.17770895596364e-06,5771.82537755666,6095.21684482139
1.67539665676653e-05,1.37962086605919,0.0228757442657082,93.4992028135382,4.71792113689042e-06,2278.45557375987,2406.11589660346
1.80650505839121e-05,1.31532778524634,0.0196372700461207,107.760673270195,4.41745968538495e-06,1975.50545526264,2086.19168812253
1.68522782251406e-05,1.41679302899637,0.00345639723400509,68.8716379646155,4.97472411474291e-06,3099.18401868695,3272.82920050824
2.00918108453974e-05,1.35090057663583,0.0777747124083962,68.2123956687468,5.65891382515445e-06,3129.35851004369,3304.69434818174
1.70558688356392e-05,1.43063397280704,0.0714845222840879,31.8648266410852,5.52912352177665e-06,6756.30906138938,7134.86048277378
1.28176828523465e-05,1.30944470294921,0.0279004056319643,34.3425156284613,3.11593855091582e-06,6261.58918077706,6612.42178227159
2.05063475971045e-05,1.27626376952529,0.0795935981457873,107.368758221208,4.82261196805536e-06,1982.75024417294,2093.84239764935
1.45486261791307e-05,1.0781839382224,0.0230376306423229,29.5714622927998,1.07984732180642e-06,7289.39621021431,7697.81614354449
1.59222628913764e-05,1.31492287493997,0.00637464254618646,79.5463291687235,3.83777119555806e-06,2680.64739515673,2830.84225339169
1.68836024610819e-05,1.42139534541362,0.0976780209508614,64.1928224011232,5.54715166250946e-06,3326.85623068602,3513.25773236759
2.10358093936918e-05,1.57809606404198,0.0222496439247353,39.4978455147493,7.88112832012408e-06,5433.73923159149,5738.18796104736
2.14125875054263e-05,1.29217328057619,0.0740347660572437,37.0412469044671,5.22858274840691e-06,5799.08334666929,6124.00205948448
1.87330752500575e-05,1.51993029943749,0.0158732271652846,26.2217590926053,6.51135199345971e-06,8238.90794943405,8700.52838251
1.44378680126639e-05,1.4041770018005,0.0114796338627674,45.6970551875782,4.20398177351545e-06,4688.38408759794,4951.07107308514
1.58449667772604e-05,1.58730186826722,0.0071788228382674,75.9166470516388,5.90493615202864e-06,2809.66634342434,2967.09004596
2.38640780304708e-05,1.41901792297503,0.00124358460381835,25.4056443750542,7.05536393335803e-06,8508.95406953369,8985.70500384548
2.36425379614234e-05,1.49121936318422,0.0112532857420624,95.4056165874521,7.87648702546882e-06,2232.68630905255,2357.78221098921
1.72947492019543e-05,1.72711279548069,0.0344695373914972,61.5639549731196,7.54087041287687e-06,3470.0871568307,3664.51379030917
1.61187499680687e-05,1.47171570148647,0.0393934777515158,79.1068010033985,5.37817405703941e-06,2695.63657815108,2846.67127015865
2.03785890671695e-05,1.10299142117971,0.176853016757674,73.4235892753373,2.31161056098011e-06,2905.7241005838,3068.52985420347
1.36815060466407e-05,1.24263423294155,0.0407830464229409,50.8614031013033,2.78496394061684e-06,4207.57682334878,4443.32450341942
2.1281667885513e-05,1.24043022968056,0.0478467530493819,90.5465663025303,4.33217245872564e-06,2353.16788629423,2485.01428941446
1.32788228165489e-05,1.20426657939506,0.00756853327200644,29.3501134196877,2.26948811952475e-06,7345.33434662096,7756.88845585308
2.19381649649609e-05,1.13072013427326,0.139385792276829,65.6423878248514,2.94691675630906e-06,3252.82321652034,3435.07669855284
1.93300942771845e-05,1.25610957927688,0.042938277310053,52.0083346019225,4.11797275103575e-06,4113.88113251252,4344.37910647566
1.82759102368355e-05,1.71112443633187,0.0443496430911793,67.6379508619419,7.94759144255743e-06,3156.13486986616,3332.9709693123
1.40115653101858e-05,1.30821063760369,0.0176822785845968,44.8364184082168,3.36045747284117e-06,4779.4003391358,5047.18690356109
1.31740371761061e-05,1.60018648445284,0.0146914445367774,19.7282817768538,5.0148321835971e-06,11022.320715415,11639.8938808613
2.07973261293853e-05,1.25354352002995,0.112301535544158,48.0644737016566,4.73854160120843e-06,4455.01229859703,4704.62362078425
2.29052418364808e-05,1.24900440036858,0.0213058338538586,31.0503060824324,4.66574207920472e-06,6936.47494243401,7325.12093612627
1.23088294220567e-05,1.12120014815663,0.0704264898901679,33.0234219878411,1.43135454279587e-06,6515.5876309131,6880.65159356278
1.36551554082781e-05,1.04129634726514,0.0933673161285978,39.1818934415773,5.97304796801077e-07,5478.12670668446,5785.0624363109
1.46229122388745e-05,1.32099504150148,0.10215963329541,73.6617814746197,3.95753362828864e-06,2896.26366391074,3058.53935567016
1.25349139044955e-05,1.6636704623732,0.0699065571732747,18.7748709172657,5.3761815651371e-06,11597.6417609443,12247.4497749682
1.53994881150406e-05,1.26739283084553,0.00764768330540521,30.8496872232052,3.27395088241497e-06,6982.3350104236,7373.5505126692
1.55943920400264e-05,1.34229816081652,0.0808906143445968,15.6580925738688,4.32662528352971e-06,13983.9105614599,14767.419600412
2.1768097710114e-05,1.15638092522236,0.0112180361062603,37.8761452377193,2.9770986521784e-06,5669.52934723416,5987.18923719406
1.49390452052085e-05,1.28501020010277,0.013069937740343,44.401557249684,3.35725011674224e-06,4826.74614029585,5097.1854578979
2.29656362334648e-05,1.29143541866265,0.108272506623532,66.9057540291383,5.81171717694165e-06,3190.93605320347,3369.72203938488
1.37787258358458e-05,1.71411708146065,0.133541657859376,49.1143202927157,6.62495542194435e-06,4358.79758446119,4603.01806137131
1.50443024794562e-05,1.03899329972561,0.0214999196164931,108.985977248191,5.77007889897962e-07,1953.19262526175,2062.62868536678
2.10643143875208e-05,1.25525703344677,0.0362486165691481,30.9611210987363,4.4444477325721e-06,6956.7874051584,7346.57149238165
1.56776669157436e-05,1.62174038938254,0.0104639103610069,86.5458422588618,6.07394191515869e-06,2462.58145365057,2600.55822485567
1.46392193437256e-05,1.35967012643838,0.00350683766479854,30.9249952791809,3.88604674913851e-06,6965.04919380175,7355.29618344786
1.24510530490447e-05,1.28926100817636,0.00537551755225358,53.8314478122543,2.80860422547265e-06,3973.24144254433,4195.85946991877
1.67667138545662e-05,1.31158358711958,0.0409757733303885,69.8733687482985,4.15326176483643e-06,3054.43116333855,3225.56887298098
1.82399190920535e-05,1.52090016184949,0.0072757499489957,37.7698632590313,6.2927439950964e-06,5685.69900612488,6004.26487112245
2.3764299088466e-05,1.73317735646843,0.0420370450092826,48.6321139307434,1.04937655854741e-05,4402.46885100924,4649.13619941017
1.2244998298212e-05,1.36775606813467,0.0236648698028049,42.3766767525752,3.37213946720223e-06,5060.15748645793,5343.67468372091
2.38351724496195e-05,1.47401029512164,8.04763666573099e-05,43.6697859436522,7.66531726681058e-06,4908.57159914726,5183.59554179712
1.26022452949919e-05,1.25135338234094,0.0140761432286512,44.7440738195149,2.56746036407089e-06,4789.37657451746,5057.72210065536
2.13087820708891e-05,1.3835574133059,0.0353194002267948,68.6251670279877,6.12348400957445e-06,3110.39699919232,3284.67043671797
2.23081040867781e-05,1.08059676960862,0.106185559938178,34.4916982881381,1.86147981363503e-06,6234.10436418477,6583.39701001817
2.21458193273759e-05,1.1920228282751,0.0146176785894209,41.9672121523252,3.6203077698707e-06,5110.12841714897,5396.4454518186
2.39387824574579e-05,1.25859285209713,0.0266249002753009,46.1847558412573,5.05291904816406e-06,4638.32993923838,4898.21242468931
1.43831179322954e-05,1.21472287327753,0.064161951512767,12.1159418700908,2.71673130914026e-06,18252.80499529,19275.4972985042
1.98514679591283e-05,1.1010523880033,0.120678757896932,18.3627059007993,2.07192357626038e-06,11865.3846548303,12530.1941218849
1.6580638622121e-05,1.22609330226509,0.0273485527770507,41.9377678002255,3.14340798631496e-06,5113.75986318864,5400.28036532068
1.2902834140012e-05,1.36467096068885,0.0328510379361522,34.7206987610843,3.56499667503623e-06,6192.38058875266,6539.33547970365
1.60784257394252e-05,1.2781765959554,0.0861074584784242,69.4343815099705,3.828867355686e-06,3073.88304136536,3246.11062656096
2.16350083650984e-05,1.87790996984808,0.0198505325859757,51.2671513112615,1.03188261516559e-05,4173.94626574638,4407.80964844894
1.56259173255013e-05,1.26126383976596,0.0514620707040374,29.8835738109935,3.41237652836958e-06,7211.95341243636,7616.03427825076
1.88998046939112e-05,1.24799574628769,0.0295071492572651,38.2899137429646,3.86979174540443e-06,5607.44537628435,5921.62674339477
1.36951741589354e-05,1.17551776850419,0.0470162229418716,53.5195320416461,2.14569335058881e-06,3996.61754338016,4220.5453178543
1.47080787884295e-05,1.15835621105745,0.00338904195639973,83.7388688496813,2.01751536566469e-06,2545.62636182537,2688.25608299808
1.76264549188754e-05,1.70333647682139,0.0433188804119777,50.6267990174648,7.60768137349929e-06,4227.27048107876,4464.12158345559
2.01248337171944e-05,1.38801629091872,0.0888581785788943,26.2330561296161,6.17435878281043e-06,8235.29008576216,8696.70781238656
1.61636741627147e-05,1.88769705460262,0.0898252348784526,92.0680577281446,8.35102352313176e-06,2314.06695282418,2443.72255712097
1.42599187220586e-05,1.54590585495616,0.0450123632379419,38.5242348753983,5.27287430134896e-06,5572.88597360488,5885.13100078656
2.1848656534167e-05,1.58151893914019,0.110232707178544,39.6698842712792,9.02872897818101e-06,5409.87100974857,5712.98241889797
1.87213949818248e-05,1.59915305069394,0.0578880615058292,46.7124560277553,7.44516992186639e-06,4585.36067738167,4842.27533096119
2.34599966416229e-05,1.10018016735714,0.0765010671406525,67.2147959892188,2.31312111425658e-06,3176.15417266778,3354.11194009296
1.80887613191195e-05,1.62883040048367,0.0522571214490338,104.33447680393,7.36830332583325e-06,2040.69163404728,2155.03020436085
1.60646509125754e-05,1.36617772647819,0.021075502996343,46.9347402964838,4.39844992342925e-06,4563.40873991522,4819.09344130419
1.95510116252946e-05,1.14995165233545,0.0189053140262678,42.5200387638567,2.5984915455011e-06,5042.89184461121,5325.44165965369
2.1018716356298e-05,1.52452126341887,0.0896000402657417,58.7622434048886,7.94315808770279e-06,3636.96452291532,3840.74118220733
2.26998147885455e-05,1.68241429967464,0.0673404120202629,65.7618984376907,9.87196126364002e-06,3246.86626259162,3428.78598052951
2.15759478492262e-05,1.69839077052323,0.0155693182579015,56.6445611646208,9.01230815417278e-06,3774.15207648564,3985.61526150174
1.45915069518127e-05,1.14300594659256,0.00388119252796026,72.9292218482599,1.83268677993373e-06,2925.55781954246,3089.47484300413
1.26649265931454e-05,1.15197657999512,0.033044038941262,35.7894180435356,1.72791862571055e-06,6004.82248819889,6341.26862578888
2.06561966401711e-05,1.02857569619524,0.0300260089063038,32.7518875668979,5.91618267804278e-07,6570.45228534121,6938.59027742454
2.01975547184581e-05,1.18730509571259,0.0116221071640867,17.8918060707203,3.22369644728841e-06,12186.8261356489,12869.6457511959
1.92875958371283e-05,1.57963496981063,0.121395415747362,39.4575909908981,8.05512815567676e-06,5439.35448091159,5744.11782898425
2.10563768245149e-05,1.15094774978313,0.0601040085657333,80.3691058417393,2.93808983885471e-06,2653.03181030009,2801.67938601662
1.60346479297243e-05,1.03150395679381,0.0814541700768025,90.6460251578673,5.33144829287468e-07,2350.57156339577,2482.27249630221
1.95079103808654e-05,1.30181941273425,0.00209315993111881,61.6417854448032,4.53219604591751e-06,3465.66971028054,3659.84883722027
2.09412188352803e-05,1.32752648772169,0.0505634366095571,43.6305703678866,5.44163653428021e-06,4913.03501563098,5188.30904048383
2.33385255163126e-05,1.50144197579246,0.031723654986073,35.526936971804,8.0496248933211e-06,6049.82686862544,6388.79457117408
1.48747277754061e-05,1.22384530982466,0.0070091340012558,55.2710347930832,2.73979917918064e-06,3868.80396507699,4085.57043131326
1.58793100645049e-05,1.13110263518757,0.0636222522852134,47.5505418979077,1.96554290702958e-06,4503.6779216758,4756.0159457681
2.05816748668263e-05,1.16011480686679,0.00305811876441386,77.5047531574601,2.8492622854926e-06,2751.71959562572,2905.89658112336
1.97682928093364e-05,1.28095004523186,0.102519433155102,77.0483809798006,4.83093527869435e-06,2768.12547987522,2923.22167595742
2.20285407170774e-05,1.05372670379806,0.0717847096600289,73.6048043115707,1.21000976159566e-06,2898.52105361446,3060.92322539029
1.54242074510241e-05,1.10768097814217,0.0960335593562929,58.679494318083,1.65869813853736e-06,3642.1376565952,3846.20416306408
1.53442643571133e-05,1.70973207960696,0.0246285556819094,62.5641378134562,6.53033569539659e-06,3414.16318607405,3605.45643734235
1.87928375529125e-05,1.37328983079712,0.0554488277597833,96.2632580275357,5.40806676892044e-06,2212.69033878103,2336.66588004451
1.45088250318998e-05,1.71945748495716,0.00571969549857836,60.3922497888838,6.10563371330078e-06,3537.97751366698,3736.20799786411
1.61812032613372e-05,1.06906658305403,0.00114236863444683,53.3287858078581,1.04655820358473e-06,4011.04878904868,4235.78513644489
2.07305924265906e-05,1.16586659999863,0.0125974451468522,57.0919814403701,2.98688439851805e-06,3744.31179973857,3954.10305425615
1.62241722894916e-05,1.22206743171509,0.0751561398020795,81.0510679290892,3.18769014809411e-06,2630.57011202969,2777.95917400303
1.97822170152571e-05,1.73164216197966,0.00266446204846023,92.5461905609421,8.38041673908612e-06,2302.04632272739,2431.02841926014
1.66179680915857e-05,1.40592421577383,0.119517492861898,44.9869182136488,5.44918709862733e-06,4763.23020369246,5030.11076637917
1.33282481895816e-05,1.90922743719517,0.00808612523634597,45.109167205291,6.39894111412306e-06,4750.17573624123,5016.32486595704
2.29331840284355e-05,1.66162972600912,0.0130053829351685,79.8393070708642,9.25167108442834e-06,2670.74825045017,2820.38846631086
1.54690213518525e-05,1.14481359480055,0.0545749803409294,47.445781840656,2.06967972965001e-06,4513.72869038618,4766.62985224302
1.63605459565753e-05,1.81472420218694,0.103068895649292,56.9571448884696,8.18899042101201e-06,3753.25480351419,3963.54712847719
1.6695208082431e-05,1.62098114603917,0.0497622088300569,67.0980229825679,6.73057558171332e-06,3181.72345205854,3359.99326243651
1.23460974417692e-05,1.73986179134624,0.00746401861960964,37.4043930667122,5.28949084272027e-06,5742.01226084582,6063.73331937047
1.37615645499034e-05,1.47924168896573,0.0468686211809636,49.5263988851087,4.67761125721782e-06,4322.15829863526,4564.32590117242
2.37764368547145e-05,1.11424685436334,0.0595845360329259,38.007319275299,2.59226139789085e-06,5649.69899654251,5966.24780538214
1.77377995412461e-05,1.31098574217977,0.050452459543568,21.8241027119305,4.43115890172288e-06,9938.58256620531,10495.4346170512
1.47142775312075e-05,1.11616181160811,0.0204639649527605,149.406981606765,1.56332115670641e-06,1422.99108094773,1502.72030757362
1.41280448106956e-05,1.13852071683439,0.113939076764706,48.5474355043023,1.93992633911378e-06,4410.22828746529,4657.33039183621
2.07580906701945e-05,1.26640184172632,0.000798207841809002,21.2737590321991,4.37009477134856e-06,10201.9784335427,10773.5883764657
1.77907094638199e-05,1.0772129277529,0.0828676664020113,60.445953016486,1.39040476257921e-06,3534.80783134432,3732.8607203874
1.77698804094438e-05,1.04918368697616,0.0172552237951432,59.9717666396625,8.47628312742889e-07,3562.99324577007,3762.62534449646
1.91828575396976e-05,1.43515958377732,0.0535037336856218,84.6134064997021,6.1451685737343e-06,2519.15853810899,2660.3052850427
1.58240144034522e-05,1.31848240044131,0.0136567453650286,45.9574954467836,3.87518732883748e-06,4661.52069103069,4922.70253859993
1.28866041311016e-05,1.86082816925281,0.00316770542798553,101.415232590878,5.98027235091575e-06,2099.72507444478,2217.37124844679
1.78073949558595e-05,1.17280516219782,0.0357681732124119,50.4335094088265,2.72108249281742e-06,4243.63508225601,4481.40308215482
1.46701916019637e-05,1.35591305788037,0.000424897808275904,113.394234336266,3.85235280051467e-06,1876.92398171148,1982.08676136698
1.27254987596059e-05,1.4657563728834,0.00861223567604852,66.2093551213468,4.07870864210878e-06,3224.75543409185,3405.43629728219
1.30729333668295e-05,1.42341942568032,0.00299806158553786,55.3572519135945,3.90040077162115e-06,3862.72317149108,4079.14893498061
2.21040997260846e-05,1.10154923183405,0.0411824323400843,55.5112813225679,2.1251986313789e-06,3851.90710312409,4067.72684962758
1.93422626026729e-05,1.22664588474687,0.0364985148472649,70.7131504451885,3.70915292418101e-06,3017.89751386742,3186.98826787032
2.07423527952908e-05,1.64278370043105,0.0189303129832175,58.8857397863136,8.27243529098136e-06,3629.27130978195,3832.61692355188
1.22763031340763e-05,1.3291778417274,0.0466424602554026,75.4995300464632,3.18899353481579e-06,2825.29303120166,2983.59228647121
1.31826979634855e-05,1.93027539197722,0.0572289250148138,55.5795098133278,6.73882317600376e-06,3847.13537847518,4062.68776847797
1.71684798213663e-05,1.62578367394154,0.0480495629805736,98.320798656876,6.94178231739266e-06,2166.14828961722,2287.516111384
1.52831769445315e-05,1.67375314662273,0.00195507439240501,53.044749846485,6.16405200089724e-06,4032.7322243822,4258.68347997628
2.18265277929632e-05,1.5945489340876,0.0920886730752766,33.862342785284,8.96355187954422e-06,6351.72350391173,6707.60627049317
1.45678635843415e-05,1.1433379535246,0.00217828827439969,59.2126185366486,1.83030368915182e-06,3609.06459413615,3811.2780393123
2.2263468897365e-05,1.59258049083166,0.00630294606528383,43.4291173379068,8.33633265184969e-06,4936.09244478367,5212.65836177762
1.67116089452952e-05,1.79072423658303,0.0239545046628278,51.1054959597971,7.56026512705039e-06,4187.28048130649,4421.89097107704
1.25265802988559e-05,1.690548660685,0.00906901297884972,36.6926733451242,5.16357177746168e-06,5854.94169684931,6182.99011519821
1.50963163717389e-05,1.47603059690959,0.0259235914154497,50.8800648084148,4.99816607791499e-06,4206.01815674489,4441.67850578123
1.56019993290994e-05,1.22833343205886,0.055061081717296,67.723676519985,3.06918101181879e-06,3152.10992304463,3328.72050744603
2.3304418371412e-05,1.4374742436526,0.0423158598887342,72.7593770901305,7.40555616505795e-06,2932.43452569037,3096.73684634065
1.33894210874392e-05,1.31040009353379,0.079025487165423,38.180858056776,3.44370288346518e-06,5623.67630878778,5938.76708405489
1.2929499367076e-05,1.50639089354707,0.0450882018777551,32.854012154692,4.55156429744275e-06,6549.70951765174,6916.68530650829
1.64785033011949e-05,1.1774611835567,0.104722002198886,69.5347825101925,2.77401300129208e-06,3069.41237135511,3241.38946793755
2.26908520555515e-05,1.14561154074796,0.0216361526510651,78.7487000209196,2.94780481987628e-06,2707.97334953213,2859.6992624858
1.62101852915017e-05,1.32384097544573,0.00377437188527824,59.875456670062,3.98033086810037e-06,3568.77287256136,3768.72879986295
1.59429516040972e-05,1.68622292102781,0.0361484715639822,51.7124060265864,6.73133997557131e-06,4137.65451509591,4369.48449558604
1.5123411492493e-05,1.29669708299324,0.00841733976192476,86.8051649435295,3.48970689234361e-06,2455.18192495303,2592.74410557612
2.32369053799678e-05,1.27734695747188,0.0615882088986392,25.7622434617693,5.37636140132236e-06,8388.81099380938,8858.83039294839
2.04831793007618e-05,1.67476801270336,0.00984820561979061,92.4036005326435,8.33463137363334e-06,2305.61805790972,2434.80027634598
1.20045150496177e-05,1.12983936487466,0.238593043941244,51.5005480547828,1.81180046617395e-06,4154.84356851091,4387.63664002357
2.15308646135358e-05,1.46945181227868,0.00773048253307213,29.816886979074,6.93199185965775e-06,7228.36154966192,7633.3617522936
1.88381017293585e-05,1.48592640550721,0.0135011479239687,89.3087732144542,6.24461147680711e-06,2385.96640345542,2519.65048528127
2.31703470402751e-05,1.54187154958158,0.0579337064498668,46.1519930065223,8.64347371213234e-06,4641.65897210507,4901.72798101313
2.08370868012328e-05,1.69999201076999,0.408187192344312,53.0843680345559,1.44970357890304e-05,4029.69369442732,4255.4747032457
1.8511509316083e-05,1.48242030936905,0.0360542177414289,60.2799040884185,6.24935228969301e-06,3544.62682312973,3743.22986363319
1.42246436459776e-05,1.11801838789537,0.173852630738849,40.3292753958675,1.81751062735777e-06,5320.2986746803,5618.39140655358
1.96457270012358e-05,1.75301914874239,0.0400145281694567,56.9003083047166,8.7905036270846e-06,3757.03728907859,3967.54154414629
1.77544117287202e-05,1.25678088866598,0.0291355833455859,36.727586117562,3.73630948567203e-06,5849.29853284013,6177.0307685311
2.23744209450139e-05,1.02022254646039,0.0310650983811506,33.9138169167501,4.57707573606129e-07,6341.93718395,6697.27162965121
1.65621085622543e-05,1.21082066790786,0.00610398790699597,48.7241630848524,2.9013544702656e-06,4394.06491869736,4640.26140046194
2.04469527849639e-05,1.32605250941828,0.180003828691097,75.5798606795469,6.13101221226365e-06,2822.27005953188,2980.3999397459
1.33337828038931e-05,1.20621849389382,0.0261966028662456,41.3901169597665,2.3408724198254e-06,5182.25641886133,5472.61473662233
1.80495081794579e-05,1.23384117821907,0.00159719654537821,56.0440225147661,3.42620588601117e-06,3814.96017562078,4028.70981079647
1.50674209404141e-05,1.27618081409064,0.0023232864050708,58.2290362569613,3.26831438484182e-06,3670.55857096315,3876.21748201763
2.30584463752527e-05,1.45599622925791,0.00854983804512572,28.7255427549676,7.28366607598517e-06,7507.90447004861,7928.56727320504
1.84521588167623e-05,1.16349074526607,0.00252129006097446,37.8634607584831,2.59935593374629e-06,5671.45431906261,5989.22206389049
1.81421028343085e-05,1.18059787444575,0.00977428894191178,73.0440993009363,2.80256757774377e-06,2920.92489576908,3084.58233964911
2.36109888303252e-05,1.49286235222838,0.0622584196285985,30.4893141767543,8.31238609726633e-06,7066.25520179499,7462.17269553296
1.39712781585502e-05,1.45158765800707,0.208204091021997,84.8051029709618,5.48925483164395e-06,2513.43023552489,2654.25602954397
1.60309126682589e-05,1.25793105714984,0.0150961470265336,41.1313957720608,3.33736816837545e-06,5215.25785584793,5507.46522177494
1.99784014592785e-05,1.38659706448701,0.0655712213377703,97.4197025138892,5.96092062719749e-06,2186.28807844353,2308.78431893972
1.25663538806504e-05,1.25464775857865,0.118270173112822,83.5628756415838,2.89258039343957e-06,2551.02015246035,2693.9520840697
1.82769154019225e-05,1.70299873719593,0.154892398966316,31.6970604410061,8.92731809975886e-06,6792.64818791224,7173.23566594711
2.22816257550186e-05,1.04841611683866,0.0121784244935098,48.045007617417,1.0416332521413e-06,4456.83642358539,4706.54995026043
2.16904716808191e-05,1.50800396723831,0.0248870594630767,31.9211776156239,7.49322809352074e-06,6744.19019851056,7122.06260821468
1.3309652268447e-05,1.79325632807046,0.0664055992101621,49.5679057377736,6.30628012009884e-06,4318.50190434243,4560.46464158345
1.9732074958588e-05,1.47037073879803,0.126934471223739,76.1380061344379,7.22984670539578e-06,2801.44344938692,2958.40642873816
2.25094650601577e-05,1.24982928300914,0.0884730719809424,71.025771427673,4.93602538300056e-06,3004.51957058067,3172.86076748066
1.37349373357175e-05,1.26952038559913,0.0475977291979568,64.393794737954,3.06162412096823e-06,3316.39146782281,3502.20663592781
2.03299514935697e-05,1.20682121126246,0.0267109211458617,32.2264223531643,3.57962489905355e-06,6679.29251987355,7053.52875659188
1.48602440919103e-05,1.16764844936214,0.00719864946064414,40.4190845266157,2.14904006108275e-06,5308.32792361808,5605.74994241586
1.4605749454896e-05,1.65092333411132,0.0386324944321479,46.8278628320921,5.99005264928625e-06,4573.93725027034,4830.21185696468
2.35711527669495e-05,1.56433744180222,0.00626112336285965,84.3424875283894,8.55670662512722e-06,2527.29884995972,2668.90169305386
1.44552792701181e-05,1.20466672488418,0.0549632043167184,67.3696462576264,2.59867150916397e-06,3168.79886713084,3346.34452176775
2.2816431132515e-05,1.37368778856113,0.0427076454923193,26.3537305151875,6.48355972625378e-06,8196.84159076886,8656.10507425584
1.98712905584984e-05,1.41484701119037,0.049925917113525,65.0952616039744,6.13250432282774e-06,3280.37594434902,3464.17318706325
2.09737186662247e-05,1.33701951301881,0.0398472431192163,30.1053404577159,5.50608384296443e-06,7157.92005046937,7558.97346360378
1.2478840537481e-05,1.51206798564119,0.0170195444894145,64.4278615684824,4.29912539679611e-06,3314.6241076944,3500.34025180826
2.00878975185882e-05,1.12848628648437,0.0103635451489889,32.642953366129,2.31105597096732e-06,6592.7234889586,6962.10932149871
2.05678675876223e-05,1.62505279936374,0.0815627535678029,31.1391393690175,8.61348596582799e-06,6916.36016565723,7303.87914202828
1.59954882830484e-05,1.38375272501694,0.0924903404132735,72.106139229868,4.8880018076572e-06,2959.18696982072,3124.98821179906
1.43321174721038e-05,1.60142781273221,0.0948295922814666,71.4843673832243,5.9463299813229e-06,2985.10816639215,3152.36175546073
1.41635593010271e-05,1.0474207889114,0.00138617351739493,24.2753190924679,6.42120069385859e-07,8913.60304011268,9413.02618222055
1.86696226998372e-05,1.66861490789995,0.0843158432877969,57.9768528023023,8.16959629547835e-06,3686.66419769241,3893.2254961059
2.02140984314131e-05,1.24464174480832,0.115712899234197,36.8220933321459,4.49300711069948e-06,5834.07719593856,6160.95659043072
2.11524778921371e-05,1.74805870640986,0.00612247804529009,54.8370102971864,9.10749164955763e-06,3899.70831718569,4118.20633334241
1.97472812027726e-05,1.02559946133652,0.0263860834978829,42.3022480476058,5.06249681246568e-07,5069.16793139598,5353.18997778703
1.5658799946662e-05,1.28430083121494,0.0802307522848566,35.5989506151395,3.76862929820273e-06,6037.41256338826,6375.68470082134
1.70771359960595e-05,1.56840132007206,0.0832755512397032,58.3046430975918,6.75096327033549e-06,3665.75734437872,3871.14724595903
1.70710702884626e-05,1.21329390727358,0.00930734853901497,35.6575683438136,3.02919161735878e-06,6027.3451100349,6365.0531748742
2.28646489402559e-05,1.29985752201282,0.000648107933871239,99.492201615237,5.27782935495258e-06,2140.51520046663,2260.44681760685
2.02378514421182e-05,1.42838368966558,0.0462359262626999,44.7125429568826,6.363589253412e-06,4792.79248401157,5061.32940124519
2.22413164314777e-05,1.57518931677051,0.00089944439741284,45.1918795746176,8.12867332968684e-06,4741.38373405123,5007.04025383822
2.04305911072707e-05,1.19641409656021,0.0684220786394156,85.6504123100274,3.60033769968497e-06,2488.47821149133,2627.90596050114
1.65130598442284e-05,1.09662118336705,0.00947120407617513,55.3012465593364,1.46882116483067e-06,3866.67098641849,4083.31794330496
2.11192241754681e-05,1.38730322207957,0.0339541040637187,29.3061087048017,6.10309777893591e-06,7356.55746027851,7768.74039296865
1.69918373319246e-05,1.4584025331553,0.0128071148521128,83.2272780336187,5.41003927615422e-06,2561.36906142337,2704.88083539371
2.24475018205885e-05,1.10233972416877,0.00451027724974921,67.8574380008746,2.09339037344006e-06,3145.85008882666,3322.10993895594
1.25573508491199e-05,1.69362165463655,0.0145157515773189,88.6621828456101,5.21854003372733e-06,2403.46569631836,2538.13025167292
1.58896540378528e-05,1.3396636322967,0.0248461680361,66.5546865832678,4.13130700517065e-06,3207.89588612821,3387.63212026331
1.34664815402376e-05,1.23274146086912,0.00620597116821076,46.1015931120914,2.55831265645983e-06,4646.78944764496,4907.14591362319
1.7902277214515e-05,1.1794952143481,0.0084940380205854,35.9154435817275,2.74765236649104e-06,5983.4515367863,6318.7002744409
1.63150439461973e-05,1.17449538483626,0.051546417921131,53.1753899056765,2.55562581762735e-06,4022.73005711517,4248.12089805067
1.85563908637064e-05,1.11676307450466,0.125022254769162,54.1509629066702,2.21733663777362e-06,3949.57766708979,4170.86982915046
2.21398036194462e-05,1.43887140697174,0.0598185045279507,43.4717480674637,7.18235627821585e-06,4931.19508240438,5207.48660350067
1.38853144363314e-05,1.28185702764102,0.0540119301099733,74.3994210306862,3.22740066174508e-06,2867.35323212412,3028.00909196847
1.83613457308738e-05,1.60822931013492,0.0656619287244881,54.7446370674667,7.43209193494525e-06,3906.34950896919,4125.21962660416
1.20654012319967e-05,1.89505222142619,0.0271349466875575,72.2544111698317,5.8574811677441e-06,2953.07196443153,3118.53058679894
1.51592208386734e-05,1.29013678154742,0.0163723081323047,26.9972076986942,3.4658235400289e-06,7997.73575859684,8445.8434771403
1.60039512542887e-05,1.13287457704482,0.0324072399663134,38.8140593336876,1.93993626624572e-06,5530.72540076804,5840.60819960452
1.3011765710718e-05,1.87291329772071,0.0154149399488328,53.5017129792721,6.15928994127446e-06,3997.96127734351,4221.96434032165
1.93698644441692e-05,1.16971034805204,0.0223328712797283,65.308740109715,2.87446435296644e-06,3269.57003164148,3452.76182638439
1.54147768997485e-05,1.28356603723864,0.033654746535514,62.4628613667375,3.52398410976655e-06,3419.74377589432,3611.34970383111
1.60080810129521e-05,1.29417955360911,0.032032502805537,39.7014924168976,3.75914617212813e-06,5405.50856001611,5708.37554406122
1.55266796908965e-05,1.70902394767108,0.130864195447882,20.0779753144694,7.4113182904837e-06,10825.3582375076,11431.8957286983
1.32249097528551e-05,1.2090224396093,0.0500318790620812,63.8217686811174,2.4067785687541e-06,3346.35179385774,3533.84561874156
2.39809619905623e-05,1.09157912236468,0.143718033311917,38.5037555439517,2.34951772388277e-06,5575.88941733871,5888.30272543888
1.95212541376613e-05,1.19240642062458,0.0495840513512608,77.8899406846219,3.31421179776624e-06,2738.0232724779,2891.43286226463
1.9042895160215e-05,1.20246348043387,0.0994430330501293,64.112297453071,3.56030525075851e-06,3331.06777408748,3517.70524569381
2.12076381219719e-05,1.85550331815417,0.144306475992867,42.9558087745636,1.14267419979497e-05,4991.12636603308,5270.77579636605
1.20526910837302e-05,1.09208733553608,0.103833043548673,31.6427505592771,1.13404878429108e-06,6804.49592987809,7185.7472288721
2.31893497665469e-05,1.58528884989505,0.0536790648665618,32.3535259631133,9.04692737073766e-06,6652.63606893625,7025.37876276013
1.21966754834997e-05,1.19474900164286,0.049390310807767,49.6886855342484,2.09137627392531e-06,4307.89735684658,4549.26592847273
1.4598942609597e-05,1.42549216557376,0.118167153889497,36.1396834706209,4.94144978004479e-06,5945.79954501332,6278.93866706655
2.16174618921736e-05,1.37699630548037,0.0282839620330962,40.6650529284074,6.09059766485479e-06,5275.81666989032,5571.41710515812
1.28502504633777e-05,1.08689148130451,0.0395367989607057,58.1755058130304,1.06958683537132e-06,3673.96550197181,3879.81530106354
1.2432263566182e-05,1.11293953712699,0.0767084605190433,90.2693664187199,1.36640640234752e-06,2360.43441115621,2492.68795274362
2.11343232415002e-05,1.40632368591232,0.00380253150477161,36.9825728785009,6.12943630109419e-06,5808.4110366058,6133.8523735715
1.81687254603999e-05,1.12944742436927,0.066218029806443,48.1832632579562,2.22996400913971e-06,4443.9130629874,4692.90250251973
1.72510094746957e-05,1.24547023975878,0.0416320625295203,49.8432758764314,3.54764247249101e-06,4294.39997606691,4535.01229858831
1.29971169537725e-05,1.09979694956079,0.0789614755876957,82.4482273142059,1.2804652917284e-06,2585.71962719254,2730.59574687289
2.13306127058426e-05,1.43207893264382,0.067969074619046,100.180880744733,6.90492531260508e-06,2125.7264772291,2244.82949222115
1.75218110215506e-05,1.07600856093328,0.0094073862645163,59.7038105523384,1.24946186206818e-06,3579.12009662058,3779.65577187913
2.01542803841969e-05,1.28198907911074,0.00767232095279471,85.995322336477,4.46736378138134e-06,2478.43882369335,2617.30407260345
2.3739113340782e-05,1.13716151574974,0.0241946737373116,60.5176873106572,2.93427514607978e-06,3530.58276544985,3728.39892691205
1.53932613357743e-05,1.63361676099083,0.0240016473014823,54.9430106858205,6.11717802304282e-06,3892.11516873158,4110.18774592244
1.42163057697807e-05,1.04556164354782,0.0607789137583196,63.956505028115,6.59571783404905e-07,3339.24623553884,3526.34194080189
1.85767672430668e-05,1.46312414689502,0.00176111347355092,119.517183168095,5.89038686336077e-06,1780.36272827629,1880.11524629243
2.10907030461682e-05,1.39017979358549,0.0117469160027777,54.2147923370157,5.98973188150302e-06,3944.8841022028,4165.9132870013
1.98309412465934e-05,1.67563876954305,0.00900987361809148,52.8062936493875,8.0686233054801e-06,4051.11793606733,4278.09933063645
1.81103527160715e-05,1.4598387076241,0.0691433780573275,78.6422319509462,6.12824500816044e-06,2711.6630388761,2863.59568262509
1.76848119475683e-05,1.69531707402394,0.0553084947453877,103.189065080027,7.67775180290177e-06,2063.45422187011,2179.06816456473
1.99590481579369e-05,1.21829113933374,0.0138360471358156,24.4922265516921,3.6263265759273e-06,8832.99403312648,9327.90070716078
1.6909596840539e-05,1.13561778918508,0.0269295248932305,33.3703761047397,2.07522819406841e-06,6446.80348964201,6808.01352343641
2.25548304351764e-05,1.35202994964377,0.02052943603454,33.6413774867894,5.99558306102917e-06,6394.07909968798,6752.33502161785
2.35256648558686e-05,1.11858469503462,0.165766425148324,34.1366851936455,2.98952028419262e-06,6299.91088004966,6652.89062040325
1.84322744846223e-05,1.63965215197623,0.00289753101512917,67.9956587126986,7.2114607224259e-06,3139.40763651923,3315.3065204085
1.89814269195842e-05,1.30257138366304,0.0408889617538994,26.797920844475,4.59703284385378e-06,8058.35752376743,8509.86183876076
1.59537574330419e-05,1.41252940594597,0.0281210259387135,46.2537213980223,4.79403303697155e-06,4631.33792891656,4890.8286567641
1.94414447981771e-05,1.03660941124795,0.0100382019647876,47.1442285905243,6.93552218306398e-07,4542.9120110914,4797.44829464462
1.68934592746412e-05,1.15241312628343,0.0245362501061265,62.9224989866584,2.29041449002809e-06,3394.56198415784,3584.75699335657
2.15995014333716e-05,1.30579950276467,0.0538344302593662,31.2335586963357,5.34597367930743e-06,6895.10803817008,7281.43627222981
1.9393671993915e-05,1.1114094577835,0.00146168870592739,59.424866948935,1.94686053859691e-06,3596.06405454833,3797.54908829525
1.40559038415542e-05,1.19881234148045,0.0471891787740308,71.7327654591457,2.44645804478318e-06,2974.69835683747,3141.36869132615
1.27012574324375e-05,1.7891260360775,0.010144653160475,88.392354658441,5.65945777120801e-06,2410.84445827414,2545.92244066423
1.73428100994341e-05,1.18407320214743,0.0856131763671301,38.9391713416633,2.94844592803161e-06,5512.72193460341,5821.5960114225
2.30325388150373e-05,1.31296184728073,0.0627438770188226,38.4047446430782,5.85749562748871e-06,5590.45587285521,5903.68532959367
2.19674719727905e-05,1.19526624691514,0.136219198992669,35.3124831018639,4.1545857601029e-06,6087.1004722141,6428.15658953039
1.91079053425519e-05,1.16291520938788,0.0908224805629989,24.943726945139,2.94420955567542e-06,8669.79373151002,9155.55640316285
1.47465422522714e-05,1.14204818616224,0.0396333509006851,29.4962309950089,1.90984310452314e-06,7308.31243871122,7717.79223551414
1.80349107483169e-05,1.41366756953052,0.00393870671778218,32.1198057510127,5.29814987303853e-06,6701.8177059382,7077.31601357784
1.6834065721239e-05,1.10527438121487,0.0314736654592069,25.3557159088366,1.65547492083872e-06,8526.05088381903,9003.75974105738
2.32849804174863e-05,1.0719124188608,0.00506687466512912,45.8017837922559,1.57006061698241e-06,4677.54460622137,4939.62426290746
1.85911214640224e-05,1.55022574137678,0.00814081693929821,69.0616773633706,6.65262994460497e-06,3090.59338903548,3263.75724369491
2.11636423028111e-05,1.18654196667594,0.00482193821494861,29.6953786428843,3.34328827294463e-06,7258.4511614863,7665.13726469201
2.10980542259468e-05,1.36913947833102,0.0147714429152568,33.4721690203303,5.77349608755577e-06,6426.89761984577,6786.99234123561
1.95294112468623e-05,1.25549112948645,0.151715857883688,34.4288231632595,4.6848923699238e-06,6245.6587525087,6595.59878289534
2.07007438887572e-05,1.191218950144,0.00334138654597664,74.9783657584744,3.33403257145737e-06,2845.06368409844,3004.47067566125
1.78851755200708e-05,1.50988780166563,0.0250668885455738,51.4378486519035,6.19498552312544e-06,4159.9580941747,4393.03772909678
2.02871839340804e-05,1.18927991051436,0.0261113526524529,106.422290197742,3.31530751226631e-06,2000.46735975981,2112.55219122465
2.20454227145584e-05,1.78003749358813,0.0953302963347188,68.2564456144625,1.06783374396187e-05,3127.3239718217,3302.54581616095
2.09944571195701e-05,1.43447963510871,0.0303474915668596,51.8378460572299,6.55773812427583e-06,4127.54383829487,4358.80732441071
1.47260036455337e-05,1.27809462841683,0.0533222639829852,54.6480947444039,3.38458552577851e-06,3913.31465660955,4132.57502675007
1.73712525973348e-05,1.45806224177879,0.0163248593128176,40.5947731849107,5.54779187467997e-06,5285.06529298654,5581.18392234332
1.33035450495025e-05,1.03407245277043,0.0287108217443156,19.2276638865135,4.51299977501653e-07,11317.1017724056,11951.1913208514
1.32628324824627e-05,1.53517299515896,0.073476060815664,142.90721744409,4.99011000168358e-06,1487.93990131994,1571.3081663684
1.28698780979002e-05,1.14869208996183,0.031910751222198,66.6301720463017,1.72082803863367e-06,3204.23403658607,3383.76509977111
1.5512539415611e-05,1.24616339843117,0.0475399066241302,68.4358612253706,3.21719551466426e-06,3119.06454859492,3293.823623044
1.72706803265261e-05,1.61711158111172,0.0103047373241643,28.800397065752,6.65923060469018e-06,7488.04198719057,7907.59190888319
1.71585970715582e-05,1.33231489996709,0.00694343243883758,45.2462748213021,4.30966190761372e-06,4735.61945048676,5000.95300136917
2.23890411394872e-05,1.13970340762308,0.0741438932248639,58.0488398668633,2.96412522013801e-06,3682.05236714889,3888.35526782013
1.42528698942102e-05,1.82418565168019,0.0233845940192701,63.4297426973714,6.59368745174987e-06,3367.19904091273,3555.86092293143
1.34512633928843e-05,1.44389714422932,0.0346306496213669,57.5220323613148,4.28360627351326e-06,3716.07135441353,3924.28031590379
2.06670081945313e-05,1.21270664025235,0.0265339703193771,47.6785789795418,3.72368417302627e-06,4491.45455625022,4743.1077134553
1.66777831715131e-05,1.26624768102789,0.0594915293106401,23.9864996499359,3.72850714281825e-06,9023.24880762334,9528.81532783349
1.37259213933209e-05,1.16533817045065,0.0425878962445467,42.7351335901419,2.03403060806298e-06,5017.20703083076,5298.31774315069
2.14886050369721e-05,1.34671817289054,0.10668895838842,26.1123188667833,6.19290814033521e-06,8274.12134123065,8737.7147568027
1.98863963608537e-05,1.58340647420985,0.0201639122230775,44.1492799095982,7.47777867923985e-06,4854.645452336,5126.64794949844
1.44636506774286e-05,1.76417032039388,0.00778522956013553,44.088631925401,6.31415935381414e-06,4861.40066017517,5133.78164705826
2.09784303195029e-05,1.30141470602057,0.101106147258425,6.46939637920486,5.40508972335727e-06,35579.835448483,37573.3495342458
1.41489952778416e-05,1.0608708559353,0.0180150224363467,29.1534113092114,8.26725596595104e-07,7395.76935880152,7810.14930761188
1.47567771198889e-05,1.37591478865074,0.0096726293135115,82.0400403148081,4.07102827666306e-06,2598.66398587318,2744.26536920458
1.54837599490257e-05,1.38880623357056,0.0449152042386409,65.2453994082459,4.53856883864036e-06,3272.76879311138,3456.13981229327
2.31102468951987e-05,1.13373230805871,0.0421028620764013,36.2756218013046,2.84577785026674e-06,5923.20406108997,6255.07717348047
2.03594281284157e-05,1.73570772568146,0.185035646075138,35.2613809561829,1.05887278989132e-05,6096.05025405143,6437.60782158334
2.26616640352132e-05,1.36115995947364,0.0325071157403546,59.6283742414252,6.21475746497835e-06,3583.68657563254,3784.47810761774
2.26546208767751e-05,1.25091224906411,0.0220942604494845,69.820061532608,4.64670086356846e-06,3056.7801062555,3228.04942557889
1.2655781341427e-05,1.141472272777,0.0384797031659622,73.7411523351147,1.63128831441803e-06,2893.12490821394,3055.22473761721
1.38153703102944e-05,1.11725200842548,0.0287386533497288,46.5178305569159,1.49275788698054e-06,4604.75529148806,4862.75661216205
1.74573792545702e-05,1.34895780873751,0.00186401304913774,43.855905684859,4.52435098357364e-06,4887.49803994377,5161.34124534233
1.31241627885411e-05,1.16669219664563,0.00787016716198988,34.7842197374656,1.88997615152296e-06,6180.90586657618,6527.21783661422
1.27593637524052e-05,1.32562734806199,0.094285331852799,52.6742577681565,3.46043551127097e-06,4061.37060964166,4288.92645456811
1.82180638085799e-05,1.66289697236125,0.0874253830419429,31.326841551708,7.95802915666238e-06,6874.23958923585,7259.39857823377
1.41741054225918e-05,1.10933599051547,0.0453008437432446,53.2308539277633,1.46326398027987e-06,4018.4985654486,4243.65231877156
1.68201701930836e-05,1.8033815481555,0.0162583120727177,113.756617066435,7.61686153492599e-06,1870.91838392913,1975.74467400784
2.22279874204388e-05,1.10432861083723,0.0494530539914145,40.7034059376479,2.2091309815619e-06,5270.7831581139,5566.10156912553
1.52638727144105e-05,1.11062872928773,0.0377171678903999,59.0785074234139,1.5799891427486e-06,3617.32767854973,3820.00409874986
1.83486616019178e-05,1.12367412348337,0.000339672622933359,43.8749786456548,2.02014447718244e-06,4885.34870591057,5159.07148557877
1.35208449568329e-05,1.59814747607324,0.00285631755191305,57.5062372631564,5.07494819831243e-06,3717.10104386968,3925.36769816287
1.64985859788694e-05,1.18262085814006,0.0152520577794133,74.6907161471442,2.58713560872026e-06,2856.09479740439,3016.11985477553
1.87049158057859e-05,1.51810466676987,0.0382669196956378,36.417077664321,6.63755955383448e-06,5899.87308792127,6230.4389816847
1.3460782920979e-05,1.55384837855409,0.00429325807588342,57.2375204474945,4.81853748900146e-06,3734.70666249827,3943.95974768081
2.04853373743594e-05,1.33153199730545,0.0364143133017582,50.4356716321927,5.29318781300844e-06,4243.45131985505,4481.20902367097
1.63970698263757e-05,1.07060979320083,0.0132675718062188,22.9916932902653,1.0959565827352e-06,9422.47536356538,9950.41027735154
1.63398300711941e-05,1.20717143365689,0.0444610498172144,63.8868368301827,2.93462475778508e-06,3342.91653875806,3530.21788862498
1.6165849476926e-05,1.48928983338269,0.0273093550718494,48.5973990650673,5.46013617537328e-06,4405.64661371972,4652.49201001337
1.92498637198526e-05,1.264164788821,0.0128685575568018,50.9598550062645,4.07488560665888e-06,4199.36690883044,4434.65459295031
1.26170622687768e-05,1.46105591793179,0.203806346343771,48.4950223571206,5.00056250411056e-06,4415.04484238033,4662.41681506141
1.26240444260286e-05,1.09005193565705,0.0268579158673703,69.3073864580179,1.07167346134121e-06,3079.55658436466,3252.10205433243
1.93541663468555e-05,1.28602869699161,0.116633753605657,53.5900785050385,4.87284752412207e-06,3991.30649612688,4214.93669622003
1.72230995824439e-05,1.08293064725459,0.101839780837419,47.5143776593131,1.46846468803603e-06,4507.14248649554,4759.67462780852
1.63904752770094e-05,1.27154227336493,0.00650263195301704,39.8538014673199,3.5230945369671e-06,5384.58563528088,5686.28032202193
1.36032168724956e-05,1.20814454628524,0.00493215885237453,28.9116752400915,2.35520722808604e-06,7458.70798770358,7876.61434526972
1.86838945778478e-05,1.5430714798331,0.000553081321247074,49.9501846065548,6.57916094882082e-06,4285.11507300326,4525.20716869368
1.48105512933936e-05,1.23837416086796,0.0235201092555291,22.0335076543124,2.91950079691373e-06,9841.89881092852,10393.3337364398
1.954782280643e-05,1.85172784569363,0.0502377609294139,20.8957075403928,9.46668720242596e-06,10391.155747723,10973.3651674499
2.11800176128848e-05,1.32790424413814,0.00588207144183338,79.3674916351579,5.26089243693803e-06,2686.72611263882,2837.26155729784
1.31574311644491e-05,1.22562070404706,0.126119825280731,97.7441638690646,2.77163073459305e-06,2178.99326004457,2301.08077680587
1.78301919641169e-05,1.2094764309865,0.0224493518039016,78.9582951229996,3.15897765740613e-06,2700.73901774811,2852.05959599097
2.14353734854208e-05,1.03787974102692,0.0151827935153427,89.055007634404,7.94375666246559e-07,2392.80383720602,2526.87101581465
1.29445591319818e-05,1.10715342374482,0.0406355813949431,54.374888887097,1.3058581889288e-06,3933.16066915012,4153.5329979337
1.90728613909129e-05,1.50281838699624,0.0356648160629713,83.540130082914,6.61734526805396e-06,2551.71892040585,2694.69000350998
1.44138973495988e-05,1.31328081076095,0.0155232243932082,53.7973290047292,3.49257517598147e-06,3975.78510118772,4198.5456480334
1.87726834919276e-05,1.25383844990428,0.012088416964997,36.7785145802279,3.84694370799581e-06,5841.08613701208,6168.35823772619
1.65431799029605e-05,1.35516496868172,0.042496187604434,51.0176849211349,4.52802531650295e-06,4194.55938652492,4429.57770842563
1.46969694965389e-05,1.65360721937247,0.00463908651305544,48.1197754626754,5.83613416148143e-06,4449.83822668771,4699.1596491297
1.98009465235379e-05,1.7183374773091,0.0260417184978139,75.6696657527491,8.49878281803916e-06,2818.89819872514,2976.83915586157
1.76638799843313e-05,1.15555853481058,0.0142950519443679,86.461469593512,2.41231081858499e-06,2464.99857431221,2603.11077515113
1.53695284692831e-05,1.60591652523272,0.01495936283814,63.9838174560562,5.886937319761e-06,3337.80954350487,3524.82475188617
2.12494472770169e-05,1.52268965329402,0.0178758483598517,49.4202898286484,7.42684395048535e-06,4331.5337958833,4574.22670118225
2.32511147084897e-05,1.32374575359469,0.0332795766256851,43.9347421098404,5.88209253397069e-06,4878.62618019396,5151.9723012987
1.64274217005288e-05,1.09340945291855,0.108918738054765,64.6008067973094,1.57489646880235e-06,3305.68082386719,3490.89588184453
1.57466151830871e-05,1.36155066420173,0.0270574152051457,42.9959512039112,4.29762263687255e-06,4986.41122422276,5265.79646835316
1.56888714864571e-05,1.17502120795585,0.127999536584897,42.3365627794536,2.67985919993687e-06,5065.00975739783,5348.79882411565
1.26420382317854e-05,1.57346751284984,0.157884927841664,61.7914281956232,5.47128998149888e-06,3457.20791717032,3650.91293557235
2.33749519755235e-05,1.50957608479432,0.0324846165262165,78.0469698658804,8.15523101094309e-06,2732.478742739,2885.57767627917
1.95859115804499e-05,1.14023211961668,0.0211425170964291,56.3929004884356,2.46076328976941e-06,3791.14629601547,4003.56165564346
2.16361475839326e-05,1.7594329303819,0.0307625224340469,71.1761644394812,9.63510868472884e-06,2998.12598876925,3166.10895761004
1.62922637227233e-05,1.81948449747479,0.02502684488478,33.2796886022326,7.52616637831739e-06,6464.64182518839,6826.85132884346
1.92145771629391e-05,1.59678209295232,0.093654536763964,59.839954627819,7.92314554328309e-06,3570.9081071033,3770.9836701503
2.38106558599435e-05,1.11890637481276,0.000371389557284954,36.6396572003991,2.53124230953838e-06,5863.53187258919,6192.06159266759
2.18044486870458e-05,1.09641274747284,0.0314135322914852,55.0815289612676,1.97950813780755e-06,3882.23711492378,4099.75623144914
1.250696479352e-05,1.6851094944715,0.00107761666996964,64.2539833764089,5.09033786695664e-06,3323.66455374086,3509.88722792457
1.49823229263872e-05,1.29085068328651,0.0674697489086737,52.3586603795134,3.61995534004269e-06,4086.08850903859,4315.02928112946
1.48039618230918e-05,1.4156735432114,0.0169248271115541,51.3342068027043,4.42154370827262e-06,4168.4400505755,4401.9949237708
1.50526394333057e-05,1.14794276479814,0.0168937801825258,44.3690853033292,1.97323607073625e-06,4830.31921249973,5100.9587269177
1.62183704008106e-05,1.32191568101059,0.0701775119513269,25.0893450659496,4.24754347924855e-06,8618.43700655083,9101.32219568261
2.03175895510241e-05,1.22981306826718,0.0217591584096639,43.2845464687342,3.8810831925384e-06,4952.77323473751,5230.27376509646
1.56620456366055e-05,1.20536326877018,0.0392961435997707,94.0925567550848,2.77751643298772e-06,2264.01044641705,2390.86141855776
2.39006609530309e-05,1.53401875429675,0.0206234652036838,49.4245222980581,8.49523468116374e-06,4331.15904801613,4573.83095644586
1.89264117182465e-05,1.48419603101055,0.036294016346178,36.2388017532629,6.40685733343244e-06,5929.3072621574,6261.52233277068
1.98390561306467e-05,1.28660537989052,0.00199053391503863,47.9641475345308,4.42809247967263e-06,4464.42966645507,4714.568637386
1.63204227511436e-05,1.12034431079373,0.0108447563156175,54.5374269778177,1.77228607298421e-06,3921.32951797211,4141.03895536717
1.71354145933287e-05,1.30755447180746,0.0868960113751455,28.1887937895904,4.41395905235881e-06,7653.47700578854,8082.29613954177
1.34312619353905e-05,1.29344329011611,0.104059519692367,67.3329978280249,3.40100889934139e-06,3170.53656913207,3348.17958603535
1.9025985322821e-05,1.47192594687706,0.0187499084822334,76.972581126899,6.21651333603144e-06,2770.86933234487,2926.11926462282
2.3141075615949e-05,1.8012937479326,0.0512188932814008,33.5729730385192,1.08496038037082e-05,6407.3059130735,6766.30292440025
2.0398694132871e-05,1.17628609623135,0.00796517418610487,25.9354257646079,3.08156692937573e-06,8331.67928748943,8798.49763581252
1.56186198043479e-05,1.61606626978445,0.0225595591596306,73.1835149093213,6.09135084597124e-06,2915.32203822307,3078.66555778901
2.04542027842496e-05,1.62041965486331,0.0875208396922365,41.6092903691476,8.58237635834745e-06,5154.62458430038,5443.43470908301
1.84886318931906e-05,1.2826167565664,0.0300969501918926,41.6493703552692,4.20019171982327e-06,5149.60342305887,5438.13221557744
1.70354235509271e-05,1.83267888097523,0.0520935520139111,29.4185676018559,8.16527156414304e-06,7327.94347110324,7738.52318135709
1.71044693980711e-05,1.49621284339789,0.00473761441356085,27.2430353096205,5.69953157368917e-06,7924.20167074162,8368.18932413933
1.89718815334132e-05,1.76614068725647,0.0107511220590032,50.3416805575964,8.31916428726236e-06,4251.45412545137,4489.66022104541
1.79345691991439e-05,1.84461421431578,0.010569365818285,41.7729789127078,8.29947307934346e-06,5134.1793506548,5421.84394284164
2.09610216343096e-05,1.44094382076456,0.0428387151639681,85.4632104765874,6.70122026965488e-06,2493.96127204754,2633.69623322723
2.18680736514442e-05,1.44460888615491,0.0435745026236618,49.7826744865945,7.03683179369287e-06,4299.68102983951,4540.5892462275
1.90180809327392e-05,1.16814144582324,0.0507393087533076,56.9833811414107,2.88371124280301e-06,3751.5113440112,3961.7059841189
1.20790737390798e-05,1.55930177076627,0.021197568408641,64.9346458027724,4.42638528518519e-06,3288.5532428803,3472.80865409363
1.6727743327355e-05,1.14627106887058,0.103204827327949,49.2475196044665,2.38016452721676e-06,4346.88662741793,4590.43974147093
1.5866101855265e-05,1.40064982845083,0.0129192743455047,48.3201605134732,4.59775629988649e-06,4431.1903139359,4679.46690645464
1.65577008917034e-05,1.05236227547432,0.0142095164879344,47.7736267766588,8.35721066515705e-07,4482.42341651537,4733.57056507694
1.52880182949733e-05,1.63380853176915,0.00277792942506149,32.9084971024161,5.94715921198784e-06,6538.69644081917,6905.05517443877
1.73910299071362e-05,1.94496605827595,0.262724752149354,91.579261542086,1.14600843256484e-05,2326.4861330814,2456.83757563781
1.22907750707148e-05,1.24120711269961,0.0833103584754373,55.6653729796242,2.60553478670399e-06,3841.14710519132,4056.36397629724
1.8023102750469e-05,1.46701522861628,0.134833504758433,21.7387719380762,6.63157660219301e-06,9978.52742789571,10537.6175622917
1.22290752819227e-05,1.09442313537076,0.0447042593400638,52.0394854569721,1.10444310258201e-06,4111.39451560773,4341.75316610962
2.03098248232752e-05,1.50176915820279,0.0434812958194886,30.2054976664661,7.09421149536673e-06,7133.78132129274,7533.48225777796
2.15252358646989e-05,1.44748589387101,0.0590793592842074,63.1525415438071,7.07212298974158e-06,3382.0975746142,3571.59421138701
2.2122740526435e-05,1.12533821834359,0.131301099438772,38.0514033939027,2.83634369910959e-06,5643.0656506263,5959.2427975863
1.31439278132916e-05,1.26085879992245,0.231407699821079,60.0010279777167,3.53802000746933e-06,3561.24095907523,3760.77487836475
2.08787058462342e-05,1.64613372594256,0.0143758621563218,43.7206284935368,8.31457949591478e-06,4902.79688964321,5177.49727923016
2.12036540434761e-05,1.11922113603858,0.0727334640360148,79.9659234603116,2.43575421056687e-06,2666.49272281605,2815.89450434521
1.77269507938167e-05,1.3404833115008,0.0082622929971772,29.9304665885744,4.54008362331549e-06,7200.46009582076,7603.89699888838
2.33859894467024e-05,1.84401118958709,0.19453001749887,39.0697637287671,1.32885329815537e-05,5494.05445471184,5801.88260527409
1.81288510633176e-05,1.85852587690272,0.0133901939421166,62.2190760785924,8.4879263160913e-06,3433.25207314863,3625.61486183286
2.24877528069746e-05,1.36808310671443,0.0890335629502493,60.6850092995078,6.64149859720355e-06,3520.76684358386,3718.03302559118
2.06387866292428e-05,1.34552984189964,0.00324743106054629,26.4138908671086,5.31716363523445e-06,8177.80749628517,8636.00451234799
2.34372819376169e-05,1.16141500600959,0.00882523253511876,17.6058336182699,3.28626966923855e-06,12390.6786240723,13084.9199564982
2.05302088586949e-05,1.23032094834211,0.00597118031679398,71.7896346866474,3.86634347383526e-06,2972.3253000967,3138.86267382321
1.53157409214713e-05,1.60464617751611,0.167491287477916,72.1791594881048,6.93206544853681e-06,2956.17231937147,3121.80465252664
1.45392114248872e-05,1.58775924644818,0.018548687343668,28.5345525552166,5.48378516450895e-06,7559.06417053824,7982.59341706811
1.97621266577505e-05,1.53136734455424,0.0463988574094463,59.3226375253215,7.19073431961144e-06,3602.31405051731,3804.14926730592
1.71921116082519e-05,1.51117742328188,0.072463140829768,47.6948541152659,6.26968887991895e-06,4489.90556315206,4741.47193132282
1.30284281305354e-05,1.06745676913661,0.0489001454799131,60.0666917771734,8.65635740093169e-07,3557.31501329785,3756.62896450408
1.57024661390986e-05,1.29522098460842,0.018621006310959,55.1272144858894,3.64693045463269e-06,3878.99016281331,4096.32735481073
1.61975053386167e-05,1.09739942159664,0.0643292304985914,33.7599957368202,1.53641718496956e-06,6371.27185173486,6728.24989900682
2.23546539918166e-05,1.6667105000673,0.060213059636195,47.7999653734807,9.51491854858974e-06,4479.92722991076,4730.93451882727
1.2394401579774e-05,1.78440017435491,0.0405302287628769,31.7409456570615,5.67850453274973e-06,6783.10469366506,7163.15745618005
1.4497106003291e-05,1.46912776494129,0.0252532147494405,66.3872986184909,4.74913549657114e-06,3216.04592055807,3396.23879560313
2.24676085872967e-05,1.56209328783184,0.0307131588375159,43.5522806852035,8.34057100763615e-06,4921.97007082437,5197.74472076895
1.89471852014987e-05,1.39600357442192,0.00494206589064651,35.4876085562875,5.40132894938087e-06,6056.62820474402,6395.97698154956
1.38023917857902e-05,1.04330823427454,0.0317861873352695,51.9518735818564,5.91745162798594e-07,4118.39580856812,4349.14673677335
1.79969834004762e-05,1.22877926784486,0.0331587391766276,66.3445751375088,3.46560606445881e-06,3218.13274330355,3398.44254161387
1.96564957253588e-05,1.40225828145045,0.00260030648131369,76.4499949018124,5.65334227005985e-06,2789.93529595428,2946.25348126193
1.22589600046333e-05,1.33647042400866,0.0256776128621783,78.8291897277652,3.167619363561e-06,2705.19060780951,2856.76060562892
1.30396020024223e-05,1.35829120429855,0.000172584211083876,25.580972051557,3.44014583563886e-06,8449.45669690222,8922.87403371667
1.70416791187925e-05,1.30490249471643,0.18727625998237,52.4740233258939,4.89939841565294e-06,4077.01835640138,4305.45093398223
1.97210416876143e-05,1.95840947587172,0.118784400170229,53.2782392770629,1.09517850501133e-05,4014.89046184991,4239.84205557162
1.50165599435717e-05,1.21781920182809,0.00149524461753597,78.1736876210219,2.68984417909284e-06,2728.02082196801,2880.86998122625
1.32559435178479e-05,1.05045705681764,0.00171402446217045,44.5543902853372,6.3781321511835e-07,4809.99980209716,5079.50083371044
1.9153633221902e-05,1.12696681498766,0.134239149633102,51.5657089647837,2.49242756247845e-06,4149.54156237966,4382.03756607926
2.37982865960822e-05,1.52288544041582,0.00842447680574819,50.0054895678757,8.24040873188244e-06,4280.32763929937,4520.15149832137
1.32381088346075e-05,1.61083247617549,0.00270194610215097,41.7130899612239,5.03346378020455e-06,5141.64083350744,5429.72348752565
2.01040339166578e-05,1.25055134207041,0.00891155519356481,51.217974976029,4.06403254711334e-06,4177.99360150078,4412.08375368482
1.40963020153223e-05,1.49860469598359,0.0592716863202973,43.538748927886,4.98544135509019e-06,4923.51772027327,5199.37908396842
1.37417876770534e-05,1.27093703882692,0.290175847063967,34.3590759216713,4.12693533858921e-06,6258.52622553988,6609.18721172669
1.59601229135748e-05,1.49911249759062,0.0619612278480696,28.4216563731523,5.66463733319436e-06,7589.63440581147,8014.87648192175
1.44113300529895e-05,1.9030933759954,0.129435922175535,43.3101583227791,7.85539783287689e-06,4949.80989034852,5227.1443865281
2.30274070611577e-05,1.39759500197701,0.0123585602701444,49.8707207664641,6.6327732353903e-06,4292.01258141793,4532.49113983388
2.19497117266674e-05,1.2201419138959,0.0127298458083118,46.5464991155252,4.01121118001706e-06,4601.88814458636,4859.72882096107
1.86148141316716e-05,1.41953718274938,0.00988376481085188,37.7161701701539,5.55632982971194e-06,5693.90295192469,6012.92847844977
1.30584779501623e-05,1.30387297836004,0.00166080032921796,52.2023722707876,3.04835505883754e-06,4098.44087839967,4328.0737453809
1.97025755502088e-05,1.47814661395111,0.091267411542909,45.0053793263018,7.01327306456576e-06,4761.25421943609,5028.02406906303
2.39729671808342e-05,1.39955534956313,0.0131470799361171,51.8984520254867,6.93498684951375e-06,4122.67657922922,4353.66735611569
1.4104810123424e-05,1.39660590699413,0.0375427401956068,24.1654462904721,4.16164144374935e-06,8954.99898161608,9456.74151029334
1.29755706121791e-05,1.17398625714782,0.00752904682818796,28.3663004209145,1.93755887436276e-06,7604.71432464194,8030.80131839227
1.33956868124278e-05,1.08739602978839,0.0175708102087617,50.195243497174,1.09587686807571e-06,4263.98273690402,4502.89080211346
1.73238009269452e-05,1.15416408977933,0.0173908671889452,98.6676594019498,2.35488866026166e-06,2158.4943959418,2279.43337522911
1.52346692515584e-05,1.64918429462242,0.0454403912013518,67.5326755039932,6.28234423562855e-06,3161.09178886015,3338.20562112073
1.4306510475249e-05,1.49702819746272,0.0541218668742356,47.2467829476669,5.02160889879957e-06,4532.94488694283,4786.92271927966
2.19056428171322e-05,1.51423043984598,0.0631755467206822,72.8343724839632,7.94059790904672e-06,2929.39411648918,3093.52608507086
1.82058972623209e-05,1.08112957082917,0.00116684051413766,95.5639628896096,1.36776868307572e-06,2228.96729570705,2353.85482384445
1.53054855177077e-05,1.19427961563606,0.0206390355706242,52.536286132562,2.54225274854237e-06,4072.13979457448,4300.2990296399
1.67362747238874e-05,1.08308671243663,0.00371804694994817,63.2330652061128,1.28865773896358e-06,3377.75615715629,3567.00954724892
1.64461219278714e-05,1.56365910080752,0.00643791574479742,40.2479928810293,5.96672107954269e-06,5331.17954670434,5629.88192646868
2.24892549349386e-05,1.53285262434088,0.0157719879184699,18.9466385594868,7.94284476685215e-06,11489.5960316412,12133.35031662
1.70162569773328e-05,1.59121696112536,0.00239559908164998,63.594710848868,6.33746755941989e-06,3358.39475479987,3546.56333862986
1.25014137786319e-05,1.60710138231669,0.0166761925006611,61.3895669838372,4.80258396441888e-06,3480.02594791486,3675.0094451273
1.99285918285931e-05,1.43838879284845,0.0271851672536894,54.656000694574,6.24339206990275e-06,3912.74333987541,4131.97169952621
1.31363784824917e-05,1.01258566921774,0.00212088934174412,17.1588445910132,1.6362007791192e-07,12723.3417113794,13436.22193131
2.39628122678306e-05,1.37012629470988,0.0337995083608348,48.9890770992115,6.6996018998552e-06,4370.05678770856,4614.90811015198
1.68716801257487e-05,1.19764713869049,0.10052655795645,27.9483535491959,3.09544678169609e-06,7720.5341893242,8153.11049166028
1.2406660515544e-05,1.33589738139331,0.0349688141241272,74.3661100918469,3.23252160565215e-06,2868.646343996,3029.37465602286
2.37240760008954e-05,1.61372012414124,0.0354401125105645,23.1321801356248,9.35387210764632e-06,9363.96725333873,9888.62399733017
1.87099359117905e-05,1.06300473225104,0.0481822713949016,52.1365123203067,1.1650590014132e-06,4103.66857412341,4333.59434535589
2.16102779697748e-05,1.57698132561164,0.11149844421919,55.4307677084045,8.89869495224785e-06,3857.55326633811,4073.68936354294
1.29951771195559e-05,1.62681681434916,0.00471456372702395,44.904720253752,5.0307282609233e-06,4772.04820466294,5039.42283397253
2.17927434145818e-05,1.19802443225552,0.0181195954146909,91.2434647301739,3.66856945195587e-06,2335.09548484831,2465.92930355403
1.75026507335426e-05,1.19046704952579,0.0568313985979379,23.7500363788558,2.96899065304751e-06,9115.04744811727,9625.7573839889
2.08632112888824e-05,1.50775096546473,0.0309075212272047,81.1261335237683,7.24982671018769e-06,2628.12090150272,2775.37273586882
1.83824674610328e-05,1.26776400905458,0.0222076403141063,22.6319128250816,3.97066041588172e-06,9575.70058908914,10112.2206084983
2.27123662749426e-05,1.40992418603875,0.0478646682263951,19.2751689542686,6.93523167537592e-06,11288.4535958295,11920.938006342
1.75666489760103e-05,1.14373725459253,0.00995240557930674,56.7832647383599,2.22981182352202e-06,3764.8506267748,3975.79265786248
1.38554622071888e-05,1.14769155872755,0.0121142627501175,41.2745464202963,1.80483991709894e-06,5196.94637056048,5488.12775636725
2.36918565742895e-05,1.05742241929528,0.028478584164397,36.9038261601429,1.32424725736283e-06,5820.97704415444,6147.12244601347
2.06492719198717e-05,1.40835545627351,0.0628926802933689,55.9430430202133,6.38898310164696e-06,3821.90881329699,4036.0477759361
1.42990063606119e-05,1.48323942207504,0.0160462058144005,53.7089343822373,4.73451946484723e-06,3982.39035833411,4205.52099326467
1.50790055255033e-05,1.3346144009052,0.0486630149773384,70.531765854688,3.97392959287933e-06,3025.71423354246,3195.24295305533
1.94788753708983e-05,1.46398982258637,0.0158376700796789,44.1762562731146,6.27276328218088e-06,4851.64674923862,5123.48123109721
1.246218721765e-05,1.83694649627629,0.115154769754664,48.841112186377,6.41684673659625e-06,4383.43383029693,4629.03465937774
1.80742483754363e-05,1.27339799338915,0.000717647964353608,22.3276743213417,3.88324983790415e-06,9709.21501357658,10253.2157557748
1.79560504960567e-05,1.14928183361742,0.0257722511681437,30.5755718598267,2.39399208296961e-06,7045.98521988449,7440.76700026271
1.8250873403362e-05,1.11183741646918,0.147475088384371,44.3059261959612,2.15334172691345e-06,4837.28414055053,5108.31389517059
1.84234338608813e-05,1.44232602807799,0.0446734108958531,69.2078135947024,5.91410830614954e-06,3084.01970245736,3256.81523790947
2.25338810082413e-05,1.0746112291957,0.0327794959516481,37.5278518313198,1.61753311478482e-06,5722.86483526981,6043.51307650594
1.43993328795182e-05,1.41628280189354,0.0612240508102177,38.11670606702,4.50829281231438e-06,5633.26812338921,5948.89632153294
1.98977130899699e-05,1.01921079678584,0.0679187115986888,66.4882693214806,4.02366164555877e-07,3211.12476019223,3391.04190595457
1.48265726022385e-05,1.20788294564144,0.0392295459551144,37.9245686195149,2.65587966177133e-06,5662.19271048442,5979.44153365556
1.84628827076526e-05,1.38942812255823,0.0383419734323648,40.8708491904972,5.38098330598735e-06,5248.91967188352,5543.01308656746
1.55395868661348e-05,1.43964683817365,0.0186658659361838,25.2212828795195,4.83574768651856e-06,8572.42771224094,9052.73503176971
1.23156577238627e-05,1.89918369484679,0.019664555115684,28.6516535725417,5.9478341139927e-06,7527.61448338188,7949.38162523789
2.37184736517426e-05,1.93361287237181,0.0633863521305918,16.5022924446847,1.22267829031058e-05,13245.696339649,13987.8437356666
1.31109025331279e-05,1.36977628090868,0.0618834066161968,26.8987500759005,3.77275846294674e-06,8027.57149240497,8477.35088690915
1.94931056293845e-05,1.17602195169849,0.015022386123681,39.3742088116852,2.96208464261689e-06,5451.02276174704,5756.43987569324
1.518321228272e-05,1.3392441692555,0.0277307940228634,61.1845517835547,3.95569620121226e-06,3491.78331333894,3687.42556777409
1.97968563650222e-05,1.44176972755436,0.0443199492133316,42.1011694020229,6.34708972090312e-06,5093.67203428317,5379.06702896498
2.3785035316173e-05,1.49443904069013,0.139970228780083,64.6998480664635,9.14981279582887e-06,3300.58093525298,3485.51024992487
2.38306726668226e-05,1.68324961249165,0.0531919917821756,34.704028450385,1.02163101650915e-05,6195.39905233859,6542.52306576021
1.73635312147038e-05,1.17348808934047,0.0164914676531892,83.9981486283678,2.6100162495825e-06,2537.72145312784,2679.90826761938
1.7951283538864e-05,1.19317031979858,0.0230097380960975,71.5713346085262,2.97464551300959e-06,2981.45528515015,3148.50420575645
2.21651477806522e-05,1.12752765261586,0.0160976002510571,64.9884150393212,2.54792109672652e-06,3285.81119865661,3469.91297498897
2.26046257240959e-05,1.22767268186199,0.0370044365354228,111.984111501037,4.35302437292475e-06,1900.6648412974,2007.15780523835
2.15091577962963e-05,1.32165602090548,0.128832410383123,44.0284314678095,6.00874582895944e-06,4868.12463937335,5140.88236625748
2.00485357773034e-05,1.42621233531912,0.0543811530175828,38.859179164341,6.33576413347548e-06,5524.21917008139,5833.73742921846
1.67928964164471e-05,1.45404893822335,0.0197308832639685,56.1290510983868,5.34929369730026e-06,3809.12872357197,4022.55162643838
1.21359880718328e-05,1.09084312026345,0.0279813123626645,9.97282835159981,1.03974020256244e-06,22389.2600385821,23643.7151166935
2.34341849711537e-05,1.1233013642169,0.0687303421244091,28.2460642833675,2.76207189659115e-06,7637.67608275807,8065.60990149418
1.54367229690179e-05,1.58559640505138,0.0251359611961282,51.3864818217907,5.8480337057935e-06,4164.15759074189,4397.47252061276
2.39126351412758e-05,1.47458601695052,0.013783834478102,24.7733943907853,7.80350243259617e-06,8730.64902499222,9219.82137752808
2.27936296159141e-05,1.62303552909422,0.00442652297414806,116.095523039876,8.78850481779351e-06,1833.06261570274,1935.76787272338
1.70159469613032e-05,1.32987619996677,0.219908482262737,55.1902070883172,5.41053488222832e-06,3874.52206293945,4091.6089103267
1.67786547425548e-05,1.71635839191062,0.0286020116021807,57.4261265836507,7.208994915899e-06,3722.33229378933,3930.89205147295
1.21726627815608e-05,1.47282154695885,0.0516826247143735,59.2538003335717,4.12072223858865e-06,3606.53480128961,3808.60650388572
1.40032829656815e-05,1.18789124112454,0.0110150088331615,68.9362842662058,2.2395659676446e-06,3096.25636240084,3269.73750962301
1.96018462593276e-05,1.17182587166468,0.0439061205092041,55.8551389945687,3.0061659429592e-06,3827.97833881544,4042.45737285911
2.38864235732825e-05,1.74533952820542,0.0316200809011699,96.9787469213284,1.05334035273841e-05,2196.28067483881,2319.33679374412
2.18314323273115e-05,1.23164697966303,0.0337172323853018,58.8009651834484,4.24921313315226e-06,3634.54884005662,3838.19015027394
1.64728784384402e-05,1.17109632897062,0.0998217331107471,57.2026660719631,2.67350478542145e-06,3737.00245601936,3946.3841729582
1.9938471249559e-05,1.30037984330207,0.146344007446409,58.1041469142374,5.39509349561871e-06,3678.51696754953,3884.62178217537
1.90828555677021e-05,1.12459075730598,0.0326470743619273,26.6420468017251,2.18545128594833e-06,8106.41781120705,8560.61491155953
1.27326726606293e-05,1.70705615997345,0.0233199728992586,77.4772407001521,5.39967537554526e-06,2752.70311616274,2906.93520765004
2.32158273041099e-05,1.33387802166388,0.00687204849282578,33.2435108773412,5.85114019408168e-06,6471.78560335226,6834.39536806014
1.28130493481588e-05,1.14121061316958,0.0800486683756868,86.3007249580873,1.72338801938386e-06,2469.61676676772,2607.98772180252
2.02970212544957e-05,1.54883851429002,0.0798181743275965,45.2806808207444,7.81604807132524e-06,4731.9806655714,4997.11033779915
1.78612583979741e-05,1.05115099683753,0.0112971060745216,54.2599786762383,8.79077957818514e-07,3941.56815678888,4162.41155141137
2.14744428200768e-05,1.62950873228003,0.0825189538408515,106.070232309599,9.04189276022281e-06,2007.13866106877,2119.59728102819
2.1681067177386e-05,1.5761726960765,0.0646115944346555,39.5934565437521,8.47280528980833e-06,5420.4484623103,5724.15251896376
1.62699390381519e-05,1.51267040839797,0.0490703593064707,55.7503413027984,5.79861026662483e-06,3835.2395641032,4050.12543968249
1.57365541765122e-05,1.19695471446589,0.0213514832330136,50.5878681072973,2.64584593159032e-06,4230.55635495631,4467.59156262133
1.92324082000153e-05,1.40152150727882,0.0188138809760989,56.2439333417197,5.61542666329509e-06,3801.27809803695,4014.26113567102
2.15870051071895e-05,1.21715230083126,0.0132290377496134,28.9504532108594,3.90288738617621e-06,7448.53967261623,7865.87630637395
1.61124135785764e-05,1.10814723155525,0.000142458663194199,34.2596798944837,1.57265510155213e-06,6276.95541378026,6628.64897490406
2.24170567270406e-05,1.34762865469524,0.0120017078343615,37.3456648933427,5.85272129125179e-06,5751.1655559985,6073.399467452
1.70937689143326e-05,1.14682039290094,0.0193492327397373,35.090254608978,2.23155112792702e-06,6126.21307897162,6469.46064915775
1.85388052516328e-05,1.20023334186859,0.0454708741978014,44.5234065676059,3.24007276895795e-06,4813.38537578009,5083.07609879414
1.21083549453802e-05,1.1218092059281,0.0207039937427049,30.7167223591024,1.34253893886867e-06,7013.06548982689,7406.00280002299
2.29934279974932e-05,1.42850195382472,0.109199619820097,46.6218390263484,7.74254387834211e-06,4594.37038220749,4851.78984344709
2.17563868677244e-05,1.12600162024867,0.0275870020991912,41.5255329226847,2.50359101052229e-06,5165.14927141865,5454.54908729328
2.18832678702995e-05,1.18838993388526,0.0844563435404598,42.9171961408175,3.78897130042116e-06,4995.67023959522,5275.57426008679
2.01933245984372e-05,1.45480134501757,0.0119626136575128,74.1754770866571,6.38915737166052e-06,2876.06910481313,3037.21330910193
1.3591043367357e-05,1.38296617609042,0.0231348250878495,47.9278144902937,3.85266234902222e-06,4467.84998709269,4718.18059627273
2.27426518617617e-05,1.39187342612495,0.0303506974661608,81.6709428915478,6.6033179437915e-06,2610.48083010041,2756.74430321157
2.23272338175494e-05,1.09762486511077,0.0296490087485582,70.1313037486505,2.04645668251875e-06,3043.11625479054,3213.6199977694
1.25424135396313e-05,1.46597019680367,0.0101688043527799,79.3547723510136,4.02761043220594e-06,2687.15949350278,2837.71922019812
2.05990493160915e-05,1.00942977127013,0.0786000533754749,65.9208721692978,2.08840309474936e-07,3238.97601972563,3420.45365269895
1.57851031985823e-05,1.16615346022733,0.0102694355427388,48.3043653468416,2.27236029502437e-06,4432.65454199906,4681.01317422461
1.45234695079532e-05,1.52164393164116,0.0558966802379759,15.4491504499241,5.27357536922495e-06,14179.5065664414,14973.9747170964
1.83901967524029e-05,1.13795312524693,0.0414442323270348,32.0550677643564,2.32577546923518e-06,6715.56937178241,7091.83817594677
1.90962601267844e-05,1.39432046189369,0.0352571385058043,34.5676164894532,5.59776646509383e-06,6220.20993620338,6568.72408664619
2.39250968050333e-05,1.1871573568298,0.00296081769204445,56.7036215145774,3.7829418538216e-06,3770.18588172451,3981.42684353402
1.94067825308405e-05,1.24381094105397,0.0590452981370521,70.0458264604899,4.04272847307531e-06,3046.85661270897,3217.56992540907
2.27387863936862e-05,1.35553255796819,0.0761211125442226,42.0470259262985,6.45521547610037e-06,5100.31067354045,5386.0776266842
1.96716469594203e-05,1.34830919418171,0.192401684313235,21.5012560620012,6.29230158901217e-06,10091.4230428926,10656.8386421447
1.74034074621778e-05,1.06384834721288,0.0306184854548965,87.8832144689326,1.07746130046148e-06,2424.89160136757,2560.75663567256
1.8571397713881e-05,1.5149698140274,0.0320091843003618,54.3423050758475,6.52142826545532e-06,3935.54104142755,4156.04674085787
1.69505812617084e-05,1.1646336883813,0.0141553013943732,67.1762479135483,2.43051310338599e-06,3177.99049704978,3356.05115248655
1.8254948554636e-05,1.78307331476662,0.253872149715104,65.7128225809439,1.0744553516866e-05,3249.3097848953,3431.36641173313
1.88612700613774e-05,1.39790140996339,0.0485666001006341,16.3327316389604,5.64264516758756e-06,13387.6451598893,14137.7458521782
2.32280273360526e-05,1.2270471070245,0.0108912361729928,49.3521341142527,4.3452302690863e-06,4337.57732676103,4580.60884700242
1.43682839091886e-05,1.20229773516165,0.0342457476872892,63.6598890744495,2.50328768903646e-06,3354.9288943406,3542.90328835612
1.61006766274916e-05,1.30908327028975,0.0404286016343073,71.3079194987997,3.96157333292273e-06,2992.54707310582,3160.21745907999
2.21887155064484e-05,1.73400744783123,0.0059322261025384,11.3253648479508,9.44834964664252e-06,19587.6429638923,20685.1253345443
2.30948755533239e-05,1.10687335201219,0.0865413833325917,42.4399875380461,2.44110897738584e-06,5052.51816801417,5335.60733943804
1.66577606705222e-05,1.37195190660089,0.0183020706153406,42.8712252864725,4.60022674309462e-06,5001.09081767946,5281.29854949032
2.17913568540104e-05,1.3411585126458,0.00968219075765754,33.9470969840889,5.59726934652947e-06,6335.62597662966,6690.60680965862
1.4905094904338e-05,1.05998289205336,0.0779851080878788,70.7845179956742,9.14783454752517e-07,3014.83300934682,3183.75206123669
2.25666914303899e-05,1.21932864463841,0.0992722939642597,47.0688611902146,4.50648418121375e-06,4550.26485913267,4805.21311778234
2.08861768203881e-05,1.4012112103715,0.0417419751236854,76.61396235059,6.24074385070237e-06,2783.92494340733,2939.90637273194
1.96352712903013e-05,1.70028844512755,0.0284155630791465,51.6271954811265,8.3234204073971e-06,4144.55092815403,4376.76730999759
1.4027720273003e-05,1.77678394213917,0.0366423173647171,30.7573417397919,6.36588400904025e-06,7003.64898899663,7396.05869902799
1.25901240663864e-05,1.79486118220171,0.0533758608198529,76.7410461122385,5.88988666075851e-06,2779.28437478364,2935.00579619083
2.29720130220875e-05,1.15939574085858,0.203672903898674,72.4306326364208,3.96588031638868e-06,2945.83705716554,3110.89031257827
2.27641313795317e-05,1.60226125110614,0.0370560127110972,74.5658882108984,8.8856915722428e-06,2860.90850112807,3021.20326705904
2.07803938155826e-05,1.35870209011737,0.0654566327364814,81.5035085535766,5.87021682223698e-06,2615.87683366516,2762.44264120192
1.28327000690745e-05,1.2872990460097,0.0342966735770882,51.0436333297574,2.96567281506481e-06,4192.40581670341,4427.30347554541
1.69926182338726e-05,1.08399132970081,0.156520831953128,53.4541695951281,1.56093821317156e-06,4001.55094559106,4225.75513525022
2.08467509844387e-05,1.65733214905807,0.0629852486074026,32.268893666323,8.82383441039718e-06,6670.36160726392,7044.09745099669
1.79793855118314e-05,1.2162575710779,0.0200143772092374,78.5270057981079,3.26206723050854e-06,2715.66758886627,2867.82460483935
1.68033422270408e-05,1.86406137232231,0.0456764784188231,30.3183904210614,8.16162452937837e-06,7106.76767306272,7504.95505313106
1.59345651076538e-05,1.13037226273004,0.106982252803899,73.3169894338044,2.05795550060826e-06,2909.97804544254,3073.02214471191
2.35477797648897e-05,1.15857017729808,0.0948782392629719,44.6407467208417,3.56066130665798e-06,4800.58876961649,5069.56250745296
1.8645009025583e-05,1.1540672780923,0.172026775122088,87.4954282441607,3.00618384582782e-06,2435.70090756056,2572.17157997156
2.07226249715947e-05,1.35304025860739,0.0458781608537933,38.2460975441879,5.66689144924174e-06,5613.95533820734,5928.5014540758
2.38494717496019e-05,1.72193041741904,0.114450201616303,77.3024105987721,1.12910203045695e-05,2758.96944222055,2913.55263171335
