a,Rstar,R0,psi,pi,mean_nz,meannh
1.90680367407259e-05,1.22863173593005,0.025458947344267,17.4727866165323,3.64092797495256e-06,12384.7929055739,13077.9872426091
1.34566405034903e-05,1.18627859948357,0.000191696374039335,13.1270684185317,2.11344216601017e-06,16651.0194525139,17583.000510118
2.26566091321176e-05,1.83630033857696,0.10791944337738,20.7829643028228,1.15663880673056e-05,10362.6967627989,10942.7115250282
1.67356269661719e-05,1.30860967019577,0.00395810290770834,15.0928881696996,3.96238328842739e-06,14406.0528550577,15212.3799639802
2.24615267219888e-05,1.05664303828804,0.0174870123803595,16.4466662896885,1.22548860077576e-06,13182.2242585577,13920.051953799
1.36734140955806e-05,1.1524636029602,0.00803324889459044,8.26627068938993,1.82352961081706e-06,27095.9770465779,28612.5771212283
2.07235837395536e-05,1.33540106145135,0.0177987489805314,17.8670988008007,5.29917043775522e-06,12103.4444408461,12780.8913072558
1.61201825988432e-05,1.52488118506556,0.0275600369971903,14.5631477252916,5.70590962221438e-06,14949.1595790226,15785.8851377479
2.01728948111879e-05,1.30973356848469,0.0316907236793974,30.1368758631199,4.9266343611482e-06,7091.28613730629,7488.19543002968
1.38747277923524e-05,1.44002720101592,0.122951882122473,15.9714817050668,4.83395623662375e-06,13587.3755052935,14347.8800875866
1.43278253301093e-05,1.08439786402625,0.0651477711375199,8.72081808897944,1.1928159035987e-06,25593.9643508646,27026.4946552119
2.04185358546171e-05,1.2510181796468,0.0621620438877908,8.68214286443215,4.36846404246882e-06,25715.2429387709,27154.5613768384
2.29524389603678e-05,1.10918637780803,0.0477659600062755,17.2539040314307,2.37267661707786e-06,12546.6904505156,13248.94642162
2.29413524014251e-05,1.27268028668595,0.0831622723236583,19.207372219645,5.36105035748456e-06,11235.8745079252,11864.7622608263
2.27989004430464e-05,1.4222289209326,0.0225432022022996,13.9000508735665,6.92443915364851e-06,15689.5847667973,16567.7529682117
2.36271738669081e-05,1.28121050237362,0.0349332856127419,31.5112000760545,5.37346927028099e-06,6776.96567366925,7156.28200645631
2.00112919347407e-05,1.39511846601338,0.0253570532328984,15.293644224071,5.81482757292699e-06,14210.4065263587,15005.783034157
2.21244344245763e-05,1.76860958479613,0.0168730639448964,24.4551717505991,9.77972307946895e-06,8773.64407430716,9264.71731500181
2.30931295192866e-05,1.06334825984752,0.0481090125976378,15.4217609675092,1.44525397838531e-06,14088.3055880294,14876.8479339937
1.30470280882353e-05,1.18973246646002,0.0405197362591844,9.78983488110748,2.1685125778653e-06,22642.6948870706,23910.0384745333
1.80158879561657e-05,1.26604258554793,0.00409485290535235,18.0775736591713,3.80130467571618e-06,11958.4384077307,12627.7690818263
1.75466295117298e-05,1.16133255599857,0.118407649624739,18.1161143785403,2.76491956381443e-06,11932.2615345705,12600.1270521332
1.83689004676435e-05,1.10697897193931,0.0696862962844669,9.10115428808717,1.90811328067846e-06,24459.6030742198,25828.6415770394
1.90378996157907e-05,1.18065493015163,0.0807547071894253,28.7633985910343,3.16887666239873e-06,7435.96180860607,7852.16308507763
1.39053040714134e-05,1.58838998311946,0.00238992637465853,13.3528254220888,5.1632331390386e-06,16358.2499095884,17273.8442427023
1.49124503953736e-05,1.49702902344836,0.0254417985542266,21.8699744067692,5.08026138448035e-06,9835.38778716987,10385.8883218654
1.59397384377792e-05,1.11655731875942,0.0231356011046647,15.5896733738832,1.70332817668864e-06,13931.4205328923,14711.1818009156
2.30470367643312e-05,1.72721449586337,0.0263157229074633,21.1263777093205,9.96558491511407e-06,10190.0975954706,10760.4517387229
1.36367844208069e-05,1.20225329418018,0.0416666598180399,12.92124247152,2.39380505995219e-06,16927.2308703257,17874.6718707897
2.25505147429872e-05,1.1146297107953,0.0195859921524643,24.18064012248,2.36539418307695e-06,8875.38772742857,9372.15570397473
2.12045036530467e-05,1.43302385455692,0.0153548048660624,9.928630973443,6.50724786624607e-06,22308.7473444165,23557.3994166315
2.21744266680172e-05,1.40134076011464,0.00470538105499679,17.1476646476512,6.38058604200553e-06,12626.8069334699,13333.5471371902
1.9158706367257e-05,1.48969392835936,0.134915094326642,12.4273554490405,7.27989319031962e-06,17628.9583918157,18615.6760719745
1.87299000863358e-05,1.2188702905973,0.00994161141892495,11.228978409003,3.39700156175587e-06,19600.7437138984,20697.8250012277
2.38998343641004e-05,1.65261874446377,0.332336395034618,19.104291320733,1.41353138518634e-05,11298.1590929835,11930.5330020098
2.24785025846176e-05,1.0388582608348,0.049869435654317,38.0716523258335,8.84913571846067e-07,5593.47328555752,5906.54787917153
2.02710401471592e-05,1.85061725239804,0.155321416140061,20.2307412470627,1.10303889804927e-05,10652.849974978,11249.1050219734
1.79892073708009e-05,1.45925496653158,0.0232109568720948,17.541659988288,5.79596657702004e-06,12334.7113219723,13025.1025220954
1.61787911830377e-05,1.16977096737841,0.183450532287799,11.3048357628437,2.87552580336658e-06,19462.9355367978,20552.3035059721
1.36583470699266e-05,1.57586056424405,0.00970401450158843,13.7661749844361,5.03995508750733e-06,15848.0659244801,16735.1045399474
2.28238270370392e-05,1.17108608798798,0.042338828829849,23.6788815550876,3.48170559428657e-06,9067.57427505982,9575.09920390128
1.8858397786676e-05,1.70949193682483,0.210954067939539,20.0533912802404,9.91907977816181e-06,10749.5136633943,11351.1791134475
1.42378681717766e-05,1.68890548366405,0.0115207994121158,16.5768360627114,5.87523771494241e-06,13075.4222065164,13807.2720401799
2.05330345527856e-05,1.89986844677581,0.0262371487646844,28.1683416747189,9.98725537883547e-06,7595.91985805771,8021.0742122988
1.55752433484262e-05,1.8250325376018,0.0184549702594964,13.5324653736415,7.17328568121536e-06,16132.5441325415,17035.5053947856
1.85470785343945e-05,1.15892490336117,0.021740417735645,29.018028245319,2.59985904162194e-06,7369.55447347156,7782.03883767791
1.45447094676839e-05,1.44526232441869,0.00782818341926287,18.1097101598506,4.5162819813105e-06,11936.6033382303,12604.7118726712
1.79877604152896e-05,1.14024577459872,0.0130038392022402,23.8342139361847,2.24153238944443e-06,9007.1942399259,9511.33961298924
1.84443835915485e-05,1.81707237039076,0.0242111594451945,23.5927016430555,8.49940058556729e-06,9101.4242177151,9610.8437756179
1.28068687133454e-05,1.45608889691595,0.0927296896108603,31.8698723111685,4.42141765657525e-06,6699.46699750887,7074.44562002078
1.31370111871278e-05,1.29329584470881,0.130363315872568,21.9422043367735,3.42578388908027e-06,9802.24439194128,10350.889844032
1.44767031689733e-05,1.34619157020124,0.0580260360578141,16.616460738458,3.95215175364641e-06,13043.2536979474,13773.3030147883
2.35110369739467e-05,1.09378947063304,0.191038240655034,5.96181727534586,2.49201849334143e-06,38583.0604442199,40742.6087878489
2.13328846607767e-05,1.59526588074969,0.00184865253795736,16.5380251101821,7.97483694531106e-06,13107.0843523808,13840.7063610317
1.43768175280234e-05,1.81077114434922,0.0343424735740027,33.1898567007269,6.66603793405856e-06,6428.905995676,6788.74093708456
1.49410109519809e-05,1.20996021799343,0.034995559911488,19.8431965332885,2.68664218409345e-06,10866.3760931434,11474.5824983124
1.76286351670967e-05,1.30400302683797,0.0104593898072226,16.7909895248961,4.15314046900102e-06,12903.4302860319,13625.6534891814
1.94371332513448e-05,1.4792582929239,0.0049151049422764,19.7037042027003,6.32833127448188e-06,10945.3431026256,11557.969402758
1.68675509585738e-05,1.04687996253999,0.0593719198710464,29.8287967625173,8.03002042786812e-07,7165.78964586115,7566.86900510186
2.19163002938507e-05,1.86699603113742,0.0665618640199566,23.0274450382703,1.09029716444729e-05,9329.87044194512,9852.07645741412
1.92311719594086e-05,1.61522211797641,0.0667019509544894,23.3904693410526,7.84830528999915e-06,9181.8587899433,9695.78038436746
2.02419410878429e-05,1.16345796914232,0.0764835233480729,15.5695911818872,3.07930905262124e-06,13949.9995937834,14730.8007580646
1.47501107887533e-05,1.3069224430967,0.0507445427882541,9.35498800058358,3.64908666154649e-06,23756.9368174372,25086.6460982229
2.02533236799985e-05,1.10740422241346,0.132534863043181,16.4715879441128,2.26437923699474e-06,13161.6415943003,13898.3172487757
1.43516849000836e-05,1.21640108438087,0.0800752227256317,16.1221164235652,2.77540475448069e-06,13456.2705870671,14209.4370420645
2.23544171804767e-05,1.94732451662621,0.0577019521403997,17.6237637087436,1.15405071857321e-05,12275.5360640383,12962.6151414634
1.71693498531003e-05,1.73659380843861,0.0345589951548487,13.2411546984234,7.54310381173836e-06,16501.7696648941,17425.3970012556
1.71278621266605e-05,1.41014988854719,0.0879688748010504,17.9033038883951,5.46213505398946e-06,12078.251073497,12754.2878315819
1.51169488009885e-05,1.09982980457519,0.100129867709065,31.764958716519,1.52479574723945e-06,6721.95174919319,7098.18887498861
2.31404906413704e-05,1.64610411997875,0.0243992394553598,31.3491886255394,9.30969041788695e-06,6812.56265084675,7193.87139668288
1.32744902753877e-05,1.3678069835314,0.0583598782078188,8.34658936089098,3.79072106399197e-06,26817.8618611178,28318.8954363464
1.60251458569597e-05,1.49616488659775,0.0747845268053966,17.0627607673697,5.74378199821327e-06,12691.5736173923,13401.938903814
1.99965638409387e-05,1.54548535001544,0.240991214521484,11.1079548956891,9.29852463653849e-06,19824.6936223844,20934.3097021422
2.07891999674868e-05,1.30250979565233,0.0461586142547913,26.317032961408,5.0618641694073e-06,8140.74592057775,8596.394958427
2.09522293995889e-05,1.17461036448693,0.126379254259673,29.599597378202,3.56510932849194e-06,7222.24117101805,7626.48020178933
1.88486095874822e-05,1.60165967266634,0.221315676025511,10.5642770170879,9.0925754771717e-06,20897.3552758114,22067.0097421114
2.00364026294108e-05,1.18881666414418,0.00243059067477554,14.7530399706961,3.19001953604477e-06,14749.828301411,15575.397007221
1.95020466858409e-05,1.73938868039085,0.0109269802379718,21.5454971144744,8.3814544884152e-06,9987.0854324705,10546.0766984576
1.69601937134983e-05,1.15449672753565,0.000654031569808434,2.27813614364826,2.27108905979827e-06,99594.2462625247,105168.676778791
2.33389148852639e-05,1.70657456783357,0.00575426240929301,9.39272433288479,9.71872818924332e-06,23655.9105971733,24979.965297837
2.00842003627801e-05,1.68726079306239,0.00950187807335296,28.4192346151704,8.25907485671742e-06,7527.64534617194,7948.97827962998
1.64426397033921e-05,1.2605266443793,0.0700295066732761,26.6801089462154,3.65421998830271e-06,8027.81921863549,8477.14758960858
1.66395838337978e-05,1.13279581006584,0.0498407280961304,31.656762868062,2.05291579228065e-06,6745.29858902042,7122.84247038933
1.86169902866017e-05,1.26674067458553,0.0265891193608853,13.6987789071633,4.02723016382526e-06,15929.067206238,16820.6395777588
1.93092182138572e-05,1.44764583671772,0.0246508932187192,23.3016000972941,6.12164525706454e-06,9217.65654197053,9733.58178709545
1.48276623934619e-05,1.49793355018858,0.00162307484343858,11.2827038484873,4.93685690108986e-06,19502.9412746118,20594.5484213899
2.36795460093627e-05,1.30100111909101,0.0674794664460997,28.680223028638,5.87481500883292e-06,7457.91408180557,7875.34405798837
1.88360582291186e-05,1.64163253134326,0.0281077663722393,29.0991971491399,7.57484631282777e-06,7348.63427940169,7759.9477108222
1.61571365826325e-05,1.45692785062017,0.0187324944222479,16.1029979800098,5.16391838425746e-06,13472.769923939,14226.859870106
1.5705338797613e-05,1.61937426602759,0.0818583932708769,16.422254149596,6.54238176473734e-06,13202.4486489787,13941.4083318936
1.95755528500322e-05,1.285537742762,0.0203533717518825,21.7488131871592,4.43827859693067e-06,9891.49004628742,10445.1307036004
2.3568846255756e-05,1.41772663551827,0.0487119088967499,10.4927902171769,7.29986805949184e-06,21047.100740503,22225.1366717909
1.54539844594952e-05,1.4442035926808,0.0311732487839365,27.2846959460369,4.9061519952017e-06,7846.57183559786,8285.75553475591
1.45676175087327e-05,1.09312151555904,0.0863681570163025,19.7781157385965,1.35828815904558e-06,10903.0762144362,11513.3367771872
1.90655742204431e-05,1.56036825373918,0.0788556410584943,28.4778104386179,7.43291806587689e-06,7511.88170966056,7932.33233013654
1.60861927947197e-05,1.35704358889742,0.0260887223091621,33.8286722060862,4.34564347146086e-06,6305.66354675094,6658.60043436655
1.76930198529521e-05,1.41350973443037,0.0428538973774077,35.9729453581773,5.40757473814533e-06,5924.44586894145,6256.04546513441
2.23757345574321e-05,1.38482246405813,0.0347315461216481,11.1908319355537,6.4414751632369e-06,19670.7840721931,20771.7856172209
1.21796189814219e-05,1.24841359970664,0.095686643219663,10.7476741672736,2.67994364534454e-06,20522.7662547574,21671.4544449081
2.28959647170464e-05,1.27468127364104,0.00713604994705584,14.8680739280875,4.96920165765873e-06,14631.6421106709,15450.5957685943
2.29031494631013e-05,1.54860261118735,0.00772486135451293,10.6808753827476,8.17656565909105e-06,20657.6365462538,21813.873616956
1.83745485696802e-05,1.20593055342294,0.0258484415722015,33.1556980187869,3.22092348849671e-06,6435.63184377886,6795.84324039762
1.35573815041166e-05,1.33956549060676,0.00615359733186066,24.9358992642575,3.45788232004976e-06,8600.9914716717,9082.40110253986
2.09972552182898e-05,1.74244193327086,0.0319913536366582,23.5249835556421,9.24225435353501e-06,9128.20054939207,9639.11881636708
1.67818179515507e-05,1.15735715033995,8.50482798138583e-05,17.5872377925601,2.2818533987306e-06,12301.7913938117,12990.3400190972
1.25069144967925e-05,1.14271485042714,0.089211522166183,20.3996558909314,1.71497546625972e-06,10562.3869352775,11153.5786382743
2.2854163958584e-05,1.36818975195779,0.0504076132796626,26.6015109172483,6.47653738026787e-06,8051.99885112819,8502.68059025553
1.34962159760669e-05,1.07289623861776,0.0732615194712016,20.4998278888531,9.89454576673852e-07,10509.4615990189,11097.6909962541
2.20269531912049e-05,1.34207976383456,0.00676871530090891,19.7403321414788,5.65253741674451e-06,10924.4969900786,11535.9565038725
1.58591885632742e-05,1.45233626849703,0.215741907456083,20.730237275371,6.29805788091505e-06,10389.7165415784,10971.2436389578
1.96518820491834e-05,1.42572279843948,0.0623148753080647,23.8766073992352,6.25791491236481e-06,8990.85471036264,9494.08553689707
2.17069600604922e-05,1.46957225754739,0.0333576220786518,9.20536300297939,7.17521307379378e-06,24166.1564095615,25518.770288432
1.82616082801083e-05,1.48693018787818,0.0233907169535897,24.3869266252179,6.12330809422096e-06,8798.71775427489,9291.1944042227
1.50252244188292e-05,1.06315492493617,0.00827970488259706,35.0656714984925,8.99986202396578e-07,6079.97113345575,6420.27569818951
2.33771462030383e-05,1.35921762984238,0.0156878033679081,13.3932823151855,6.2764910331031e-06,16306.8689360285,17219.5874035407
2.03017480922006e-05,1.7791481223759,0.0398012365733094,45.8147586263728,9.25914456935372e-06,4637.60948099083,4897.18302849494
1.86119558831546e-05,1.45907295449024,0.0591541560204158,12.983758152354,6.2239985508686e-06,16842.3723294318,17785.063677605
2.0876823303041e-05,1.84222930290342,0.0117936791215456,10.2721542577596,9.65815618895632e-06,21523.1248020969,22727.804471904
1.67140532081304e-05,1.76131804456962,0.0255742870291723,22.6886989798209,7.41402165200286e-06,9472.35374567803,10002.5347527373
1.38475899564922e-05,1.24460039703152,0.00464109853373103,13.1966411455922,2.73410800197815e-06,16559.6835274012,17486.5523843785
1.91824160824092e-05,1.73046130289591,0.0338006619823343,24.1581624029949,8.38036903729524e-06,8883.82278136522,9381.06287978424
2.01679403919792e-05,1.20523131015841,0.0522611463784282,12.8008164997072,3.62357076615411e-06,17093.131719438,18049.8584245554
1.9963879920532e-05,1.08912353323492,0.0837673537648364,23.0887688134113,1.78297357575759e-06,9304.53351025906,9825.3213819047
1.6017071181776e-05,1.51877847432154,0.0135737987120092,28.5703988084745,5.5462435355463e-06,7487.09900934834,7906.16250711312
1.592128891325e-05,1.50289088080959,0.0197407338655538,24.6652311429353,5.43471127697946e-06,8697.35616965927,9184.15946866903
2.30868865400841e-05,1.5316012971155,0.0249507833611278,21.4490301324498,8.2180496936471e-06,10033.0918206799,10594.6581291419
1.98843420971632e-05,1.61924275605738,0.0208296408603686,13.8082679205492,7.76592243615879e-06,15797.8925168,16682.122855832
2.38748698581057e-05,1.41545382100505,0.0138785184263556,24.2666316839314,7.10603083953566e-06,8843.26562665575,9338.23568388916
2.01883812634768e-05,1.52636697590818,0.0278044466648664,9.17201016511589,7.16091358518143e-06,24259.3064266447,25617.1340434298
1.81665240794281e-05,1.25335171133939,0.0400462856619192,25.3442036565201,3.82528803197644e-06,8459.59917041474,8933.09487464085
2.05166786978524e-05,1.78098093862106,0.102556135523249,17.9722122126562,1.00246796105062e-05,12030.5898130923,12703.9589031702
1.3757752085885e-05,1.32841837883911,0.0841439401146518,12.2565142512844,3.71369438742909e-06,17885.4428929584,18886.5163726115
1.66673828851115e-05,1.26785066831984,0.0710879546152974,7.50350307992182,3.79061371651959e-06,30056.6372592743,31738.9496642781
1.39755874505723e-05,1.42959752534729,0.031356477920618,21.3560693251693,4.33558545293926e-06,10077.828969115,10641.8992789104
1.81943463046756e-05,1.2044293036631,0.0520201569715751,16.0737590423817,3.25754764642102e-06,13498.0817424217,14253.5884267905
2.34592972302279e-05,1.11794462305366,0.0237289798664198,37.8591035053478,2.53508188696746e-06,5625.30027198315,5940.15626694342
1.30927500315327e-05,1.3526784491381,0.000108935797473089,16.9787976967985,3.41394673389823e-06,12756.2795752204,13470.2665454184
1.64012180473711e-05,1.28900543791859,0.172538279581313,21.4778023889127,4.44396310982857e-06,10019.3256432123,10580.1214392939
1.78669484441187e-05,1.25552212904909,0.0703657612328734,26.9591127029353,3.91141542531928e-06,7943.14790051515,8387.73709832015
1.96832973531196e-05,1.4165485823207,0.0385579461102603,17.6457022747021,6.02004766674715e-06,12259.8201402963,12946.0195752903
1.44689140132489e-05,1.23328984984806,0.0654407166452709,24.9049191565315,2.92855209112114e-06,8611.91280200135,9093.93371514085
1.5613521382045e-05,1.08661678524132,0.0910482539268195,5.21783180048031,1.36923554900874e-06,44710.3148588182,47212.8142791553
2.03461711495975e-05,1.59255917346923,0.133133940534535,48.8919933923202,8.73285132235394e-06,4342.68335342532,4585.7494693534
1.6043413657668e-05,1.63936730507549,0.226704043341513,30.5708378069608,8.09124136368002e-06,6988.9304987738,7380.11080195854
1.61387754616477e-05,1.13900121615359,0.0438016702579373,35.5174716289237,2.0597268950191e-06,6001.51579414586,6337.4291028179
1.93249409800591e-05,1.59868286241483,0.0734017677702595,20.581081879288,7.8100153906726e-06,10466.9195913942,11052.767852425
2.12483739267625e-05,1.27186595204756,0.0023444782065153,40.1683048022302,4.55249331498053e-06,5297.80030078502,5594.3256601711
1.43384178445246e-05,1.05984419838204,0.0425257264932198,12.7798806373622,8.4556622307396e-07,17122.3058800515,18080.6655041106
1.74842842726456e-05,1.7013160591614,0.124873981655157,36.4685780327989,8.23563059171446e-06,5842.79877798024,6169.82847126718
2.16464540351713e-05,1.77291954508106,0.0324696873139258,18.2818392010166,9.75343483330002e-06,11820.9952106255,12482.6329950117
1.70016819042452e-05,1.22679589194677,0.0599614965476058,5.8302839078572,3.34349876861916e-06,39540.7194353395,41753.8693042033
2.09121614772286e-05,1.62645063414365,0.0189185944885785,16.773517675034,8.20976111434552e-06,12917.2926066791,13640.2917034784
1.5277485073314e-05,1.5115212292142,0.104819723309081,15.559731901946,5.77541330448563e-06,13959.1390717204,14740.4517854799
1.22108464084687e-05,1.29401903378612,0.0427426577136096,15.2274585547928,2.89831942935292e-06,14274.317558656,15073.2712571268
1.65866802265914e-05,1.11361134461672,0.0632473546823272,18.3696248680357,1.80640386620869e-06,11762.8934157727,12421.2791607045
1.23158167010648e-05,1.47792521553538,0.0485077283308692,18.4004796633957,4.185619285219e-06,11742.6073258553,12399.8576297056
2.18327954838742e-05,1.51966912922165,0.018509546627143,27.591586790889,7.60661475293534e-06,7757.66633170673,8191.87386434359
2.19875511190323e-05,1.23179764935448,0.00118190402844989,16.3579071609739,4.1423858912344e-06,13256.0559876463,13998.0161489602
1.29016740240064e-05,1.75158186592137,0.147988030094558,12.1786492850361,6.49739327847712e-06,18004.8358313739,19012.5919022841
1.72788767038509e-05,1.8699270704073,0.023025495107142,13.5129325246975,8.22778030278439e-06,16156.7834697071,17061.1014418602
1.34495621957006e-05,1.18474359339686,0.0144956112766576,10.6642206871241,2.12808349383245e-06,20691.5400208831,21849.6747169068
1.71817858649734e-05,1.3326320196359,0.0220632504602255,15.9170685163906,4.38534404418842e-06,13635.3645513835,14398.5551483111
1.98052509242194e-05,1.16941033504156,0.0433575861380252,23.9892735939224,2.99912550691567e-06,8947.71705309583,9448.53340407477
2.01204845800213e-05,1.34399055430667,0.0721286535667007,14.6348291096601,5.54997936849788e-06,14873.2850421302,15705.7637959474
1.39599235826461e-05,1.06735495848563,0.0152806323124461,22.9076372242821,8.94592184447071e-07,9379.77135657593,9904.77039665977
1.96649990035035e-05,1.22871212657053,0.0201244723676839,25.0052753245264,3.73553934844148e-06,8576.63472393834,9056.68107326226
1.51047370925574e-05,1.66635638748244,0.0489701427803191,23.9303308162523,6.35112490276257e-06,8970.23330687749,9472.30992435678
1.26874706600625e-05,1.15053011418912,0.0269731990588037,15.8708676722201,1.70596440564935e-06,13676.3778176753,14441.8639849974
2.08236624052618e-05,1.1670961435861,0.0192238283224207,13.2203420483528,3.0397492100075e-06,16528.7972008619,17453.9373065543
2.35550665501496e-05,1.63714082061997,0.0375154922709878,15.3963492149832,9.52421501445747e-06,14112.3569485215,14902.2454830752
1.3404502728126e-05,1.33877627082621,0.169701164208731,9.64918239241847,4.08520525171774e-06,22991.4758445415,24278.341194413
2.07676587813087e-05,1.01515241714869,0.0757447260824946,34.9882587496381,3.35379488181902e-07,6093.62021822908,6434.68874149995
2.37952233455703e-05,1.61342454535174,0.0265243224588579,20.1925976038958,9.29322484380663e-06,10673.4929129399,11270.9033743055
1.2987558183345e-05,1.06888788474759,0.121484795709194,22.8641314624875,9.52757643540566e-07,9398.02424552993,9924.04492556802
1.69783580234936e-05,1.5984386984102,0.00447568922482994,13.5775349095479,6.38498795953386e-06,16076.8916734598,16976.7379890292
1.62572569261445e-05,1.74451336501162,0.164826501612972,14.6151404631248,8.30729429168593e-06,14894.0485557596,15727.6894727372
1.52076984427432e-05,1.7598631601937,0.0847348474562334,12.0418461763885,7.17406900211448e-06,18218.5092805968,19238.2249560078
1.54105670535425e-05,1.62273804166747,0.0559380014082023,34.0268061868814,6.26423197550174e-06,6268.3933084839,6619.24412826586
1.7283779550042e-05,1.4724729549397,0.138379774206927,14.7660714730279,6.43640405472128e-06,14736.3438555115,15561.1578178545
1.36446442773454e-05,1.15912776605116,0.0401614136943917,12.6850722901257,1.95151754703414e-06,17255.6785279991,18221.5032073868
2.04831441941047e-05,1.5297958237325,0.10088937131504,15.0987190610261,7.88947804474604e-06,14400.2944115699,15206.2992122838
1.53493933113143e-05,1.55554775348587,0.00697894663377298,30.3702414987888,5.52031775289412e-06,7035.87403378222,7429.68183287072
1.76513810205962e-05,1.15519252724614,0.0693195802123935,22.5677924397153,2.54792258327444e-06,9524.26925036355,10057.3560414862
1.74791060358183e-05,1.14601858853077,0.104183665245914,19.8826102700684,2.48604007132137e-06,10844.2699481834,11451.2390412216
1.63015564435646e-05,1.07505512350256,0.0179160073543915,41.2030535556447,1.1588382831762e-06,5163.10639472325,5452.09274609951
1.77999680257849e-05,1.10258915906115,0.0711761423387707,17.4458671211988,1.78305701178417e-06,12404.478287436,13098.7744430752
2.03649005694157e-05,1.203560261137,0.0852036754150887,9.00959682820634,3.76507144849951e-06,24723.3760093582,26107.1782556086
2.25016515564183e-05,1.32869653799932,0.235345776502255,11.5987955584587,7.27955576305129e-06,18946.737101473,20007.2127157342
1.64697286197748e-05,1.16681066597057,0.00050554843538726,21.3924811543288,2.35571278492777e-06,10060.2584140303,10623.3452750611
1.26657542194901e-05,1.52129300184452,0.146359894841841,19.4478300318768,5.08415111513185e-06,11093.2187603706,11714.1218697573
2.19106745453859e-05,1.37964014619549,0.0218552298178087,12.3312367621798,6.1638084139529e-06,17772.348714183,18767.0921530452
1.74064294050252e-05,1.7869176943569,0.0149165091023303,15.4581344112091,7.78132739891669e-06,14054.0217177758,14840.6451471387
1.36262950910535e-05,1.2877335066906,0.145900287397328,20.6043321209362,3.56472854218945e-06,10454.8098197175,11039.9802797376
2.31182826072061e-05,1.14359264089053,0.00830660300195041,13.0858359383385,2.92704124695194e-06,16705.6272686679,17640.6648028079
2.39521467696922e-05,1.27941936358595,0.0767991802044079,19.2178664224271,5.66604958042275e-06,11229.5720969736,11858.1070950395
2.16145814261567e-05,1.23390839571015,0.120456208369932,18.7902306304471,4.65844855420739e-06,11492.2551496337,12135.4928888699
1.48399636549009e-05,1.26942117514641,0.0209980043050138,17.6619279972949,3.21713017557766e-06,12248.2225422375,12933.772843301
1.95966491519278e-05,1.19558949093135,0.0188265507951201,15.8565521225743,3.26731311401539e-06,13689.1361045853,14455.336371231
1.21122637759298e-05,1.39064581673471,0.0614831160319907,12.5766112269038,3.62530179765642e-06,17410.8298047468,18385.3385200522
1.3310917835894e-05,1.08103340667877,0.0363612973988693,12.9030405312966,1.03541090950008e-06,16952.0991660323,17900.9320801026
1.24320679726135e-05,1.26253776117116,0.0850485001802674,16.9507386094752,2.82544389990042e-06,12778.0506331617,13493.2561601972
2.32392339030281e-05,1.56405251222105,0.00426037375612987,15.1386718664452,8.41654933595555e-06,14360.9615605771,15164.7648461122
1.38238636192968e-05,1.32676182726063,0.0617524519370717,24.6026517916979,3.62863970572522e-06,8719.94417846988,9208.01176021023
1.30406438875487e-05,1.32361583251732,0.258852856140221,7.81777645847136,4.30183857465209e-06,28761.6830291424,30371.5150183741
2.25432345195618e-05,1.37547049738016,0.00520566168485129,23.4452033731834,6.1858246763654e-06,9159.94922150215,9672.64450646065
1.89380541692851e-05,1.50551026193677,0.187016311834588,22.5976809297313,7.82147894844577e-06,9511.38268108761,10043.7481927416
1.52666814090349e-05,1.30913258497509,0.0419232430151203,9.95093195263076,3.76269051961124e-06,22256.0077207448,23501.7078817938
2.12888724885816e-05,1.03844360655988,0.0163236660875392,21.311127505375,8.01183952104683e-07,10099.6005028316,10664.8893960944
1.89889853106653e-05,1.2131426874263,0.0586440568591207,14.7360073592589,3.54403160270891e-06,14767.4901914211,15594.0474581404
1.65280196621977e-05,1.40259888873453,0.0500725817681777,15.3620043018396,4.99415260045857e-06,14144.9940899332,14936.7093713511
1.41841232823506e-05,1.13825533303821,0.0114339082008811,19.2709649210519,1.74274058917994e-06,11197.7913098468,11824.5474924063
1.53276249962356e-05,1.63142631505298,0.0642342434769845,22.2793479328909,6.33950909962384e-06,9650.4522087205,10190.6016380988
1.99847144173952e-05,1.21956069513787,0.0322368137004937,21.9864235237915,3.71767143645372e-06,9782.06402120593,10329.5799494669
1.43679888589634e-05,1.07177538606624,0.0555721385376858,14.3470806267769,1.01880792803458e-06,15182.624725782,16032.4176582505
1.58753969936874e-05,1.07922047659872,0.0994042962106298,10.1673977305452,1.29394042218402e-06,21756.7653726866,22974.5222349562
1.35406569676381e-05,1.25248460169982,0.0126882730669383,13.1397707028702,2.76466153482111e-06,16634.2685917338,17565.3120800203
2.13503097333647e-05,1.44863653514352,0.0200582767952474,13.3339578540208,6.74729366165532e-06,16382.3229887047,17299.26472603
2.27577904695254e-05,1.07003808033772,0.0161919967167014,12.0236810462788,1.51406558209279e-06,18247.2637468181,19268.5888502834
1.53038943204246e-05,1.2830372464883,0.00478621472081231,21.2049003803525,3.39221380581054e-06,10151.4369160693,10719.6271665355
2.37987915151846e-05,1.03038360126802,0.0215042570862596,10.7940787471097,7.171759274409e-07,20430.1057341503,21573.607584195
1.90114853179716e-05,1.2155198825873,0.0300024425668703,10.3477439590154,3.47505853288196e-06,21357.6310841552,22553.0478370151
2.01268044893369e-05,1.31109060941864,0.090012669354338,10.0212455624035,5.24787939789096e-06,22091.3449211655,23327.8286729408
1.77596852347227e-05,1.2257108647335,0.0523809241985471,5.33127765526208,3.45110105486993e-06,43652.7888216705,46096.0970172688
1.2892767445894e-05,1.53543246939445,0.0414130097595931,32.5638584433366,4.69010616130441e-06,6554.44080193474,6921.30210361132
2.06778256705692e-05,1.5811770059722,0.0218010152128177,14.8300291102967,7.76955847220882e-06,14670.5192007618,15491.648864283
1.45830776247578e-05,1.96735934407207,0.00910073836950948,21.0623886525949,7.23631395185745e-06,10221.8211227014,10793.9508765429
1.89070504793627e-05,1.07619119124271,0.293130649538765,14.3116933967656,1.89359895944906e-06,15221.5584290482,16073.530535834
1.87457127142958e-05,1.43457524874858,0.00626171309869846,18.1505695809882,5.71430451797001e-06,11908.9564057331,12575.5175023452
1.22642364685116e-05,1.41194566679685,0.0412590503840737,24.518108582216,3.73211972512284e-06,8750.64704425411,9240.43310872199
1.24695097280173e-05,1.57244860768665,0.0843817082715398,15.7159096307963,4.95779823352074e-06,13815.7571966648,14589.0446245289
2.37625016223863e-05,1.10963413255761,0.0332144295985201,14.7842678078875,2.42838346435413e-06,14717.5562735825,15541.3186684509
1.51456016276339e-05,1.10311200817359,0.0380596496000367,7.18810521244015,1.47170632918972e-06,31479.235869985,33241.1731268808
1.59949681941681e-05,1.54635545943389,0.0149554628739649,15.9981244146082,5.73702020713927e-06,13564.0013134514,14323.1976092402
1.92613985182727e-05,1.13534067888027,0.00312345364800348,12.7640950715269,2.30324530267074e-06,17144.3690675226,18103.9635993213
1.99295956893247e-05,1.07808613067099,0.012551986809708,25.8819218108797,1.46182679282148e-06,8280.3349669473,8743.7970007177
2.36554070911305e-05,1.48527044896212,0.00747153234586146,24.0624446585539,7.78673479052011e-06,8919.92236032505,9419.18300312419
2.34106763209747e-05,1.22467727097677,4.02950274040146e-05,25.1098488105787,4.29495939126882e-06,8540.18037479551,9018.1863227515
1.25823058239184e-05,1.08402752728983,0.023440042885679,18.2954466059362,9.98704462041022e-07,11811.9514468664,12473.0830390319
1.97825883308519e-05,1.22712466325761,0.0261457430793533,20.1572696864832,3.75972337104101e-06,10692.6835160494,11291.1681025538
2.37432387521937e-05,1.34038827264178,0.0226316962390566,12.2669073753483,6.16900420477161e-06,17869.6265168616,18869.8147316235
1.68810734462868e-05,1.36160975020334,0.0191630598338393,21.8466293319563,4.57070520047647e-06,9846.14788584178,10397.2506784452
1.70920978503702e-05,1.3158258807135,0.0267633299674523,17.0085194720639,4.21520325512256e-06,12733.2992266119,13445.9999542672
1.53673543633567e-05,1.60968601294828,0.0436872502864609,15.1313685321565,6.0863527844557e-06,14368.1355047943,15172.3403261116
1.2699949727241e-05,1.13659071225167,0.0669241061432281,16.6316201284189,1.6356716886287e-06,13030.9886823671,13760.3515089769
2.26841943347398e-05,1.0456184084874,0.0116220357229369,15.7896442933159,1.0012839170889e-06,13749.0827282417,14518.6382920135
1.50009337490313e-05,1.13180690568063,0.0166651896808404,18.5169518721189,1.77654439671475e-06,11666.6570542371,12319.6563141997
2.3994083406195e-05,1.13144522799268,0.110105479050512,29.7717247257854,3.13231220310897e-06,7179.76373539736,7581.62524415043
1.41591547566326e-05,1.19875792823819,0.0394505381848135,11.8246891989439,2.44401641591428e-06,18568.3094328044,19607.603916392
2.32898283588924e-05,1.27106115245521,0.0683358799569447,18.886296016713,5.33085323879743e-06,11432.1802981227,12072.0555631388
2.03783626680309e-05,1.6961132274768,0.0390707554973436,16.7690210920848,8.70349246835936e-06,12920.8650574236,13644.0641093328
1.54679084899044e-05,1.17172586981086,0.00181889292147289,17.9897159767147,2.27104224311733e-06,12018.5429919581,12691.2378044559
1.85757505216263e-05,1.60362757136724,0.0303038765100846,4.46946804361754,7.21054093828022e-06,53222.6800541036,56201.6285675452
1.29543685674369e-05,1.16103461060797,0.0362712098301339,25.9398609463882,1.86435927884836e-06,8261.47168849213,8723.87791794648
2.2838531515494e-05,1.25485031520742,0.0197102255770008,12.7088502678177,4.73147767373899e-06,17222.0336693729,18185.9751985418
1.59270247507682e-05,1.35188724091596,0.0364091593435855,16.5268502461574,4.3022713031842e-06,13116.2293165389,13850.3631817396
1.49352907881355e-05,1.85452816452442,0.00899716976432148,17.8837694001383,6.94424705016647e-06,12091.8311317797,12768.6279848917
1.23902997900741e-05,1.27022457110191,0.0351784938517116,23.3798538562969,2.73195502821565e-06,9186.12022099653,9700.28033373071
1.88911318974858e-05,1.57043006013911,0.10449166856656,11.1380137264725,7.6623609032809e-06,19768.5941439415,20875.0702567202
1.87372855178062e-05,1.36238519041952,0.0182080696243153,32.8770117450411,5.07632494204047e-06,6491.03554411334,6854.34796402862
1.68982740553748e-05,1.2223274842408,0.200462486599454,7.78346331699848,3.84414254510616e-06,28897.6087078513,30515.0486491463
1.88046264963616e-05,1.66236979923901,0.00295038943303511,21.0374510560111,7.51471693235003e-06,10234.2378713397,10807.0626081257
1.47419184347363e-05,1.2393459331894,0.109017637787731,27.5745680009163,3.19529565013763e-06,7762.54382827912,8197.02436128254
1.68951978435405e-05,1.48872667324193,0.0239839198676728,7.27505087640755,5.68263554098467e-06,31073.7727268589,32813.0156394217
2.38884377620043e-05,1.23083535799643,0.0165324381823082,16.8538265471067,4.55532634262769e-06,12853.8198907339,13573.2663300455
1.78099143704921e-05,1.25806649224659,0.0256310709701661,27.2122791542741,3.74937126869108e-06,7867.84879738279,8308.22339811918
1.67892308390178e-05,1.70436224690807,0.00428670414766671,6.14163183863622,6.96824355679728e-06,37346.7191745653,39437.067752538
2.23387663160646e-05,1.40003583338129,0.0633747815474338,24.4767635007222,6.81463381150627e-06,8765.74086851793,9256.37175563111
1.40063520391406e-05,1.54274232170717,0.0331101868172767,10.1318591317573,5.09614739652512e-06,21837.1854347211,23059.4435213561
1.43051490338026e-05,1.45049573601093,0.0183471234376006,13.0797467378729,4.52587240355928e-06,16713.7221192504,17649.2127336013
1.95176881472999e-05,1.24774249065213,0.0597084345765903,20.670275690435,4.12128112930593e-06,10420.6154172748,11003.8719683332
2.34429928641468e-05,1.50496230726428,0.0453728389266671,23.6434063558711,8.23951734145165e-06,9081.47776260475,9589.78088926548
1.76202668091506e-05,1.25624749296874,0.0266842678904743,29.3792684140362,3.69262536197363e-06,7277.35287834565,7684.67658915277
1.50856498155864e-05,1.24466172545212,0.00851778295519973,12.4558690097784,2.99079863440744e-06,17586.865921436,18571.2276266245
2.20938440111512e-05,1.49310102168122,0.00524758256748698,23.656982863116,7.33488531217091e-06,9076.15180558907,9584.15683091934
1.32404329544976e-05,1.44101100831619,0.0329197542000182,9.62732171707946,4.19001712484247e-06,23046.6526140574,24336.6062855872
1.4106895267331e-05,1.08607714281494,0.286531173650123,18.6921103325125,1.56702075515948e-06,11554.2705064418,12200.979332718
1.48533935155626e-05,1.91566710289373,0.00839121055904255,13.9796175780523,7.15972527154236e-06,15596.887892583,16469.8677191286
1.66512355589513e-05,1.02151490547937,0.0348137471754269,16.690911142544,3.63347833564012e-07,12983.2388643248,13709.9290662316
2.09182317372076e-05,1.1940758213228,0.0407607349244588,14.4673396588249,3.54427992174258e-06,15051.7897789235,15894.2596947747
1.41787038995521e-05,1.32976374160957,0.160664933940573,25.7956581666196,4.18911126914167e-06,8308.58003820077,8773.62298847024
1.40200701019233e-05,1.40646686575477,0.0439159333328509,17.2083218260581,4.23782769674387e-06,12580.9396744055,13285.1126229055
1.91653377794232e-05,1.07598302128908,0.0735946892829532,20.9768066857713,1.4608901018551e-06,10264.5597561983,10839.0816516717
1.73830041269045e-05,1.17862672481007,0.0215511130187098,16.2851149863977,2.69245900702544e-06,13317.2263785905,14062.6103330125
1.39414660957027e-05,1.12618563352493,0.00334777609093302,21.0149720707287,1.56732357970012e-06,10245.4563308567,10818.9089806539
1.40904516877346e-05,1.36873558064877,0.0941299588004343,12.5134590988005,4.19032360187236e-06,17502.4603071663,18482.0977110061
2.33175044195065e-05,1.67914820197629,0.0966931963787628,16.8350814325891,1.04402432390655e-05,12868.5793432216,13588.8518899183
1.61133394044656e-05,1.23844268527195,0.016765173904628,9.45358013978364,3.15521714987135e-06,23494.7894754356,24809.8259995325
2.11249218204534e-05,1.10810814936005,0.1585092318762,9.88939025141456,2.44912491273166e-06,22402.1577682255,23656.0381536871
1.67211707884669e-05,1.19133915181681,0.0123602290431522,17.3995187727747,2.71912501364063e-06,12438.5184516368,13134.7198833057
2.34917185829999e-05,1.75345582783676,0.043433876499912,12.069851925691,1.0552415577982e-05,18174.354863109,19191.59915346
2.33507703708177e-05,1.11105856514427,0.0100052545251468,8.54639663948389,2.35761657323838e-06,26150.181501901,27613.8440651564
2.15344880671995e-05,1.15980431218707,0.0140166329361644,8.9608246133065,3.00925668263836e-06,24866.225162189,26258.0228771201
2.02013561453903e-05,1.42455392679325,0.153213675684426,26.7094389329869,7.10967483319123e-06,8018.83340975547,8467.65883232426
1.8346747650722e-05,1.35339336288045,0.00590854296403928,19.8688698164576,4.81902372804905e-06,10851.9663910781,11459.3662648867
1.63520969498651e-05,1.09204135047981,0.0738168527130832,8.94131496055328,1.48803367071895e-06,24923.8309123363,26318.8529023995
1.72379818340801e-05,1.31610107781606,0.0483236163304307,9.56612316287168,4.35036700132686e-06,23202.5383916671,24501.2172101645
1.8028573443261e-05,1.48562036818763,0.111434640005769,9.55192771695265,6.63211213898875e-06,23238.9993092581,24539.7188967688
1.35284742280534e-05,1.27710129511662,0.0514306553293982,16.7061257546675,3.09447285090326e-06,12971.0422133413,13697.0497514799
1.94692146641398e-05,1.17809183443445,0.0151633606961131,23.1014382674285,2.98841214447524e-06,9299.31606133735,9819.81190500369
1.91184164275881e-05,1.1220998503576,0.0113276052432202,8.63974802313321,2.10414046114273e-06,25849.514648689,27296.3484638523
1.20415704711406e-05,1.69164346911379,0.0839733653023246,14.0952570337924,5.37455549181484e-06,15464.1025473863,16329.6501907672
1.61512065495048e-05,1.82618769030918,0.0441912497497456,16.1552318913635,7.64468836149097e-06,13427.7871817956,14179.3593804026
2.07450297003938e-05,1.36097667230613,0.0359957358243978,16.2725624152549,5.70760780581101e-06,13327.8319778747,14073.8095426559
1.23550476323543e-05,1.32477639404397,0.0241258459616718,30.9407850600974,3.10375156182254e-06,6903.97856199389,7290.40398538815
2.0574349407197e-05,1.49839241801138,0.0705812650754155,11.2581418756921,7.36293034347882e-06,19547.532715269,20641.6357079106
2.31253163568322e-05,1.34169378128184,0.0477186857847321,21.2661697780048,6.18436917780573e-06,10121.4740826696,10687.9872710652
1.56294626756357e-05,1.21866773031289,0.0134494330249409,34.0790485943712,2.84260938456283e-06,6258.63947614623,6608.9443601671
2.28753626421578e-05,1.10754544430605,0.0229626764245249,24.3527743424222,2.27340654183383e-06,8811.3194034352,9304.50138547066
2.173550109798e-05,1.1682786439415,0.115391205267389,11.9636651870413,3.53907771012999e-06,18342.91489743,19369.5937307834
1.32077004801314e-05,1.4900690580186,0.00550632448305101,17.5201319083456,4.36787595197626e-06,12350.3219792425,13041.5869298836
1.21366983571798e-05,1.19908238605871,0.0355737203605538,42.4246614548131,2.08934345487954e-06,5012.6484468448,5293.21345454366
1.73218640619619e-05,1.39973740845031,0.19499977774314,12.7308852812315,6.14492883307063e-06,17190.9720146534,18153.1749791717
1.7205834303584e-05,1.40551101631768,0.00887066546813418,23.1931044958844,5.008483533073e-06,9261.74033928604,9780.13301676021
2.12683493345333e-05,1.05483541307473,0.0470983182864199,10.9086502601365,1.16025217495417e-06,20204.8761104886,21335.7715406403
1.81846965166368e-05,1.12286633787471,0.0140545357065747,13.175236348053,2.01813396859035e-06,16587.6770538298,17516.1127479873
1.8979349539862e-05,1.55133524953429,0.00352651946316314,18.7177220778539,6.76888903500805e-06,11538.0185380153,12183.8177186831
1.69206506370194e-05,1.37631864508954,0.0409893333338077,18.5871457256048,4.82417009257552e-06,11621.3571529287,12271.8209134852
2.13423553059921e-05,1.11516440372442,0.0528432596526908,19.9544598757693,2.32696587414754e-06,10804.2019909885,11408.9284239163
2.34236269838819e-05,1.55489101597258,0.0797891139518921,16.1543253244055,9.08370703697775e-06,13428.565335705,14180.1810886845
1.93902210973492e-05,1.70876938402832,0.0285836053711,17.3151237752639,8.27923201099139e-06,12500.9840302824,13200.6817485429
1.45075605714927e-05,1.54920164560547,0.0919136832869207,19.3159305526769,5.66348759989585e-06,11171.018612052,11796.2762889328
2.09393611588525e-05,1.10576454820218,0.0341047571094168,17.3800585724121,2.07348744634875e-06,12452.8666051546,13149.8711232247
1.64331960831955e-05,1.48179932488832,0.0276496267485244,17.5577307479539,5.49501192170665e-06,12323.0836401252,13012.8240224856
1.46839807216516e-05,1.55618408202231,0.0515253449225953,22.9950577850574,5.53310367350352e-06,9343.30754324664,9866.26565223868
1.56446147117978e-05,1.23892733735174,0.0858989134729425,17.7118995573487,3.30052545546208e-06,12212.642048579,12896.2008591993
1.5048280768035e-05,1.7183819452051,0.0775938241820862,14.2375719606926,6.82013634716064e-06,15303.7591727815,16160.3321712002
2.38092641051346e-05,1.28979912194087,0.103720680647838,12.3680220386236,5.96850756212393e-06,17717.1974217974,18708.8539649921
1.22213253618116e-05,1.22438024171186,0.0932949978470772,25.9806124487631,2.47010053216298e-06,8248.25560485494,8709.92211145684
1.47843505758774e-05,1.06016713113847,0.0143093925849261,14.2630495946202,8.51216593899046e-07,15275.404457571,16130.3904025636
1.22583694723891e-05,1.43946462979989,0.011216964578681,19.6796974045109,3.78485483072418e-06,10959.0493505824,11572.442808756
1.40681285337014e-05,1.53801030831114,0.0459904997372372,14.5416642391895,5.15832220911014e-06,14972.0508563385,15810.0576721607
1.35731285183905e-05,1.4143268640933,0.0179031760095709,23.3375738280689,4.04867507149048e-06,9203.13225018004,9718.24455019595
2.29197613998167e-05,1.9062530652104,0.0309018355777295,19.6095691150774,1.12434819719712e-05,10999.2851983886,11614.930713747
2.03610781420693e-05,1.19975395882846,0.00564804066216743,15.3191798302131,3.40921929626479e-06,14185.9013073132,14979.9062234183
2.11992096733404e-05,1.56854808070981,0.0745354758832796,12.5492393273591,8.30269373677484e-06,17450.4268908089,18427.1519109029
1.48661492401734e-05,1.09585380546678,0.000313068730147305,29.0651941223508,1.3007228473356e-06,7357.38362757149,7769.18677235663
2.20573068559254e-05,1.14228540984343,0.00434516958510064,17.0430624145299,2.75943262621887e-06,12706.6950846294,13417.9067409127
1.78489087583357e-05,1.44228176016306,0.244310407821404,11.4971776699705,7.24278964717868e-06,19122.0523857497,20192.3406438865
1.69478345024977e-05,1.21029999248676,0.0205889985281219,3.73570619556462,3.00668492677976e-06,65469.672277874,69134.1022297183
1.60953614605218e-05,1.675272489884,0.0518878079306624,20.518827380488,6.84269319523281e-06,10499.4831147753,11087.1540021652
1.27325136373686e-05,1.2076179795672,0.106230304305157,27.3180649879902,2.44916250197395e-06,7836.80627956037,8275.44338676531
1.83188877456905e-05,1.1244191968501,0.0369289488684184,24.9686426431541,2.10470686924433e-06,8589.4786139051,9070.24385387648
2.25239872163655e-05,1.38264284426412,0.0278732097253159,22.8068333332234,6.41203381316033e-06,9422.17242519838,9949.54471293177
2.04381777177611e-05,1.59177097202119,0.0543595515216493,16.3171182548865,8.0348841903876e-06,13290.2632349941,14034.1380242172
1.86721183645511e-05,1.09596541419668,0.143970455836628,15.7971208053989,1.90991094985661e-06,13742.3580323783,14511.5372054323
2.19496641734708e-05,1.22115887080815,0.0612366932366445,13.4813740547623,4.23441768759695e-06,16196.100393162,17102.6189890071
2.36434358215341e-05,1.78903339197008,0.144571969302618,26.1309651333701,1.2189647553034e-05,8199.8585576425,8658.81621321131
1.2458123799772e-05,1.28236869516031,0.0894948509139303,12.4084351792574,3.01278267061431e-06,17657.0004426045,18645.2876759205
1.30639119441379e-05,1.14119796047572,0.00229800974219585,4.37942229884464,1.62007141764778e-06,54471.7586535162,57520.6198589363
1.30896273199618e-05,1.26476980893477,0.0193911564787617,11.4372271035671,2.79436174591794e-06,19227.0125926518,20303.1756216946
1.78366211403692e-05,1.51219739480022,0.0243054695322666,24.2143168845153,6.19183807821702e-06,8862.7800271483,9358.84233291709
1.65530415484412e-05,1.14054036827058,0.0146567986767402,16.910010799862,2.07001453858189e-06,12809.7839438473,13526.7656290657
1.75771531279581e-05,1.18556386590592,0.024871804421911,16.0138668169379,2.82128798590386e-06,13550.2279555105,14308.6533370175
2.25688755323282e-05,1.43032574101743,0.000844720517030112,8.30438967610075,6.79562645866979e-06,26963.2678139149,28472.4399655266
1.77006432867497e-05,1.35613686772452,0.0236348879912305,36.8884159844859,4.7608257445251e-06,5775.37789464885,6098.63394594763
2.07990734984642e-05,1.2919701933691,0.0564373165348698,17.1654119030645,4.98137863039462e-06,12613.3523713872,13319.3395042798
2.1850806095277e-05,1.69022596528955,0.00944923783706748,11.7974471982687,9.00798455103833e-06,18613.1424610663,19654.9463125166
1.30776548873959e-05,1.20714630230078,0.0826967548390107,14.6608637671082,2.44640261412602e-06,14845.9178303377,15676.8648026887
1.46561600375958e-05,1.64255171047244,0.00541123783161286,10.2897982846705,5.76446852169757e-06,21484.266280857,22686.770984391
1.89217597484887e-05,1.0940467838898,0.0533830318707174,10.466629967991,1.71825086082517e-06,21102.4376032568,22283.5708168475
1.76023253581552e-05,1.76601144548511,0.166071298232742,12.0958930721511,9.15530693880007e-06,18133.4895955375,19148.4465991913
2.26963397031929e-05,1.17549662047043,0.119465412554378,11.9368711941053,3.84809119110838e-06,18385.9429660666,19415.0301411451
2.13763940648278e-05,1.54753523954834,0.0357647349650912,16.8090868359208,7.84355976822527e-06,12889.1030637098,13610.5243520065
1.41445214939089e-05,1.37203681768146,0.128874906447298,26.2155540987984,4.40271483108629e-06,8172.87906070739,8630.32663575777
2.28287142892079e-05,1.20036276819861,0.00685870413166511,11.3202576479023,3.83676256049924e-06,19435.1558338889,20522.9689338872
1.33428833188098e-05,1.63265554170149,0.0133076971903585,19.0181164656747,5.24004231567471e-06,11350.7610745586,11986.0791907286
1.84354871549802e-05,1.60202264631602,0.00245952339399514,31.1909721827761,6.94480792943383e-06,6847.6886055871,7230.96340068175
2.18015813945532e-05,1.43796198578174,0.00987177004174802,34.8287959591027,6.70619184845776e-06,6121.93006101604,6464.58312614012
2.1782873504011e-05,1.17278782949712,0.0465858038267702,19.9900477379021,3.36602440365935e-06,10784.4653845727,11388.087131786
2.3705373415078e-05,1.65078842145088,0.0382698885807922,23.2122056985011,9.71697572799246e-06,9253.94860002489,9771.90516285648
1.68171493965928e-05,1.38555175228089,0.0924925094030969,24.7645807770238,5.15648569185971e-06,8661.73534624314,9146.54489749621
2.28609969320884e-05,1.29088781514947,0.0314199354768435,7.44688095658159,5.31846545002319e-06,30302.4671055221,31998.5389539492
1.33708848564466e-05,1.17353343913625,0.00021170138485911,29.8657344315117,1.97757956143212e-06,7156.77441865484,7557.34918290602
1.42884532164624e-05,1.58244342146618,0.0338844093022362,33.3354271213755,5.44346172457565e-06,6400.40009054521,6758.63951621447
2.27243849043399e-05,1.28419009936923,0.0382949589595937,26.4925444364713,5.22901055252412e-06,8085.76291924561,8538.33448091522
1.87809782753913e-05,1.29626128559987,0.0144266450548777,22.2985826987701,4.35515189285794e-06,9641.93379462267,10181.6064363422
1.88815387069266e-05,1.66885607343116,0.0680398705198317,22.5002385646166,8.11978977789792e-06,9553.52450613498,10088.2487552098
1.36145731781144e-05,1.37286163472343,0.0553795578237366,31.1340808984422,3.91436448583539e-06,6860.40786884446,7244.39457905376
2.25254614197034e-05,1.41983990777849,0.0309313431740856,47.1328820780041,6.87311005425403e-06,4506.51277784598,4758.7486578641
1.66278988606688e-05,1.3468564150577,0.0919717371618344,7.07562441645751,4.71583150679505e-06,32019.7792844244,33811.9715190713
1.70598081498854e-05,1.04388007410715,0.405638187391662,13.9553175099547,1.20649955541423e-06,15625.081537613,16499.6394022594
2.18522319997502e-05,1.23646602771693,0.0214573305848365,17.8208111182623,4.2706390099192e-06,12135.8073269279,12815.065589744
2.18821609609248e-05,1.10365581655455,0.0792322799385381,11.8668149330831,2.23197712493466e-06,18499.4056761524,19534.8435192394
2.39147337644566e-05,1.23531420936851,0.0113482553859909,22.4580083973255,4.60768096213048e-06,9571.90442114989,10107.6574200068
1.54972655787254e-05,1.31697866636341,0.00605917660321805,21.1146172816663,3.75265864566622e-06,10195.9132220066,10766.5928740835
2.08517311544772e-05,1.56295557463143,0.00933209643583213,14.9910076195443,7.58110203688825e-06,14507.416311313,15319.4168759319
2.10384449152127e-05,1.72008821369272,0.0133574906321114,19.941749884677,8.92646449781163e-06,10811.2683238787,11416.3902694308
1.60473544396861e-05,1.34446834049916,0.075942881445332,26.8816893695472,4.44934067775874e-06,7966.46453042816,8412.35879291512
1.26400824713828e-05,1.51034209596409,0.0982889367784178,17.8062978601265,4.73655149455116e-06,12145.9902179962,12825.818431596
1.65118163239136e-05,1.07999690658005,0.0400021327476974,35.8430389182159,1.2739951356286e-06,5946.22458981763,6279.04317175338
1.97382553846752e-05,1.08569243395406,0.00293250262653149,5.54632723641971,1.56246848501429e-06,41779.9663091044,44118.4499856428
1.45140107857632e-05,1.29253606528476,0.0570830460990625,25.6034716318988,3.48372581004217e-06,8372.20542348363,8840.80957635908
2.24902060846612e-05,1.09876764348355,0.0297870131058126,19.0089724897974,2.08365151668435e-06,11356.3714130487,11992.0035477816
1.33863217869345e-05,1.39270244491166,0.0888342894483454,26.1729731877749,4.14250082969303e-06,8186.43793411207,8644.64441844196
1.3250318955861e-05,1.04938275620016,0.0335026502723228,24.7511995622624,6.45150595525481e-07,8666.51603308645,9151.59316612891
1.45379584686924e-05,1.29647832204054,0.00796147642612695,11.0272719241574,3.3511679488436e-06,19976.8618434444,21094.9949932832
1.32122290119678e-05,1.36367496330411,0.0558715932947547,31.9766015539586,3.73199790510515e-06,6676.74696053041,7050.45391050885
1.59488310808735e-05,1.19219683478827,0.0298868512867679,14.5119636611625,2.65031539084006e-06,15003.813432722,15843.5980447695
1.5019952513013e-05,1.24746692107912,0.0530997434786706,13.8470770654422,3.14662853506569e-06,15751.9140724851,16633.5709331014
2.24059195125299e-05,1.47058711639061,0.0316142615419555,9.78594401448023,7.40378007128379e-06,22652.2006929562,23920.0763337896
2.29584006270329e-05,1.59042774828871,0.106625679659255,9.52699484112407,9.54002089429653e-06,23303.3176904727,24607.6372685496
1.7965374942611e-05,1.09441782937799,0.114411639883528,25.4961899794995,1.75011396229707e-06,8408.14782882898,8878.76372885553
2.03934081128966e-05,1.15348505019671,0.0762320241724979,30.2411606345698,2.93745569786765e-06,7066.41646987352,7461.93377221323
2.03044013827303e-05,1.05158711250852,0.0244893365352504,32.7360249019798,1.02104546960666e-06,6519.42915342409,6884.33080372313
1.77861214874675e-05,1.08988069431778,0.00708996693537795,24.8610520191862,1.47723990149084e-06,8627.42469368684,9110.31382929523
1.25387887698412e-05,1.1064413609791,0.00364793177535409,5.87280240308727,1.21065197831866e-06,39225.9802677417,41421.5137412175
1.58872509105066e-05,1.33782073202776,0.0457418665949268,13.9398808356117,4.20401195956832e-06,15643.044642447,16518.6079274215
2.09005967725106e-05,1.48778840710557,0.141332130911793,15.0646821192417,7.98017908156615e-06,14433.9736239152,15241.863497674
2.25851814390142e-05,1.2180158469311,0.0115880785874141,40.8628863835822,4.08988209259251e-06,5206.624050693,5498.04614668843
1.27105408770544e-05,1.14326115300831,0.0479313168339667,16.040640795651,1.67291129397876e-06,13526.8669935109,14283.9848290066
1.75227524412721e-05,1.55836231636042,0.0143403040056944,16.053081761382,6.36964500115871e-06,13516.0393395418,14272.5511359642
1.31603963389071e-05,1.2083230865315,0.00893013193604455,16.872439153458,2.28935556450759e-06,12839.1982424996,13557.8262875247
1.82403179442426e-05,1.19731853162997,0.0403364158995941,16.9925821381384,3.13229925965673e-06,12745.6113815087,13459.0012378491
2.16807704161992e-05,1.16381059592329,0.0715912501969889,12.2913358640406,3.28688808736926e-06,17832.5609442975,18830.6745466541
2.36382446728935e-05,1.25222992146215,0.0914272468763494,25.5556428728863,5.24030439724945e-06,8388.19138091405,8857.69029038715
2.00205722931493e-05,1.2207153590887,0.00651282731812418,18.2224374765849,3.64354055209887e-06,11860.637598691,12524.4942234828
2.16943676229408e-05,1.58545232612196,0.0304544910609581,10.5843304583931,8.26242089355042e-06,20855.7310094429,22023.0557068117
1.97936023813281e-05,1.66555609222001,0.179140659157543,13.7229005495115,9.63540805917933e-06,15899.9811282856,16789.9255109756
1.64564128855532e-05,1.57073328440968,0.0137075511754268,19.7952849643938,6.06251656167549e-06,10893.370150785,11503.0874514557
2.14370754918493e-05,1.1579219695931,0.0685507781878778,7.04144887449187,3.13877016271957e-06,32187.7185339643,33989.3105654132
1.38317713256618e-05,1.3508536682875,0.0129604750488196,14.4702103104019,3.63961012922739e-06,15048.6942358201,15890.9908897553
2.12816310889917e-05,1.64714883444073,0.0182954946049546,18.1466143870116,8.51698677439018e-06,11911.627028967,12578.3376041304
1.53818604661077e-05,1.26707238233389,0.00704976733127622,18.4437122703442,3.26514296670437e-06,11714.3006522808,12369.9665916631
2.34694698229954e-05,1.50842760730895,0.00394730173315069,14.0617364247136,7.94173455673256e-06,15502.3598790302,16370.0488392541
2.35316664069705e-05,1.67242161708556,0.00497863622148785,15.1598187246786,9.50836578369292e-06,14340.229711979,15142.8726066901
1.25191886900375e-05,1.37399243667914,0.0875958797453366,7.97408631804025,3.73474805660632e-06,28158.3524779143,29734.4152047401
2.02910161126368e-05,1.22582792563846,0.00509854504381938,38.6824967606158,3.75718862902724e-06,5503.97846486215,5812.04390706176
2.02300683592446e-05,1.41460804656022,0.139716361313916,17.7279214884367,6.89202097764416e-06,12201.2779314997,12884.2006764494
2.21320802095905e-05,1.83856006008268,0.075657204408622,9.30247779021094,1.09203042952548e-05,23898.9609866433,25236.6195606119
1.8043107981666e-05,1.87619921713474,0.0492789072935272,19.638204305814,8.86285588845308e-06,10982.8202187174,11597.5441659273
2.34741398273679e-05,1.36330002852273,0.043542085674304,13.6784608867626,6.54013965652116e-06,15953.6495802227,16846.5978619076
1.472982265044e-05,1.21736879032108,0.04087519432008,14.3949739941974,2.74214679091585e-06,15130.2477638438,15977.1090838353
2.33539442217182e-05,1.13478040250704,0.00359732493452157,9.21307617182466,2.78374912662725e-06,24144.7164261567,25496.1302788986
1.23717422516635e-05,1.23127888655604,0.123761267157709,11.5187586266871,2.65204981908431e-06,19084.5490464021,20152.7381897088
2.14518914686376e-05,1.34852057641956,0.0459354477906976,36.1952383391705,5.81097210642235e-06,5887.54639574607,6217.0806763497
2.21559145445544e-05,1.13948892110515,0.021287315621254,16.2528699826681,2.7711128705182e-06,13344.5040986642,14091.4148255746
1.20272792240689e-05,1.06668877766925,0.000600916476911005,25.0658037625673,7.5238170724301e-07,8555.49664479914,9034.3598660024
2.01532116956832e-05,1.14630318504569,0.0392838006239587,8.50344217850995,2.67728297986959e-06,26290.8949156038,27762.4334072068
1.86472897861339e-05,1.31187061553071,0.0676319840529779,20.162542942643,4.75447940146566e-06,10689.8146306125,11288.1386415503
1.49030157277929e-05,1.41090538537773,0.101813798004584,15.7473040499694,4.83219307821367e-06,13787.2899192826,14558.9839934571
1.9670201547157e-05,1.052302296736,0.0357938088530234,20.378094301484,1.01393533853608e-06,10573.8486935655,11165.6819273491
1.62794512855969e-05,1.10502587932403,0.00811704236357219,16.2139568954127,1.55989756146561e-06,13377.5719134773,14126.33349265
1.29612264599456e-05,1.3041552420515,0.0105705766627769,10.5362130826007,3.05507297789357e-06,20955.8866306892,22128.8171795245
1.5840762268818e-05,1.42126824141586,0.0404072294191314,11.1751256234465,4.89287947686872e-06,19699.7680740276,20802.391894542
1.70444160309322e-05,1.38365182413416,0.0537830661948483,14.9821587212914,4.99452178131327e-06,14516.2876917524,15328.7848000543
1.31440565425521e-05,1.6142296765199,0.0415387966634239,17.3676967907356,5.21812279532383e-06,12461.9982507527,13159.5138799141
1.23334524949696e-05,1.00791192537557,0.134138683551179,13.2937789668341,1.11812339299467e-07,16433.8240797606,17353.6484058336
1.5515476466082e-05,1.3730906677702,0.0813520567029242,32.2604984340816,4.58905929246376e-06,6617.05575953236,6987.4217087514
1.33244465074483e-05,1.28173950987993,0.0325909618850421,22.6085559794937,3.02747798622579e-06,9506.70249958456,10038.8060548749
2.24732434922615e-05,1.09795105004679,0.0250568024055637,27.6536302481461,2.05637601009047e-06,7739.93679095515,8173.15197617523
1.55504064280344e-05,1.29846156868461,0.0104983050187716,21.5584765046962,3.61224897958239e-06,9980.92757794943,10539.5741801287
1.35702442470565e-05,1.27921935535182,0.0220885190661206,14.3334741889305,3.02888344392943e-06,15197.571186207,16048.2006931588
2.33883925575279e-05,1.3259708118835,0.146929645266541,19.1221960544429,6.7398132593567e-06,11287.2909945007,11919.0566007173
1.24845184733905e-05,1.79664890708583,0.0517679310463762,14.3769929033163,5.83787844896335e-06,15149.8697335673,15997.8293228958
1.52288927695658e-05,1.4683288248571,0.0330679890775026,13.591689855542,5.02334538998491e-06,16059.4921452388,16958.3645846585
1.62682935841223e-05,1.08272018792066,0.0064416508344765,17.6132000913085,1.25094086686993e-06,12283.1178076668,12970.6212459825
1.76523767017946e-05,1.66021709695365,0.0340445236757193,21.0033798741295,7.26707955507279e-06,10251.2512017954,10825.0281986972
1.99067908102814e-05,1.12692498158406,0.115870811537192,22.4020275172053,2.53587419426963e-06,9596.37839521972,10133.5012369444
2.14870516069774e-05,1.60542279401937,0.000956959821379175,5.71185286989087,8.11059337630579e-06,40444.7141235835,42708.461850916
2.01474182040682e-05,1.0359096345397,0.0333864187666542,34.480228905564,7.22514482985666e-07,6184.73745519747,6530.90593881118
1.58106776613537e-05,1.10142663315367,0.0718545858648064,26.5035962372531,1.56864058052981e-06,8082.32553777437,8534.70470435202
1.7328010376933e-05,1.73256919445681,0.0530284424649042,37.5324390845849,7.73680575128151e-06,5674.92724191366,5992.56092841728
1.79238555740481e-05,1.40221825206098,0.000391686486825194,24.2460922677001,5.14327723700738e-06,8850.91695701356,9346.31527000508
1.90978191263052e-05,1.21459975265945,0.028271368466185,30.7904099197895,3.47237184719422e-06,6938.25921102853,7326.60337072802
1.84277450084304e-05,1.28314654626368,0.0250423292690723,30.6282169867666,4.17074067670263e-06,6975.61763597081,7366.05279943662
1.72608812366696e-05,1.34970217073568,0.00869696926967841,27.1699630799198,4.51137920631855e-06,7880.33529572877,8321.40878339923
2.37242405913128e-05,1.48117536813687,0.0101079769221052,10.9179519140494,7.78557976307281e-06,20186.8084443521,21316.692601732
1.87085879585557e-05,1.1827520256842,0.0162470428768513,21.9651400993963,2.93842884533954e-06,9791.76678243259,10339.8257879325
1.99681046334459e-05,1.63849601047708,0.00978989014391971,38.2702687715323,7.85802662280162e-06,5564.05634147841,5875.48442721748
1.33443398754671e-05,1.08126260011144,0.0447345845806151,13.0523482454536,1.04984814549236e-06,16750.2424031663,17687.7771093474
2.17309580258019e-05,1.11921446066671,0.0188740001391892,18.560482491467,2.35917454871116e-06,11638.5228784327,12289.9474288709
2.19259550252762e-05,1.14971782954652,0.0198604583527574,17.8553655209333,2.91301770766146e-06,12111.6316328499,12789.5367479503
1.83528165842816e-05,1.15120278285499,0.0999007791242985,11.562124725741,2.67800453428187e-06,19009.6308994697,20073.626768364
2.23267763190027e-05,1.22293105514991,0.0556958563160136,30.1504405806548,4.30995112878651e-06,7088.04134447216,7484.76902156138
1.63636440071538e-05,1.92614831873218,0.0445991652582495,22.6679853901254,8.23526574380648e-06,9481.2076396902,10011.8842116925
2.23930525316829e-05,1.02696827130425,0.0327331614061974,20.1118588129048,6.07929220976748e-07,10717.4529367154,11317.3239026504
1.49572845388558e-05,1.19634497554414,0.0227157956606395,11.7387436249179,2.5118202995481e-06,18710.493064563,19757.7457666776
1.628944202145e-05,1.33440837440921,0.0232896782980908,10.4315152774674,4.17947306018237e-06,21177.1752644236,22362.4916503838
2.22494535399657e-05,1.4348917458826,0.0353970753551336,11.6508510790852,6.99073232878591e-06,18858.1690007466,19913.6873334179
1.31998985293061e-05,1.5146488276329,0.0376676703714172,8.85931251008605,4.66056441624274e-06,25168.9086320532,26577.6479679563
1.3781221135363e-05,1.12137587570771,0.086594611751825,12.3915530597505,1.63304698505243e-06,17682.0971824643,18671.7891157282
1.3297429276837e-05,1.05319780006242,0.0126488607526429,28.8816691474929,6.80258435641265e-07,7404.96864425772,7819.43518958143
1.3915535715865e-05,1.53461284469324,0.121793113173744,13.7461192744971,5.51996644810609e-06,15872.0839985232,16760.4669394904
1.70756807288518e-05,1.06110352813331,0.0211548227494229,13.5466228319887,1.00453474825424e-06,16115.0208341464,17017.0012926494
2.06401950841388e-05,1.15280977183981,0.0307499759713124,6.94551282523795,2.8226833947596e-06,32668.7235113804,34497.2380702363
1.81267049779343e-05,1.47595358283841,0.0380788208730885,12.3156549859047,6.07663277678002e-06,17795.8138248784,18791.8706391015
1.22822943230448e-05,1.5614040076029,0.047279392080772,10.8368939455746,4.63519982109658e-06,20345.3521261846,21484.1101971823
2.3428543081278e-05,1.23773812646287,0.0155154324113633,8.24690127441571,4.57084054367494e-06,27163.9131377151,28684.3156912617
1.7891505871525e-05,1.04074086272609,0.00287384033578945,21.6637826352933,7.02387236840337e-07,9931.24623558718,10487.1121029214
1.75661423987998e-05,1.42638037715647,0.0223565569414266,15.902841158763,5.37093510011274e-06,13647.968171017,14411.8642103224
1.85238390490701e-05,1.42347604438461,0.0164809986191537,7.69165508146918,5.60297530844873e-06,29267.7000713953,30905.8545486014
2.02625842149043e-05,1.33171271888737,0.150841094536456,18.2414184056736,5.94355956042687e-06,11847.9415860429,12511.0875970895
1.77477893858291e-05,1.71460322311085,0.101261951576705,12.6212883710432,8.23006934056579e-06,17346.5832120043,18317.4959548456
1.87587343306225e-05,1.10242245887486,0.0395383366780788,6.7602792891312,1.81452154327495e-06,33639.4224267119,35522.2683737633
1.69858468260448e-05,1.03165504851122,0.00413180655754224,17.1756301191235,5.23342968390893e-07,12605.6187330874,13311.1730033303
2.15413449683832e-05,1.44629642495857,0.0490698418881867,24.8117431111197,6.9900502134521e-06,8644.92770729996,9128.7965112815
1.59632708568145e-05,1.50945157496971,0.131192326435745,29.175156390815,6.20116907535881e-06,7329.16411497571,7739.38777381592
2.03265950634275e-05,1.22227725068904,0.0417861807061873,8.08043521553837,3.85760900941818e-06,27762.149558748,29316.0362490444
1.31755328103667e-05,1.19495065589737,0.0138460751032561,17.1348930224381,2.17967825656701e-06,12636.5071469459,13343.7902853038
2.11538438880807e-05,1.62686236386734,0.0462558403765716,25.6304227437316,8.54611976777105e-06,8363.22428354324,8831.32574934153
1.55177290844601e-05,1.19832268219995,0.0280491978012972,15.7020751579726,2.64225983859995e-06,13828.3391385511,14602.330795459
1.37914075286575e-05,1.20501218727572,0.0037855454924335,23.7539382486577,2.35525524770416e-06,9038.29784333299,9544.18412897416
2.04506878235321e-05,1.0832109404063,0.00939100933049615,18.9701996440685,1.58585718915191e-06,11380.222474375,12017.1895866703
2.18688653675057e-05,1.67372097526557,0.177996605946439,22.094366656735,1.07087083068284e-05,9733.14917362308,10277.9272688335
2.36932141068745e-05,1.46625979067703,0.021033362061431,11.9336120063065,7.69595542917566e-06,18391.1906302101,19420.5715244565
1.46190982207451e-05,1.0660312193839,0.0552059197848916,31.6113201629196,9.58420445197673e-07,6755.15279538251,7133.24823058831
2.23024775484251e-05,1.16048900816227,0.00738832949107676,10.2351861846429,3.10719299802714e-06,21604.9997886139,22814.2621169628
1.48799748934284e-05,1.28452448480801,0.0494651722836062,8.59446285044685,3.46740479878087e-06,25994.5000534219,27449.4489062996
1.86914661953207e-05,1.16787081109331,0.175592762340635,21.3297434679579,3.25890582455884e-06,10090.5708152627,10655.3543041691
2.29278696079105e-05,1.42175759176439,0.126145391460889,30.6590482175843,7.78305308277846e-06,6968.48523863915,7358.52119176067
1.21008609093642e-05,1.21174026000525,0.00634300789726757,20.6288999483235,2.12798412085813e-06,10442.0442071089,11026.5001577758
1.59767523184447e-05,1.11204649029587,0.034391150286179,20.293878023227,1.6670758749913e-06,10618.8559626848,11213.2083168378
1.58959865969773e-05,1.18781154693671,0.140193844466706,17.6811388332926,2.92316579908392e-06,12234.5196311278,12919.3029609182
1.81485403206423e-05,1.24246219418811,0.111856830416492,21.2818948764654,3.98758979724978e-06,10113.8124785447,10679.8968361449
1.68010936431885e-05,1.84429529104573,0.0365124787020446,30.8184089598006,7.9826605772218e-06,6931.85056847715,7319.83602740881
2.33006968182223e-05,1.58663052683481,0.0506030808703569,18.1994119445628,9.07400627453241e-06,11876.0755574586,12540.7962665895
1.40569522901103e-05,1.80539309558185,0.185638405169155,37.1114530811855,7.70019552232455e-06,5740.18988592564,6061.4764147169
2.00502105479725e-05,1.7553056617176,0.00472975870578386,8.52346546423413,8.66840391526443e-06,26225.1129503917,27692.9695325667
2.27387162063392e-05,1.08884648304163,0.0312730022747538,17.3349729147897,1.91526073809733e-06,12486.2361662185,13185.1084257144
1.55581314295353e-05,1.30493439043587,0.0209011065836347,17.2200459651246,3.71314296317026e-06,12572.1126219913,13275.7915079104
1.29832513776049e-05,1.24148813943464,0.00788049134591528,43.5635357782873,2.54546431401166e-06,4880.07000235876,5153.21440741764
1.37274382036971e-05,1.28616275571705,0.0600637601035162,9.37430090491592,3.24939007815319e-06,23705.125390796,25031.9347129134
2.10668616477354e-05,1.19316352288635,0.0239317669835643,10.1394817262907,3.49410059499745e-06,21819.8862273294,23041.176052913
1.87936082088109e-05,1.85787584485872,0.0211699873666235,18.9753574175481,8.86547932538667e-06,11377.0439002694,12013.8331032861
2.20448975553475e-05,1.28643616152858,0.0147600067249832,27.4326470162593,4.98191035421106e-06,7803.45775712572,8240.2283004667
1.72516201716056e-05,1.33831353208275,0.0430748924138457,14.5314642853721,4.55727797468681e-06,14982.9437751141,15821.5602829729
1.77835166172618e-05,1.40692895481737,0.255030424482621,19.3918336843875,6.90421234995941e-06,11126.1149614936,11748.8593176821
2.19442939090077e-05,1.59657413725458,0.0282870042043501,28.8378069251697,8.43818452203516e-06,7416.43268448847,7831.54088832258
1.53410229222625e-05,1.87824257414401,0.0247672688543377,15.7271104216616,7.35532628761372e-06,13805.587257552,14578.3054595716
1.40316492171111e-05,1.21253274682649,0.106933865331259,9.83910145847308,2.75391486398101e-06,22523.0184125531,23783.663538843
1.98498645727308e-05,1.07847169969205,0.0376386797441851,19.4385791050961,1.50077197950577e-06,11098.6399832756,11719.8465261591
1.9367554608766e-05,1.43341720010089,0.0336474225942651,7.1300548517677,6.05987847926316e-06,31755.902283285,33533.3249497802
2.15532711144788e-05,1.88110767386451,0.0386710272765237,8.75227316636984,1.0501384708235e-05,25496.1682057281,26923.2247218168
2.16312968004523e-05,1.13374870577754,0.00104258066054105,15.4067978395698,2.55445913503947e-06,14102.4577424533,14891.792204473
2.15978443884468e-05,1.67729047579187,0.0271566305961767,11.1547244056307,8.96446594997475e-06,19737.5437922246,20842.2819729976
2.32301656036461e-05,1.12772888260634,0.00218636077891784,22.3509038748745,2.636799842981e-06,9618.83847060543,10157.2184344463
1.22393797865259e-05,1.40921521913571,0.0120436664005204,18.0116564155525,3.59741643468964e-06,12003.4767065165,12675.3282377557
2.3022606665561e-05,1.05808012477123,0.0361680264608928,18.5455213197419,1.31114811063564e-06,11648.1770789076,12300.141988571
1.36042709429143e-05,1.57325982862952,0.0509277047122159,19.0663913126642,5.2230079361438e-06,11321.2334355225,11954.8988480646
2.12375573423188e-05,1.1649004224848,0.0174476842716069,26.0829626183957,3.05965483433283e-06,8215.24825318051,8675.06729172739
1.21444059427427e-05,1.275947412705,0.107688469000236,28.2894097935509,2.94338624557703e-06,7562.82010177955,7986.12181594953
1.62371514894962e-05,1.33510190701377,0.0751912702719075,20.4608550609904,4.4066912646962e-06,10529.9895118902,11119.3678853789
1.44152524932241e-05,1.13707143135578,0.00260711891638217,26.8944720836202,1.74224373054706e-06,7962.6054869897,8408.28375336931
1.4780095150318e-05,1.24679304738221,0.0811802869869929,12.7479471214566,3.18403890880407e-06,17166.9976955796,18127.8587836254
2.15774037731197e-05,1.11253325577567,0.0426215561718278,21.2433826979555,2.27967844903129e-06,10132.5970597517,10699.7328168719
2.37787218670249e-05,1.62390027331861,0.0379234477653389,16.9188789477956,9.49563038799631e-06,12802.860854463,13519.4550445983
2.03304397042729e-05,1.53830546220947,0.0034497951468191,23.8214732917194,7.13879518051252e-06,9012.11642590973,9516.53730066905
1.28876050553145e-05,1.1257214044455,0.0443334139031375,32.3705901041154,1.50604597477268e-06,6594.19447949213,6963.2808506042
2.3924382746933e-05,1.13360085567878,0.061945239283964,15.5288038210197,3.00573343455749e-06,13987.8870639985,14770.8088434566
2.18258824200332e-05,1.32537901846138,0.00202309343045222,10.332235819526,5.36897361072853e-06,21391.3761035732,22588.6816127927
1.65648608728275e-05,1.69313609385347,0.0190650819859951,14.4958560366259,6.91300470545866e-06,15021.0958004475,15861.8477310064
2.00631091647735e-05,1.22775825726383,0.0108204326000342,20.6525329987446,3.76249161110339e-06,10429.7937001787,11013.563972684
1.61704175891848e-05,1.62100932734665,0.0406379063730224,18.4397885087503,6.45719424843507e-06,11716.8641127825,12372.6735326668
2.10934349302556e-05,1.43170657413263,0.00930859615255794,18.6111283497289,6.4199889830924e-06,11605.9604069484,12255.5623899037
2.15694461008552e-05,1.81981074076681,0.0235154294412882,11.3922321926248,9.95064631855079e-06,19306.549343685,20387.1641569299
1.50775317185456e-05,1.36988602520148,0.09502472852304,25.5126738853541,4.49851927697317e-06,8402.60519611261,8872.91086716396
1.87043797308896e-05,1.27517712889886,0.0806463023018471,25.6957734812325,4.39029295755398e-06,8341.52673170838,8808.41375490968
1.80867418274218e-05,1.11981612354161,0.00306514281514801,13.1155927627793,1.94112820802105e-06,16666.1817722134,17599.0114862491
1.31056294057304e-05,1.39005982312033,0.0229361264737349,14.1965082648953,3.76380220286794e-06,15349.6823402845,16208.8257231978
1.28510225272989e-05,1.1451510502664,0.00983217242352291,11.2404334954456,1.64505580459083e-06,19579.8084884942,20675.7180017126
1.77622393899076e-05,1.1791076808916,0.00100564552967985,20.1241872127682,2.700770685026e-06,10710.7170511912,11310.2110001075
1.63864849359635e-05,1.18689537055333,0.074052595185059,23.7085604683594,2.78662038642739e-06,9055.97514513396,9562.85085430413
1.79054692863794e-05,1.25857863762899,0.00846125233932084,7.63883562146061,3.71005585474495e-06,29484.9571549249,31135.2718177015
1.78764612897579e-05,1.82882647296112,0.059004612147823,34.3246316518459,8.6094753606426e-06,6213.19210516522,6560.95323569442
1.53869554000245e-05,1.14922933435509,0.0243162385603428,15.8267096157751,2.04778447265994e-06,13715.8090158502,14483.5022029817
1.25472613938041e-05,1.23991213298623,0.0121226721007552,14.1540129601653,2.45754625783084e-06,15397.4977581892,16259.3174375223
2.35664599436978e-05,1.17447356194453,0.0541488352907131,11.7658849438431,3.70123803429434e-06,18665.3571275965,19710.0835076207
1.34650194687964e-05,1.61703128011056,0.0993583904751851,13.8149548100267,5.70475466338316e-06,15789.9512042366,16673.7370567971
1.34334131581681e-05,1.36669888880451,0.00458793819199076,26.9947956919953,3.62088186390201e-06,7932.44758703695,8376.4378731957
2.10058260184759e-05,1.14728553065547,0.0076596356830017,20.7020244216823,2.71743064927018e-06,10404.2320787961,10986.5716312787
1.38918125897236e-05,1.15397314602189,0.0368950285283394,15.3052598569545,1.92454591200718e-06,14199.2491034998,14994.0011145947
1.84794068365172e-05,1.25017706518797,0.00668114920194038,13.9653547670435,3.72277873330574e-06,15613.4236681296,16487.3290253687
1.82378857667455e-05,1.80580278807754,0.0155543243570983,4.64594334476975,8.26671717864354e-06,50934.4655636443,53785.3394827991
1.40878523025513e-05,1.12361504982859,0.0960550768586627,12.8512405511203,1.71454849467822e-06,17023.2723499732,17976.0889275922
1.20021160596265e-05,1.18008643837432,0.0292940655583644,37.2658968275313,1.88682635105626e-06,5716.07389754437,6036.0106204321
2.0548379516568e-05,1.12823442811346,0.029657931312255,18.0227763457769,2.40684864714742e-06,11995.8551773825,12667.2801208802
1.65766240248336e-05,1.47265588537904,0.0161040744389284,15.9388305701438,5.40733607401499e-06,13616.1311414928,14378.2452173256
2.17135924279131e-05,1.46084290794767,0.0703172737883005,13.3771857095558,7.3677677384324e-06,16327.2731801954,17241.1337020492
1.28527379429564e-05,1.49111167215073,0.136483751145387,24.0761400892459,4.90217063676137e-06,8914.73920340273,9413.70973759417
1.45266797476709e-05,1.52303369428442,0.0969980330261629,20.0220096049053,5.52446946850007e-06,10766.8010864204,11369.4341379373
2.01053940453976e-05,1.56753987002126,0.0295001304088434,23.0519206803685,7.50042361313212e-06,9319.74139452199,9841.38047291204
1.52488662815597e-05,1.17982717566353,0.0952350091364769,17.7787098361958,2.56880571905956e-06,12165.3939186794,12846.30818479
1.30050145456139e-05,1.45416039243124,0.0259915552078251,20.472238530203,4.17003037391646e-06,10523.9852807601,11113.0275889591
1.47978193449816e-05,1.16443635668454,0.0271272347738185,21.6234282517624,2.14791520565937e-06,9950.22605943589,10507.1542542963
1.89349255705727e-05,1.67578531994038,0.0820630507746383,3.99641535662782,8.31824755637585e-06,60517.3937276247,63904.6376600799
1.57552828126391e-05,1.32145906992586,0.0779306692848197,27.7177414026926,4.15649268796085e-06,7721.70132904355,8153.89584972554
1.23810215103133e-05,1.31360067399561,0.00618707728881735,27.9653992514451,2.97413064924091e-06,7652.05863124778,8080.35515185048
1.80748930677697e-05,1.68113312995568,0.0568648334862405,21.5281919333957,7.76467298018394e-06,9995.30741706508,10554.7588791333
2.32173846950904e-05,1.3780868352561,0.00594138878966024,19.9734790054337,6.40775822186367e-06,10793.6452268161,11397.7807827549
1.70846161451004e-05,1.43713967757051,0.0742448874044834,12.6017024894491,5.61335028472968e-06,17374.6895905297,18347.1754870423
2.30636944274018e-05,1.77441663957232,0.0560984944488448,25.7539829221637,1.06637605412944e-05,8322.29480744676,8788.10539270598
1.9909599749607e-05,1.46373993373142,0.00192395812556089,20.247557599445,6.3197631255e-06,10643.7744871614,11239.5215662958
1.98647326255292e-05,1.66842827905095,0.0279466465238544,17.0949455651798,8.18711548893918e-06,12666.944228057,13375.9309727992
1.78995806954512e-05,1.27366836133589,0.267127132734411,25.2374897352358,5.24772426435069e-06,8496.10256835088,8971.6414192751
2.00884768175567e-05,1.3179453921637,0.0963177595610013,33.4790547420471,5.36261325981377e-06,6372.5213217655,6729.20033340209
2.12245414530868e-05,1.2570881304327,0.0163930062874795,8.85259270481046,4.41289511616365e-06,25189.2059588838,26599.0813648144
1.83264537712634e-05,1.63384670655981,0.0573996018286736,10.8734261678241,7.54249628002685e-06,20273.5902531529,21408.3317108428
1.74443574670404e-05,1.74596078199438,0.0328054665217102,18.6421786299412,7.7057463478303e-06,11586.0867694638,12234.5763968823
1.66126043869173e-05,1.21523351832669,0.0124317107336768,12.8670427746504,2.9792944753106e-06,17001.4967883766,17953.0945570822
2.04895002634339e-05,1.73356501449102,0.0185764340784841,28.6270736327732,8.83413885580771e-06,7472.00964975149,7890.22857476468
2.35920206589913e-05,1.50406878255604,0.00751735981499163,13.6364624482571,7.96625080914443e-06,16004.7040612051,16900.5099342414
2.14759534401717e-05,1.44702571378835,0.0753865914704689,19.919608809483,7.17526891113281e-06,10823.6001322955,11429.4123065681
2.29814695061697e-05,1.75688357426862,0.0273393517545972,36.5534453853389,1.01786964317684e-05,5829.04346294401,6155.3032518361
1.83862032645252e-05,1.0477811931225,0.102137825978423,21.685686787619,9.3381282329291e-07,9920.9743765186,10476.2653134045
1.34787123650294e-05,1.18309608831158,0.00924490590783637,22.5340110400683,2.10540293021872e-06,9538.87637577701,10072.7807483234
2.09422894844748e-05,1.30771399572948,0.117590193133485,12.4775261756021,5.58441493943008e-06,17555.0291939966,18537.6089526205
1.28278185253423e-05,1.18593069092639,0.0930486392886133,13.4491637696876,2.21745259570195e-06,16236.4272878168,17145.2030368673
1.54407344273217e-05,1.3456630971066,0.0295606221028076,29.4859504138548,4.08704342976416e-06,7250.56345527188,7656.38772426284
2.32665876721786e-05,1.47420979119122,0.0100886889161195,21.9014108926416,7.56027150047011e-06,9820.93534396687,10370.6269550202
1.8281249268584e-05,1.55287644806597,0.00317641758014728,9.48754202889246,6.52936246847595e-06,23405.8239515886,24715.8809497627
1.77313724758783e-05,1.12918652222336,0.196697678392164,14.5996990785093,2.52525359011583e-06,14910.3735599033,15744.9282104015
1.38115668012025e-05,1.52737103896636,0.0475115950418361,29.5954600644198,5.00666541818106e-06,7223.26836090776,7627.56488494679
2.32021464775912e-05,1.112861709578,0.00263027859561825,13.4232612471672,2.35921385378065e-06,16269.0029852583,17179.6020420673
1.26504946328346e-05,1.56684367858397,0.00381820477566486,9.91489284196131,4.59410610005406e-06,22341.3613914981,23591.8389179551
1.3284176326138e-05,1.69739812465065,0.0481799061338441,8.20884516507856,5.73417089968686e-06,27298.3892515501,28826.3186229683
1.93042621182203e-05,1.22971268674298,0.137749499356015,25.8471933322146,4.18206776054904e-06,8291.68289026667,8755.78008332008
1.64969288380444e-05,1.4632961015886,0.0816859683245003,15.2604204520138,5.68761629134138e-06,14242.4167545849,15039.5849200316
2.18135505857253e-05,1.02976326557826,0.000273938406919177,29.9438292894005,6.30636607534746e-07,7137.78861031459,7537.30071207914
1.39976615599282e-05,1.18913673804673,0.0160384589604793,20.5706822741308,2.26263899863085e-06,10472.3452603704,11058.4972037508
1.34176847871412e-05,1.21282908773538,0.0117422491158867,16.8923662884797,2.38249954749172e-06,12823.5807686751,13541.3346816499
2.29707526622806e-05,1.13579199692161,0.029236077989556,17.5657938781306,2.82895901087763e-06,12317.2579782488,13006.6722900925
2.34994334555911e-05,1.13239576317243,0.0604698463411208,11.0552672143797,2.92423032436237e-06,19923.7985340393,21038.9616555648
2.0584374906186e-05,1.09119196634594,0.017564240918099,15.2187929051196,1.75097452915059e-06,14282.727994515,15082.1524369501
1.96352877657199e-05,1.89288884263999,0.118877707238932,9.61585824079552,1.05114607330818e-05,23075.6927415903,24367.2718300413
2.02102563110869e-05,1.15715724561506,0.188652738303264,23.495741229817,3.38295263160857e-06,9139.81200052974,9651.38017681166
1.28649670602959e-05,1.16863162007125,0.0647095539682743,15.6396050132651,1.98480354379609e-06,13885.4400864643,14662.6277640109
1.91348209298942e-05,1.1183088364472,0.0410893504329336,27.0472241174733,2.111023080286e-06,7916.77799326736,8359.89123014902
1.3178355545003e-05,1.46565408669519,0.00419689309625788,19.2526224410136,4.20449581811176e-06,11208.7493837743,11836.1189051962
1.92765528687481e-05,1.7626611313946,0.0884639572396628,28.1218304098555,9.14973980146455e-06,7608.71310774553,8034.58351822619
2.30096814719634e-05,1.1656453420095,0.00323445804592683,10.2406120943858,3.28035131246785e-06,21592.9437463576,22801.5312810074
1.72175632027723e-05,1.26095993539517,0.00682908172401144,6.86031590404219,3.58767175676877e-06,33108.124118796,34961.2325497556
1.65386959885033e-05,1.06415315084937,0.0131033812748197,18.8094455357163,1.01026701841808e-06,11480.1885631966,12122.7509185609
2.31009664756944e-05,1.45269637799179,0.0127642469107094,15.0229773122368,7.29174105891272e-06,14475.4555840554,15285.667261665
1.28021157815075e-05,1.40855715018859,0.0195736588020792,6.31523715452205,3.78738468577381e-06,36226.1718739714,38253.8018381511
2.05564978060769e-05,1.55798721465871,0.0370410990701412,8.47015895439402,7.64526131657629e-06,26400.9736055871,27878.6733568177
1.20160771753751e-05,1.20240945414868,0.0274366165089101,25.1443984344807,2.07978199561592e-06,8528.20438452269,9005.54001940192
1.49643205341892e-05,1.33109577201743,0.0803563811741005,10.8134579698271,4.04738531209899e-06,20391.6567681187,21533.0065752732
2.04079376475625e-05,1.36045567533584,0.0176626079348787,12.4924385474951,5.50423349791937e-06,17533.1744938093,18514.5310140212
2.22429947639219e-05,1.07383568507594,0.00964369296581801,22.1604699944854,1.54426027451575e-06,9703.43501420776,10246.5499659815
2.38544156400673e-05,1.09259435746791,0.0202102976001609,10.866090741165,2.06324541475151e-06,20287.9588792112,21423.5045691793
1.66689396630842e-05,1.60747384859187,0.0526297581718507,13.7846119319809,6.64911897697308e-06,15826.0504952588,16711.8568760833
1.80996121249544e-05,1.30298901974825,0.030599439156302,30.0130533259494,4.34154160649126e-06,7121.0434361046,7519.61828683689
2.08895076682996e-05,1.58376823636705,0.0834739453279727,14.1221877865955,8.40082601776772e-06,15433.5028531402,16297.3377884501
1.62138305753907e-05,1.46034715543793,0.111021116727763,27.9871484861054,5.74930446292937e-06,7646.00259542442,8073.96015115547
1.52229109569965e-05,1.52899239239765,0.0202814267872694,43.0665104078458,5.37568324926675e-06,4937.05706510846,5213.39111649277
1.71191443410264e-05,1.17041863579035,0.0014258983871097,19.2809525394429,2.496147016094e-06,11191.8335631624,11818.2562822321
1.51800186955277e-05,1.35462256802504,0.00913690087757501,24.0193079401583,4.01051409013479e-06,8936.28729978607,9436.46391134195
1.64066635487359e-05,1.39592899595021,0.0320831380675468,26.331583674791,4.80760486349209e-06,8136.15916089225,8591.5514713288
1.7184342875272e-05,1.79956400912501,0.0456700113203566,9.85045107259583,8.00041121530005e-06,22495.6276087865,23754.7396331342
2.118070372306e-05,1.6830086559096,0.0644431888211158,9.98088645813192,9.18755541134275e-06,22185.5597952989,23427.3168865407
1.5740488590572e-05,1.01173356575198,0.157415405121912,19.1602367679196,2.16650859455096e-07,11264.2697185738,11894.7467914879
2.38332775837323e-05,1.2803094865363,0.0448782070846382,20.2226584090144,5.46307170362603e-06,10657.2176501615,11253.7171621008
2.14084698204054e-05,1.31983153043625,0.0725743558585832,20.3355348443878,5.59369894016379e-06,10596.5457265793,11189.649345332
1.26264333063383e-05,1.10177606642948,0.0075877376838177,7.87310251887439,1.17526380234234e-06,28545.1951517027,30142.9100089144
1.21295044822097e-05,1.3337167206975,0.0547161146779728,14.677422100524,3.21062455597093e-06,14828.564334755,15658.5400074679
2.19601683901912e-05,1.83087965340527,0.0150046725550099,19.5283690779781,1.0117426826403e-05,11046.2441810666,11664.5180569565
1.56817673409954e-05,1.32033862692347,0.170795895031431,14.9515837852334,4.58826951024197e-06,14547.0240290391,15361.2414935157
1.47165162313124e-05,1.19106235308038,0.0322123797569499,23.2918830471557,2.43926473415963e-06,9221.58764202114,9737.73291636367
2.10304793648338e-05,1.44188492695932,0.0173268302242028,19.7110502573401,6.55857236188604e-06,10941.1558548447,11553.5477888095
1.6326756069663e-05,1.19344756404059,0.0169806086381009,22.9626587769125,2.69209579112281e-06,9356.78830981965,9880.50095634158
2.26510140709905e-05,1.29279785928437,0.0624897156720972,35.6343940944587,5.47190099551926e-06,5981.5408676185,6316.33615146306
1.89544678907767e-05,1.47647156768342,0.0173666255085804,19.8360017842214,6.22477364370526e-06,10870.4211751721,11478.8539892909
1.55785537288254e-05,1.35752365872069,0.20924531876559,22.1211134346949,5.18840168437903e-06,9721.10431311919,10265.2082404889
2.06276922199326e-05,1.12880229461533,0.152301248276644,16.3076480297481,2.77654061778407e-06,13298.2306303038,14042.5513658864
1.29153301986521e-05,1.37026530246836,0.00154205401576794,27.1189478267321,3.49525185796578e-06,7895.44152013221,8337.36052450128
2.10145836778237e-05,1.44487337164394,0.0714754451761061,8.91841103349479,6.96825378987482e-06,24991.8007921386,26390.6271522972
1.94956539861476e-05,1.08788493751893,0.0289833964224264,22.2296057931545,1.6219366824297e-06,9672.55125046246,10213.9375943944
1.351654835157e-05,1.20893203330664,0.082425648475288,18.943845115587,2.54578184667929e-06,11396.4917136172,12034.3694381929
1.64873770074472e-05,1.26451110893051,0.0302080141850935,28.3024482027456,3.55620521088051e-06,7559.27262945876,7982.37578659655
1.96985498535102e-05,1.2458700707591,0.0944114961085264,26.8156938962446,4.29266134305119e-06,7986.44792934051,8433.46069086628
1.91955825954778e-05,1.53995099955046,0.00580403547695569,12.6548117093237,6.76968322813522e-06,17298.6866849616,18266.91859159
1.73129146386562e-05,1.30168311179374,0.0186610233746829,39.7226921267449,4.08873696236064e-06,5357.99558813184,5657.89016270167
1.37710280397087e-05,1.38874431349771,0.0691676452466302,13.4614988470674,4.14123703287846e-06,16220.9602011392,17128.8702355203
1.70166109779496e-05,1.07706924085768,0.0634877036052655,18.4924956900699,1.30013698857304e-06,11682.5230455782,12336.4103474671
1.57739007049184e-05,1.18387064760426,0.00329440998382236,20.3583201506767,2.45795249020825e-06,10584.3821751881,11176.8049828036
1.67026800615527e-05,1.2301909437861,0.0587826503281416,24.5786050012479,3.32050508179528e-06,8728.65510420515,9217.21024875224
1.23978885115748e-05,1.17344791613378,0.0345185434186357,27.9155672990548,1.89803165665806e-06,7665.9704909051,8095.04567792602
1.67627954096328e-05,1.54042098631055,0.00141279142469181,28.0525098552522,5.88905936316906e-06,7627.86039780337,8054.80250913029
1.35078655725997e-05,1.61640447199802,0.0905778934200198,20.3158653523574,5.66409155741955e-06,10607.0684637229,11200.7610549239
1.83059845821625e-05,1.16601887810151,0.0156453799690056,17.8278680633008,2.64780078489755e-06,12130.8621538207,12809.8436283191
1.74320967581486e-05,1.43630691940663,0.0794547602412184,22.0376888127764,5.75229167802366e-06,9758.77179047935,10304.9840197153
2.2597352512409e-05,1.64055126751062,0.0103942120865147,14.0140671276179,8.9155771846929e-06,15557.0925215834,16427.8449450528
1.9718642754578e-05,1.26990913481983,0.00171300695053633,19.0863764711943,4.19815004420276e-06,11309.0543035675,11942.0380329061
1.86684152067332e-05,1.31749167427888,0.163436339033702,10.6074231658449,5.37752910965779e-06,20808.0033548898,21972.6566680774
2.27726744968286e-05,1.32074885819934,0.0139692734288538,18.0463246328242,5.6086507870393e-06,11979.74724715,12650.2706070602
1.60734419994056e-05,1.08734395627381,0.012834151818097,13.6186960254521,1.30790921607588e-06,16026.399957593,16923.4201805687
2.11385730473427e-05,1.56447537548966,0.0111409966316978,20.8856418250996,7.71273203275253e-06,10310.4813816443,10887.5735753011
1.32293459671028e-05,1.06209000293901,0.00205425477243243,27.3552209014169,7.7497208071298e-07,7825.96104933768,8263.99113370166
1.92128149777846e-05,1.18737420265293,0.00585550029871902,23.7922231772895,3.04968705616662e-06,9023.4372173173,9528.49173274823
1.99472800217969e-05,1.39714611291774,0.000885572947542311,21.5895011475626,5.67503145966612e-06,9966.23918441476,10524.0636564788
1.46045239772648e-05,1.72072570493447,0.0170950780413456,10.763756024566,6.22340065712065e-06,20490.5589558447,21637.4444580225
2.19761618023943e-05,1.62965969398865,0.00125605644806675,29.2712973072989,8.50152998165379e-06,7304.66835819187,7713.52095495511
1.82694549262952e-05,1.70529681598225,0.0796179088484128,11.999722075453,8.20957063278235e-06,18285.328751633,19308.7844071373
2.10787888887199e-05,1.79309177184636,0.00535376620869354,25.4514713504161,9.37321790076017e-06,8423.22114623594,8894.68072111007
1.4642854421759e-05,1.34279416599051,0.00569456673225171,22.6277409742772,3.75944296345145e-06,9498.45727592924,10030.0993344155
2.16675115466025e-05,1.80111505116451,0.149414401091332,14.2797917683356,1.13300680853744e-05,15256.8288253337,16110.775065975
1.20656554498812e-05,1.68478226683352,0.0663369950528355,16.7254689360362,5.25247164578902e-06,12955.5689911106,13680.7104711644
1.6423468564854e-05,1.03645332466427,0.00348666491193228,18.4095225936174,5.79644877712152e-07,11736.6751294238,12393.5933998679
1.60071606969293e-05,1.38787074004204,0.108230518894304,14.8604672157338,5.01639398653378e-06,14639.39873247,15458.786539462
1.89637313863579e-05,1.57729888322913,0.0154002445033257,30.3517134580427,7.04924135676377e-06,7040.24180116621,7434.29407035922
1.85934702247633e-05,1.43079304864542,0.0358975338330216,21.6480232165166,5.80658321990339e-06,9938.64971714532,10494.9299677905
1.74603583972575e-05,1.02581351905287,0.0413653266694181,7.4150122532962,4.58322205800869e-07,30442.6076800797,32146.523394239
2.08614160862407e-05,1.6798724025184,0.0085400293553297,18.7562798439026,8.51550773585631e-06,11513.63771831,12158.0722700913
1.77152611030228e-05,1.52225001385704,0.044526059200862,21.1676698642104,6.36081849999387e-06,10169.7307367201,10738.9449181453
1.80118019804154e-05,1.38678488947566,0.174380575596585,11.5532166643124,6.08453827275213e-06,19024.9721609242,20089.8267018725
1.88188952748477e-05,1.21395965004626,0.0180477558152887,28.7170221967452,3.37771525138166e-06,7448.18582152005,7865.07129324561
1.85080445090029e-05,1.17238582588759,0.113376863710459,14.8202305063806,3.06932752327259e-06,14680.5656536454,15502.2576313126
1.5260432741222e-05,1.3842423275383,0.168976557532012,18.9232316505521,5.09727692074736e-06,11409.2493314668,12047.8411179177
1.36900759398574e-05,1.24913896426334,0.0306930411612906,34.2354289436257,2.81688588275639e-06,6229.62333645074,6578.30414618366
1.32712747853547e-05,1.13004711063472,0.0044198336476648,6.91693745953057,1.53403325857378e-06,32814.7917445206,34651.4819485251
1.23384440853205e-05,1.64395809989645,0.0420720204324822,23.5838122057564,5.04531997897862e-06,9104.93021795402,9614.54601163806
1.24925542186908e-05,1.4376677819762,0.0367991867056252,21.8873494054693,3.94834180325114e-06,9827.39464280388,10377.4477899288
1.92094869802315e-05,1.20342206651958,0.0177377422930812,17.2686634233803,3.30567293064926e-06,12535.6405884497,13237.2780831801
1.4978731195637e-05,1.10904323231835,0.0224161939632132,15.5184861189313,1.50648426674887e-06,13997.5038495181,14780.9638940334
2.31766518249158e-05,1.60013575107173,0.0291587830952581,20.4352757010004,8.95333174542791e-06,10543.5064226225,11133.6413566808
2.23132460490055e-05,1.66401388746977,0.0485394955134605,15.6534824886427,9.35797354483806e-06,13872.7146346996,14649.190050752
1.27890975359324e-05,1.55985916512224,0.0109758101206913,16.7345038142437,4.64109812879453e-06,12948.3543518255,13673.0920183367
2.15261155035635e-05,1.49973780324047,0.00503402405795411,34.6515843726764,7.20899774228413e-06,6153.70110803564,6498.13244349848
1.52982708760304e-05,1.72628518891095,0.00279296074278895,16.2416277584703,6.45423815449646e-06,13354.0407783429,14101.4852866736
1.48086562469099e-05,1.23623544018918,0.0488822435809872,12.1586490493845,2.97521527944494e-06,18035.7607551077,19045.2477376422
1.20726288580354e-05,1.09093816058771,0.0170369666626106,11.4137424117706,1.02377696503911e-06,19268.4440970282,20346.9261058415
1.90259606125094e-05,1.62473722737492,0.00274994462893445,23.2594929808942,7.33581692975965e-06,9234.71552285103,9751.59558321041
1.31278991792081e-05,1.77103397324358,0.0455055271375158,15.0360028252933,5.98773180631645e-06,14462.4740798266,15271.9591643242
2.36691397018991e-05,1.51793469595554,0.038732681682664,12.5835072392675,8.40135570164726e-06,17400.8821471997,18374.8340780735
1.68411009358708e-05,1.1814606413668,0.0657675379228377,16.3905463537582,2.76866744966532e-06,13228.8100342683,13969.2452011205
2.06358660531733e-05,1.55367967797115,0.00816601551313072,16.968250444046,7.41432726161162e-06,12764.4544829269,13478.8990142462
2.13996823139191e-05,1.65279662730593,0.00222414492776478,21.0896968953269,8.47078184467139e-06,10208.2585217404,10779.6291576658
2.06660456551211e-05,1.31022885891446,0.0830247595585597,27.0983907481786,5.33611047540986e-06,7901.54510162853,8343.80573206765
1.51737442703694e-05,1.50059819192663,0.00167586098504774,25.415138471121,5.07036754047585e-06,8435.50773304228,8907.65500551947
1.57636692305943e-05,1.55005417890243,0.0465202806600453,17.4573288546596,5.86674401998654e-06,12396.0890345379,13089.915631853
2.11040502679395e-05,1.49471157257511,0.0450988212116177,16.670881066344,7.31462907409017e-06,12999.3308166343,13726.9217078217
1.44531660713833e-05,1.74148684764702,0.057875576843105,9.29755613646201,6.53177395654534e-06,23912.3597460941,25250.7682675382
1.84801384816859e-05,1.29921954549251,0.103012089430382,15.0543606485112,4.74478852693535e-06,14444.2177793081,15252.6810329014
1.74151207529241e-05,1.23725277941172,0.0189898818970663,20.818894777031,3.40406728121258e-06,10344.3647061496,10923.353397297
2.38605290228734e-05,1.1968075297913,0.0167919118713713,22.3738318984695,3.9906299192481e-06,9608.75254448785,10146.5679848101
1.42483722136812e-05,1.29770741420113,0.0533286292804987,31.2315910955637,3.45280659083674e-06,6838.63620106076,7221.40432029881
2.22948736087969e-05,1.04188081704821,0.0565253650789262,11.4692552765527,9.49864381015753e-07,19170.7952972718,20243.8117649553
1.50443239064589e-05,1.21674587522983,0.0301477534010554,23.5351352798273,2.76319340461171e-06,9124.17643150837,9634.86946292637
1.79288590654917e-05,1.60836702055118,0.0697279970483655,18.6964969731909,7.28978297306846e-06,11551.4837082312,12198.0365534788
1.92365035470156e-05,1.59549286662796,0.200900833941175,10.9404920359504,8.98453739473204e-06,20143.1600238033,21270.601117486
1.21641983997999e-05,1.36485867682132,0.0584101603998862,17.5014753342395,3.45344879995407e-06,12363.8824247838,13055.9063726992
1.86532096728953e-05,1.78194270112594,0.0284012626214369,14.1295474938145,8.4244077828017e-06,15425.161555089,16288.5296161753
2.11622487648865e-05,1.33698253969088,0.029927711220726,25.3134190626275,5.49831772723689e-06,8470.09735291482,8944.18065523108
2.33080594664281e-05,1.71640194275712,0.0861220354390439,12.9412364859045,1.06449630235742e-05,16899.9981650884,17845.914912608
1.4112234231214e-05,1.78529534127402,0.0785984600669302,25.2734508902918,6.73694327446755e-06,8483.76626830705,8958.61463910815
1.44101871273983e-05,1.13867986780233,0.0010967870682578,17.2854322094994,1.75691889148868e-06,12523.1099621292,13224.0461000205
2.16037253021998e-05,1.19239587716631,0.018053539766171,22.9382164609583,3.54982178269626e-06,9366.98418593093,9891.2675100278
1.76158239068929e-05,1.1159997949324,0.0373685173705103,18.4785821536761,1.90207670319311e-06,11691.5687559274,12345.9623589903
1.99342135042744e-05,1.40780681031758,0.0207152942929319,19.4638649414859,5.89647757703502e-06,11083.8345298314,11704.2123905913
1.85355946587045e-05,1.08513568843858,0.0582304071612139,16.4962714867409,1.54411938637185e-06,13141.3188652758,13876.8570279272
2.0972442785765e-05,1.11703764886631,0.00404895956093296,4.86828923571397,2.20627507974745e-06,48318.373898642,51022.8214753322
1.94507509734174e-05,1.65833703384609,0.0384102820638113,19.0385402660764,8.02995526260172e-06,11338.2499366465,11972.8677867711
1.39475875044856e-05,1.36601751578417,0.019879614393796,8.14881105477677,3.81293199951858e-06,27513.2595402734,29053.2155049883
2.39642617781879e-05,1.57364258239746,0.109259352415469,15.4538464166002,9.80699289591809e-06,14058.054695054,14844.9038558467
2.37483526766449e-05,1.6554686651674,0.0396130212781506,10.3690218315425,9.79055434624807e-06,21311.5044067816,22504.3393844123
2.08343714604629e-05,1.4557870846851,0.0290190976230532,22.7122889356017,6.71775965395206e-06,9462.2904892201,9991.90824161364
1.55901516481899e-05,1.17704192455437,0.125418444542089,14.1850278620845,2.68118207229796e-06,15362.570693775,16222.4354560219
1.97574764511902e-05,1.23411830402391,0.00662384814466241,7.24032307052742,3.77300749833208e-06,31234.4610815125,32982.6979480577
2.2208409413863e-05,1.12525989808004,0.0119232313646401,21.1946247570973,2.50193604450278e-06,10156.4794306448,10724.9519177681
2.11155337528316e-05,1.57826615161622,0.000422023799667548,15.2504409024865,7.7396929978207e-06,14252.0599816874,15049.7678921641
1.95380367401177e-05,1.46199335244483,0.00197667673706216,13.275011737275,6.1861728430449e-06,16457.9909855257,17379.16796742
1.90033607729031e-05,1.15668114874636,0.0938511834577091,22.1466044733825,2.84069586974348e-06,9709.65266586455,10253.1156283762
2.04985434939852e-05,1.30005819124384,0.0132427745389489,16.4291683165487,4.79453324271433e-06,13196.7142655539,13935.3529869359
2.13016775502143e-05,1.46884934130682,0.0102139452166636,7.90774826140811,6.86940554229716e-06,28411.2823627186,30001.5019321457
1.94058963958137e-05,1.41919161377626,0.00902945021370905,22.2034631493469,5.78410253833989e-06,9684.20632682594,10226.2450218303
1.85851123781456e-05,1.47999482161625,0.0172353103155835,11.3414523061633,6.13315222599598e-06,19397.1067576755,20482.7901971811
1.71062741789287e-05,1.31393288408503,0.0660622459721228,18.8496145208471,4.37615842186527e-06,11455.0449186996,12096.1999487973
2.06113145655775e-05,1.69916796238858,0.0749794456154958,14.4390399733693,9.16831481742406e-06,15082.3748365332,15926.5566412222
1.42093784764018e-05,1.93723023690082,0.00451008073095313,27.8487210412626,6.90553059612396e-06,7684.71197135011,8114.83614548056
2.12616988802506e-05,1.2787359350531,0.0165778805827634,13.0288715609752,4.71260087054539e-06,16781.6624609049,17720.9557920594
1.46946323905997e-05,1.34896578261927,0.0152182540018971,20.2832938318208,3.8600607667871e-06,10624.5395399796,11219.2100119748
1.85520348637244e-05,1.44347056218717,0.0439868848699116,14.0773184032765,5.96178101762009e-06,15484.552517562,16351.2447746338
1.43964882750493e-05,1.73833026391049,0.15628701926908,26.2560557289682,7.24723297595845e-06,8160.02390208457,8616.75195576492
2.31533681884361e-05,1.1765627338715,0.0216318920983876,15.9791548393675,3.55128506454256e-06,13580.6354499002,14340.762781781
1.65210573958475e-05,1.38924040375978,0.00214017353554864,26.1107257099327,4.6387569435489e-06,8206.34031760743,8665.6607664289
1.27575984853087e-05,1.48394029838824,0.0181297249145003,20.032623647945,4.23725401371368e-06,10760.9478402202,11363.2532772869
1.47633628332289e-05,1.42891008342662,0.120140179524727,6.05385985890339,5.03646218331081e-06,37940.1250130769,40063.6873532785
1.98158340012459e-05,1.50217514965387,0.0602947682059869,10.1065299335025,7.04930011799798e-06,21894.8668619962,23120.3534595189
1.54742725678403e-05,1.09827805341725,0.0317822552641314,19.7718152819215,1.43012659599194e-06,10906.642313384,11517.1024757258
1.74585002241097e-05,1.33621358421259,0.00559273131874747,9.2561097777697,4.41747785789453e-06,24025.7931895609,25370.5507409195
1.25726844847379e-05,1.74938299123647,0.010881950492395,14.4100526660534,5.44494222152856e-06,15113.832233979,15959.7747535975
2.17797378180223e-05,1.41903428118099,0.131783302317165,19.5672925317819,7.40746822922181e-06,11023.684323833,11640.6954926759
1.80643677346632e-05,1.11739205291553,0.0543859081902549,12.1901430159579,2.0069363683061e-06,17987.1118694498,18993.875905198
1.82111202194486e-05,1.46695341981548,0.0378287501860295,26.0183085311108,6.02466910661937e-06,8236.06801857483,8697.05236877284
1.95629492245344e-05,1.39633842811415,0.166260697211013,12.224754190861,6.65991641072126e-06,17933.949802452,18937.738282285
1.41279824820142e-05,1.13415148706932,0.0575019953589747,33.5964037294841,1.77303608980976e-06,6349.92300748633,6705.33715958071
1.94556437624311e-05,1.25385263857232,0.00510699562111384,15.6759206651413,3.95909489628901e-06,13852.1884296338,14627.514965021
2.39463924538102e-05,1.60464256317899,0.0121782675953043,7.60742148414832,9.13421754193104e-06,29615.7087716449,31273.3417869333
1.47009939665599e-05,1.19050316064144,0.0136346651602175,12.8296015433226,2.38492125732533e-06,17053.1817356898,18007.6723838372
1.43628732966827e-05,1.10445767483279,0.0221652246709869,7.74987049940149,1.38918707984345e-06,29031.9332971194,30656.8915752421
2.25821556494907e-05,1.59310919318924,0.00727339170138078,19.3725175305759,8.46866472070033e-06,11137.5079472488,11760.8899849285
1.39903801006414e-05,1.31315218122486,0.0106718607025313,11.0435192347391,3.37227805889466e-06,19946.0316984773,21062.4392415931
1.51937379152672e-05,1.35829031078284,0.0626772445425549,26.3833327906252,4.27573486839076e-06,8119.88830708577,8574.36991487244
1.98390368592991e-05,1.4242598723989,0.0294290947724817,5.49459897314011,6.08873505997134e-06,42215.5759479945,44578.4413107782
2.31922277570022e-05,1.01864211576644,0.0882099004584904,10.5312483116067,4.65489727597812e-07,20966.2755504408,22139.787581776
1.91152327049375e-05,1.07242456137235,0.0726430102914187,14.916394653222,1.39201130446102e-06,14582.5604855978,15398.7669756991
2.20836467126096e-05,1.20164634162191,0.0146099846530979,45.1669918055509,3.76068150951885e-06,4704.87030523094,4968.20853599
1.20517727841279e-05,1.24979386547902,0.0199977884194506,19.5553060524987,2.45788691048838e-06,11030.6218051537,11648.0212746166
1.84021116905389e-05,1.65714941453082,0.0671212407178181,18.8169966168887,7.82232946374331e-06,11475.4535656242,12117.750896492
1.29277046493944e-05,1.61038165443777,0.0869104809496214,14.0019104130061,5.36629262060242e-06,15571.1124757449,16442.6496158344
1.28323275282523e-05,1.54374489540844,0.0251982046853465,14.9707346978776,4.63663602403803e-06,14527.7568043482,15340.895855068
1.24443702143691e-05,1.28822741708613,0.000704651122318528,41.8132622192533,2.78622632730473e-06,5086.83833931648,5371.55585999789
1.4272550137016e-05,1.08187583168816,0.052124102685876,10.9627993506487,1.13951969720116e-06,20100.1480146339,21225.1816654624
1.76727304356778e-05,1.24172031643044,0.103239450406345,18.3408261643288,3.83625772150012e-06,11781.8910472502,12441.3401164263
2.372019847106e-05,1.34775270478228,0.0128968399047188,14.0493427119515,6.20019872674598e-06,15516.5529178614,16385.0362824987
1.25608956063073e-05,1.10091728201814,0.206008775183455,17.7441063433569,1.45013597193174e-06,12189.8197134601,12872.1011257757
1.49999130795915e-05,1.16185544875384,0.0252147392303352,6.51569107601309,2.1436225013958e-06,35013.3589649821,36973.1060790564
2.16510833020164e-05,1.51265964221959,0.0150608918627401,18.5284655620786,7.44986774668702e-06,11659.2024420437,12311.7844568414
2.17574601342715e-05,1.33036507456599,0.0264094536110781,15.4950906076406,5.54939158054906e-06,14019.3591052721,14804.0424192953
2.09846520872796e-05,1.17776369881763,0.00338507844344093,6.74140756023902,3.17797260968205e-06,33741.5726538715,35630.1360932972
1.96139957284257e-05,1.79598107528775,0.0125371691990706,18.2512633602163,8.80314044102688e-06,11841.3671694085,12504.1452010778
1.26812453903602e-05,1.27224543935946,0.113653616247651,16.1956579252683,3.06155281533737e-06,13393.1788699999,14142.8139925545
1.61924087238824e-05,1.1144536571969,0.0470484167824904,14.6858600745623,1.74502183309446e-06,14819.7367550113,15649.2183356281
2.21970191087499e-05,1.26845525903705,0.0107424033084351,9.72195674704053,4.74867292298856e-06,22809.6825002678,24086.3726201035
2.06582837740928e-05,1.20651058789317,0.00384601529850281,15.9437836121734,3.54952250603513e-06,13611.7611989306,14373.630682911
1.71453921676911e-05,1.3220485990952,0.154771704818542,14.4178326007548,4.94126547573351e-06,15105.3764675442,15950.8457059821
2.13133308666442e-05,1.04285235820783,0.0225856258586431,25.0811024130207,8.96014477811351e-07,8550.17045242694,9028.73555912651
2.14600156804612e-05,1.58014945662597,0.0707841494627188,11.9986359147525,8.47900397802216e-06,18287.0581638925,19310.6106170416
2.35374785882346e-05,1.56611872554279,0.12729935002802,28.3881638232249,9.74911393255118e-06,7536.03385148131,7957.83630141985
2.21064368964946e-05,1.05831646776309,0.0503377980705327,23.1743234207282,1.28267052209222e-06,9269.41429840063,9788.23649819637
1.25889550437927e-05,1.33244411107528,0.109509527980295,18.1733655678218,3.52714829962316e-06,11893.5874334896,12559.2883070357
1.796237827475e-05,1.09649469017355,0.0493893275060787,9.73749537499209,1.66283742817315e-06,22771.2385530627,24045.776910919
2.28009042384541e-05,1.35430133320846,0.015823810731655,27.4920760835705,6.0607531221054e-06,7786.2727710433,8222.08144646083
2.23810029352941e-05,1.14683547852961,0.00486755258156712,13.5694888823552,2.87951117557454e-06,16086.7988279698,16987.1996609587
1.68275318301413e-05,1.19514074054554,0.0782194924614763,21.3759250413572,2.98066906624997e-06,10068.239975486,10631.7735757756
1.51220748456018e-05,1.2766599437665,0.117918839624028,33.0084016891817,3.71506338419285e-06,6464.79643181476,6826.64021158459
2.2185089328697e-05,1.10484173417473,0.00135363320780829,12.1413068621779,2.1080161579296e-06,18062.6619045845,19073.6545824196
2.04250443099858e-05,1.14413700923679,0.0989378092863141,21.7618026901929,2.85558921200951e-06,9885.44479468937,10438.747090739
2.30289948295523e-05,1.35551944450192,0.0422521158691883,21.811370307526,6.3062447880054e-06,9862.44401873596,10414.4589288955
2.04702919605654e-05,1.51622862042844,0.00792596273022324,26.5498005688815,7.0250327939331e-06,8067.98645378167,8519.56304159213
1.24304673031596e-05,1.91314055865147,0.0194521102198752,9.03988648374451,6.0506752323828e-06,24635.4846665524,26014.3675103088
1.46324561870908e-05,1.54476939069705,0.0474066985354172,14.5824025009931,5.41691428291177e-06,14928.7024835183,15764.2830297381
1.59059582096608e-05,1.53709112518997,0.0678217495740227,24.5476126941517,5.96213264245335e-06,8739.90774323484,9229.09271386878
2.14227641779818e-05,1.7767872152815,0.000708956736463795,27.7369295778903,9.37218484669896e-06,7716.26023601651,8148.150211043
2.00699609708162e-05,1.86535154251533,0.0193157394946288,15.1747312408103,9.49380343607993e-06,14325.6458220855,15127.4724358977
1.51374814879987e-05,1.29065985172159,0.0351014098768608,19.3303840046537,3.5329568357046e-06,11162.4401493188,11787.2176775341
1.81408301659115e-05,1.31862677182976,0.00150325173708379,25.3654589501472,4.38998445394756e-06,8452.36585246714,8925.45669767966
1.33668131954754e-05,1.25925041983928,0.00077255722714569,13.0060610410867,2.75400722430061e-06,16812.3041283107,17753.3125168332
1.27261884671068e-05,1.39238310759893,0.00130837327914057,14.7087260174912,3.59097973998044e-06,14795.8677937841,15624.0133949557
1.84594593754476e-05,1.06481905537866,0.0076160863821479,10.0596327634222,1.13229103247255e-06,22002.4735118271,23233.9830054014
1.49263899147213e-05,1.45468203328786,0.112377290963189,31.0092775710637,5.25603809226809e-06,6888.47653607855,7274.034289205
1.42052620641924e-05,1.37906466804756,0.0909479410177536,27.4805155403689,4.2951881903526e-06,7789.60977744235,8225.60522981741
1.36936062768521e-05,1.84956724441068,0.0856294959137903,39.2061040635242,6.87886013129554e-06,5429.51356817051,5733.41110501327
1.24128473761976e-05,1.50750492498815,0.0979136528135498,11.7014444147645,4.63232085339636e-06,18772.8790983765,19823.6236348462
2.10528767189747e-05,1.04871532436086,0.0443465678247969,22.2512728958079,1.02331518946492e-06,9662.91273134201,10203.7595937564
1.54896812658682e-05,1.30669644781056,0.0204524301974847,25.6629755346748,3.71145401545927e-06,8352.40211250955,8819.89784612224
2.32517360921279e-05,1.9538467157046,0.0496778792762205,22.0732228940236,1.19443287743052e-05,9742.6919802156,10288.0041997784
2.3067562397168e-05,1.40375958866401,0.0337245177445529,24.7214231893433,6.86626222963895e-06,8677.17315687005,9162.8467841706
2.17451019508783e-05,1.1132345688243,0.117153712676366,18.0615955430162,2.50528915779149e-06,11969.3244686866,12639.2644509771
1.56505314483382e-05,1.05058842311786,0.00862058728131131,13.708941508374,7.60152742177392e-07,15916.8000881568,16807.6858517666
2.15032832535608e-05,1.15172445427341,0.110517089579055,16.0943481860868,3.18466307495173e-06,13480.2480564098,14234.7565642047
1.82987397951493e-05,1.22021104886115,0.0272476713922158,17.2430852849247,3.39480508510623e-06,12554.8024680275,13257.5124802002
1.56011442462606e-05,1.27389316998429,0.0326359151560512,18.7533544811474,3.46742943672382e-06,11515.4838679669,12160.0217513499
1.50633829130894e-05,1.29557400422575,0.0655417340547782,23.9775452263244,3.677557764655e-06,8952.18829786194,9453.2549107205
1.76803745462196e-05,1.30078461808656,0.015761773069935,21.42964167766,4.15368571462611e-06,10042.3896464484,10604.4763673403
1.97731804543873e-05,1.24340155344642,0.0770823417189596,16.5623229057832,4.19388056009376e-06,13087.244175975,13819.7557019529
2.32785056149839e-05,1.47748022111541,0.116551643348657,15.4774603562233,8.51521678758621e-06,14035.8738230823,14821.4814891679
1.96203343860302e-05,1.72301482015257,0.130173150112724,11.9121814950517,9.46501639455251e-06,18425.7709917372,19457.08739762
1.21856615610374e-05,1.63047174407551,0.105954022732259,13.4180227770867,5.2703009889548e-06,16275.6069291484,17186.5756180167
1.70380826848531e-05,1.25985409977999,0.142244975363078,22.7649365264136,4.09692344386813e-06,9439.90845562135,9968.27345400759
1.45951232014317e-05,1.34131839232741,0.100522472071741,24.634536900133,4.12893467571649e-06,8708.42060933993,9195.84320065337
2.31711627645297e-05,1.15035202290352,0.0106438091066384,14.1726253291706,3.06100107086307e-06,15376.5186208142,16237.1640682215
1.67491002049148e-05,1.25148117436201,0.063911711642444,17.113076876189,3.59540609744461e-06,12653.1113189763,13361.3238162756
2.27121944852415e-05,1.22348652457937,0.00692893501858946,24.868013435365,4.17754347364384e-06,8624.95933230872,9107.71047816152
1.56663665928617e-05,1.26529729287782,0.0467865554267915,12.5227598810725,3.44596731628442e-06,17488.9047984811,18467.7834813695
2.26098047599532e-05,1.24062700518996,0.0309956105164043,13.2535042739247,4.52547330407771e-06,16485.7741355172,17408.5061795256
1.98338233785667e-05,1.37141604373565,0.0722270540794149,20.8286745526269,5.78957509088785e-06,10339.3862017186,10918.096238947
2.30014216569643e-05,1.45815248782765,0.0610585666578082,26.6576394428484,7.69683940770791e-06,8034.71682286812,8484.43126248439
2.27857583214724e-05,1.20931014165614,0.0902540784903629,15.6056545346224,4.33495787860796e-06,13916.6708819496,14695.6065911941
1.90545329126716e-05,1.74754891555936,0.0213264014548414,13.1880164069988,8.32841149926502e-06,16570.9517153927,17498.4512687542
2.39354534721281e-05,1.64965778587599,0.0353446326097057,57.9041050416245,9.77123211737791e-06,3660.86955475571,3865.77359015861
2.26321940063518e-05,1.32388245796473,0.00660436338535803,20.7377059984808,5.57355767090805e-06,10385.8806564481,10967.1930539233
1.63681108411225e-05,1.58486327358107,0.161540150184561,11.8537793818182,7.2039344888449e-06,18520.6727868659,19557.3009801528
1.54022171977339e-05,1.53294831515882,0.0606905281497535,27.7927961035604,5.70065608863465e-06,7700.46202951779,8131.46775663124
2.11772030401686e-05,1.58912846174111,0.0512561862119057,32.0827617775869,8.27486188736183e-06,6654.30042419065,7026.75100985235
1.42671372105433e-05,1.82208124354871,0.0449993892718021,11.6170479491944,6.74021212565231e-06,18915.5875713288,19974.3197024279
1.60629714464927e-05,1.24529749762421,0.05358998785015,15.7642000093749,3.34317499947764e-06,13772.0178203856,14542.8570936319
2.3981238893548e-05,1.81288879951487,0.0773107815849581,15.3382489191006,1.16537160433114e-05,14167.6567475449,14960.6404898921
1.27773631678009e-05,1.92883829481042,0.0511332290783144,17.7611068760771,6.4844671358057e-06,12177.8071875773,12859.4162418665
2.07492978742104e-05,1.14789244307353,0.0501517941593113,11.8869145932459,2.81439100108494e-06,18466.7092909138,19500.317071176
1.98835078364862e-05,1.03318519957078,0.127603505816853,38.9381018652901,7.32041000360812e-07,5467.37405123394,5773.39069274459
1.41675751112262e-05,1.14184288756537,0.0366474794398427,31.4588961082948,1.82685922181139e-06,6788.41710890947,7168.37439468783
2.36074822991369e-05,1.39898726023916,0.0510708290676939,6.47964884684204,7.09496364430372e-06,35225.3880983954,37197.0027822942
1.58008076225873e-05,1.42737210671551,0.00114847560024318,7.96290665033383,4.73631354385577e-06,28200.6611984819,29779.0920041063
1.72297246758817e-05,1.53338580187022,0.062880190734881,16.3471071969286,6.39536096252202e-06,13265.0961228109,14007.5622732478
1.37320746487705e-05,1.65504689096713,0.00877030466476889,23.4212035968494,5.48299564491117e-06,9169.5432405607,9682.77551630553
1.58316808661381e-05,1.10015705353881,0.0390106950435582,20.5383013174462,1.49978202340399e-06,10489.2751024303,11076.3746329632
1.92583517198106e-05,1.54141266696664,0.00645186994834527,10.2070664890308,6.8081835480624e-06,21667.6965377888,22880.4680916703
1.75864594328469e-05,1.17597158712484,0.00732290650447578,40.4030688808051,2.65099210714913e-06,5266.62810738453,5561.40871511406
2.22778200467555e-05,1.11033890573048,0.0319214365111477,15.8326122881918,2.28678416509188e-06,13710.5250246153,14477.9224593003
2.15154402926937e-05,1.34532169002253,0.0683213052225102,28.2263869834048,5.9275000898444e-06,7580.01431543251,8004.27841400607
1.94003862838559e-05,1.61183613377172,0.137272660519365,29.7050940300078,8.53573051035354e-06,7196.14738577635,7598.92591056265
1.35895388836591e-05,1.31517955122711,0.0728485697174292,19.5902982311806,3.51253409019596e-06,11010.3936101233,11626.6608789633
1.7540530246228e-05,1.48313430688692,0.0228245750723162,10.3937734097956,5.8472238865972e-06,21258.097620439,22447.9433448675
1.54256967919199e-05,1.12112375660454,0.0546025866792242,6.24993790759658,1.76278370384479e-06,36639.6506617332,38690.4236171882
1.92902090101093e-05,1.62887619186196,0.0566652311469969,14.2147418031904,7.89476273741987e-06,15329.2570583479,16187.2572094059
1.57275855669938e-05,1.49381199122967,0.000472745855524848,7.53682086056279,5.20147217419331e-06,29913.843514791,31588.1635523976
1.51609940404622e-05,1.26323141818314,0.0649580183520842,32.6361411927319,3.37865795907241e-06,6539.69573466366,6905.73173411601
2.3588195510664e-05,1.29776227848305,0.0774165512289794,13.3130042220602,5.86613798933633e-06,16409.1408855268,17327.5836583842
1.30081227827724e-05,1.20098671213977,0.0691107942001658,29.4389570889144,2.33851216001944e-06,7262.33982497837,7668.82323400127
2.2440634040731e-05,1.76463869207959,0.0119810605948902,20.0842539881601,9.84147992598579e-06,10732.5661983117,11333.283074827
1.69426395834591e-05,1.09929529245371,0.114968759802584,16.5073110940667,1.72913280886432e-06,13132.2499170427,13867.2804778628
2.06922394800559e-05,1.80910623574521,0.142658715657502,22.8343529004841,1.07940387985867e-05,9410.55888813871,9937.2811498132
1.38573803197006e-05,1.06930582041371,0.0398346940530305,12.9541425204206,9.35398394728775e-07,16882.4661046184,17827.4015579713
1.26039566201326e-05,1.2350533543401,0.181703011843388,18.6639525302294,2.93136372154009e-06,11572.1910110608,12219.902873271
1.39239684035098e-05,1.51433914755723,0.0238519575049836,28.9504886797064,4.84470710872579e-06,7387.05290404343,7800.51668010365
1.63130185369235e-05,1.38032431658093,0.0268762506783229,8.10281776656695,4.61882892817155e-06,27680.1814192784,29229.4802371307
2.07318215463404e-05,1.05643652442231,0.0641234216615748,10.4544969025178,1.18338505464068e-06,21128.2016961788,22310.7769624102
1.93787312534228e-05,1.05405389150942,0.13548119273286,25.1979923537543,1.14949008781651e-06,8509.6933674442,8985.99291457377
2.22308993363678e-05,1.4283082372655,0.0890918387416266,14.885885956533,7.31822933855922e-06,14613.511182708,15431.4500270059
1.22414968466805e-05,1.71148708846628,0.0526848204095022,33.7466503016847,5.3718970739755e-06,6321.22242056863,6675.03016030937
2.27441503883544e-05,1.68612767514375,0.0636541251827288,20.9460319865029,9.8840983090536e-06,10280.0157943362,10855.4027860766
1.57152114531482e-05,1.417282614522,0.0257085312134204,19.3561236560816,4.7489555031636e-06,11147.195649488,11771.1199215338
1.73726373452861e-05,1.21112904533478,0.0608268231691996,23.1390021209068,3.2245529578908e-06,9283.88111056885,9803.51303825801
2.13648084570626e-05,1.09043136155948,0.0245663675411632,18.3180337179152,1.81640413432479e-06,11796.9701016271,12457.263166757
1.80565307006668e-05,1.15596345503463,0.0540323724232047,21.4939547285026,2.57530354646438e-06,10011.6140517747,10571.9782192005
2.24184312278386e-05,1.24359344826574,0.0116932845452599,15.3684724897168,4.44314796390131e-06,14138.8359900544,14930.2065939314
1.58275515617039e-05,1.18201315060962,0.061579061083243,11.6422243373619,2.59710260176336e-06,18872.7893535432,19929.1260079936
1.78290976059325e-05,1.07461277513596,0.0342460093403584,22.3307815012727,1.2817874285794e-06,9627.70766973843,10166.5840551715
2.0527368918906e-05,1.12959698350141,0.0303938585825801,13.8521256143177,2.42884651328038e-06,15745.9525680059,16627.2757548033
1.97487635629652e-05,1.02276554803735,0.0205466526634065,10.6334419835376,4.48796454286936e-07,20754.4893192059,21916.1473762943
1.75099698495632e-05,1.72460095473529,0.0596732322172502,13.9180311644698,7.82363491675388e-06,15668.5410734346,16545.5314296334
1.4668336738497e-05,1.11155656791889,0.00819858327832415,15.6183685437705,1.48427132147046e-06,13904.9589119844,14683.2390857414
1.87797872829465e-05,1.51640455199838,0.0975829241789085,18.8998203137185,7.08678041005628e-06,11423.7732381106,12063.1779481134
2.07782617952842e-05,1.30552306460368,0.0430111271393427,20.8682928529491,5.08103574315225e-06,10319.2670036999,10896.8509410219
1.86354828845887e-05,1.72994130194047,0.037145891210907,29.319016780274,8.1663537902673e-06,7292.57061897568,7700.74608820199
1.3395244659788e-05,1.06834516622866,0.00630943114863223,26.4477736185345,8.62362453610301e-07,8099.71771121504,8553.07034228497
1.62310832914598e-05,1.14862894715207,0.123991334472187,14.8092639123131,2.3974775786908e-06,14691.8259771422,15514.1482110068
1.81083219647845e-05,1.50136877055425,0.0142445209464132,14.3018972419561,6.13438306773767e-06,15232.371674877,16084.949014292
2.18925303514525e-05,1.13055101590456,0.0947090305847544,19.4891755066746,2.79246175741565e-06,11069.0541120441,11688.6046919615
1.85026657769736e-05,1.40409088868442,0.0594339141794615,6.56247034247358,5.66135159402541e-06,34741.9514566639,36686.5075094723
2.13955301875491e-05,1.48291242643212,0.00544488996193555,8.41849453362703,7.00547707532774e-06,26573.6853874853,28061.0520608892
2.33751761010205e-05,1.38224586119627,0.219262315841236,21.7943895650582,8.27929258349846e-06,9870.31149860996,10422.766762721
1.37420956073999e-05,1.29475985791883,0.0671682330688378,23.8988838458727,3.35368484217045e-06,8982.29253624964,9485.04412581555
1.74973939488307e-05,1.9039688156311,0.0206255149631826,11.4798164552625,8.48223628008856e-06,19152.3298938039,20224.3128267958
1.88751167527707e-05,1.1238502495414,0.015905367509153,30.4475121261216,2.11364904299417e-06,7017.71667948694,7410.50818583086
1.63354162297407e-05,1.32724989445267,0.00370479712696035,21.7122517876588,4.0426100803604e-06,9908.54531351136,10463.1405782002
1.20932134300824e-05,1.49178691313038,0.032319427093694,5.07824394472457,4.11978339314689e-06,46084.2936865391,48663.6966408993
1.27526549709253e-05,1.37444051963016,0.0550883426948055,12.354173892153,3.67671813985333e-06,17737.9193740786,18730.7357541865
1.42288486835808e-05,1.53099420713099,0.0549710388000881,7.36857836657216,5.22196801943825e-06,30649.137829067,32364.613327132
1.56906081522452e-05,1.36510688470995,0.128501196800665,19.1398497274682,4.81524312471466e-06,11276.59574554,11907.7627235785
1.21985349784764e-05,1.18397286527685,0.0137586773275349,20.9038056014274,1.92190147611361e-06,10301.2991571712,10877.8774087658
1.44328523034789e-05,1.3946241326738,0.105538488286367,8.01974740395234,4.56572481725863e-06,27986.8630968935,29553.3273210482
1.81739752441691e-05,1.67032661285415,0.0873510222190002,13.0093411284228,7.99138844095382e-06,16807.8910541623,17748.6524366967
1.79453105255691e-05,1.45146930164822,0.150027213080299,9.69052801171853,6.56684331331558e-06,22887.8385347273,24168.9031581098
1.26188030389762e-05,1.39812250216131,0.0421242354239958,16.1834932311824,3.75123855120346e-06,13403.574154488,14153.7911157859
1.65976498963125e-05,1.16320171617261,0.00527360879897028,32.1355743313697,2.34102143525329e-06,6643.18985667323,7015.01856819113
1.3704146187407e-05,1.14512090514023,0.0219531637178607,32.4474661764761,1.77568065684251e-06,6578.3240919345,6946.52217505779
1.72965785047822e-05,1.83336851379889,0.0609396921716119,6.62685453639446,8.37231967595015e-06,34375.2257656662,36299.2556640057
1.95289143932406e-05,1.64764020744243,0.0783730743586769,9.4274064744917,8.3288465159664e-06,23563.8165049635,24882.7165693179
1.68592654385157e-05,1.47171431716068,0.0131453970607897,18.6262479435956,5.475623390313e-06,11596.2746452856,12245.3345024915
1.67657403951008e-05,1.46427217273003,0.0145506757205978,12.663469977385,5.39425983946735e-06,17286.3591419582,18253.9010586074
1.73570197516093e-05,1.71347751089557,0.0110494922459432,18.3508108262252,7.30793745706806e-06,11775.2975211435,12434.3775413583
2.23594595681448e-05,1.69519738556759,0.0102462239031775,11.7084486558886,9.26428993739076e-06,18761.1321942041,19811.2192398694
2.20078646741118e-05,1.39344337809835,0.0373221700329878,16.6055743783924,6.45475576157501e-06,13052.0757885958,13782.6188903005
2.26736369979065e-05,1.11909568676294,0.00879890999020782,10.9877131905166,2.43432346288934e-06,20052.3270003033,21174.6840414721
2.21422231209464e-05,1.38621577006946,0.112899240007602,17.9324431261454,6.95402447622609e-06,12058.0505570125,12732.9566636817
2.06018565666033e-05,1.88407667662797,0.0287480709941915,18.8710559985759,9.95305685314014e-06,11441.6687398097,12082.0750862977
1.90866904078731e-05,1.16252498052636,0.0160003407029098,9.13895771211754,2.71172138789886e-06,24352.3294545131,25715.3637014473
2.38318915975448e-05,1.13732921987823,0.0355627181375548,22.7382917115146,2.98366803215392e-06,9451.22269546275,9980.2209678202
1.73919957138402e-05,1.38088403113443,0.00722641022463708,26.7524011722933,4.83200237321156e-06,8005.70735532505,8453.79809410315
1.71538675835459e-05,1.12649011667445,0.0134960247276747,17.9413727133046,1.95247219508148e-06,12051.8737230549,12726.4341036104
1.94786687414786e-05,1.79100175015794,0.0468926999921586,19.4164718349447,9.02588595594709e-06,11111.6167645229,11733.5496361663
1.70054596910281e-05,1.32269329121642,0.0388822799399987,11.0856739250881,4.31653053856562e-06,19866.4832133616,20978.4383155022
2.07101841866132e-05,1.35950333324553,0.064789045798099,25.9141421140301,5.85581337819587e-06,8269.83436403877,8732.70866424535
1.43007481333679e-05,1.70196162994074,0.122127234038122,13.8721999547129,6.71866999161275e-06,15722.2926760772,16602.2915853332
1.22991044593072e-05,1.2325346050361,0.028882973383316,24.2989237518069,2.38937800378801e-06,8831.26292188931,9325.56117079805
1.38664124393435e-05,1.35158332893596,0.0222435409365256,11.6769531772827,3.6890341188379e-06,18814.0696472549,19867.1196768758
1.93389592477893e-05,1.97407030371233,0.0259127815998766,11.7795682894257,9.79612246970984e-06,18642.6842845226,19686.1416335228
1.66905634667985e-05,1.31213111147544,0.023816715473673,12.2085355705718,4.06716685296635e-06,17958.8220721588,18964.0026880285
1.94174420372481e-05,1.4045371974142,0.098609249597757,35.2621975201611,6.20432423863724e-06,6045.59362217341,6383.97402908524
2.22645506035276e-05,1.2634561203222,0.0276923155643463,22.4917988405474,4.77472474608307e-06,9557.19209631417,10092.1216255872
1.95862914579408e-05,1.47495689886356,0.0687369639124792,11.3779207534624,6.77244313889434e-06,19331.9856514965,20414.0241707868
1.62038848233288e-05,1.155056613728,0.0315126758229932,12.8900369211072,2.2459750771631e-06,16969.9100919123,17919.7399086399
1.29471195441848e-05,1.07084741018909,0.00173738519742116,14.9288138033329,8.58062895217097e-07,14569.9989398784,15385.5023425382
1.9551840442515e-05,1.26175907300005,0.00960329199849936,22.0126825906768,4.09538912973929e-06,9770.11941696163,10316.9667888662
2.08166895341277e-05,1.50644844787851,0.028488117801375,12.1093225725809,7.20336002148084e-06,18112.4870338597,19126.2684944964
1.73409009063877e-05,1.86145154144529,0.0112349226946841,19.5148021070326,8.11614875894719e-06,11054.1292577702,11672.8444725311
1.44468536361465e-05,1.09530812811792,0.00268951667872912,19.6509853203573,1.2604633266287e-06,10975.4871531228,11589.8006583025
1.53210627627829e-05,1.28731348205705,0.0103080037072256,15.1928498802642,3.45504559005529e-06,14307.9663432679,15108.8034117005
1.84080917034941e-05,1.44949190903656,0.0123141034261437,8.80486441465168,5.7794681413533e-06,25334.3189497813,26752.3165346039
1.8224958934796e-05,1.09714040699392,0.0118866421952937,24.3961781066897,1.63301238717822e-06,8795.31030783904,9287.59623820106
1.30218711438105e-05,1.52091329611211,0.0452738430518298,24.1186467441919,4.67142670161723e-06,8898.69048102493,9396.76274557603
2.2033634302726e-05,1.66179546125637,0.0148485616168082,17.4167791476197,8.90675662810716e-06,12425.8198945987,13121.3105701092
1.69108586157952e-05,1.25767504285298,0.0141311427247476,16.3740246452108,3.51433335406745e-06,13242.5877093298,13983.7940320991
1.93510546082659e-05,1.57901010763658,0.0659434866639345,17.351737833285,7.59667401081992e-06,12473.8069589779,13171.9835382037
2.20103951355284e-05,1.52447761666837,0.0431454646989341,10.0390377614213,7.91366534574162e-06,22050.0644544691,23284.2376802661
2.20760239422899e-05,1.52806126225799,0.0629791998035656,22.8995849215844,8.14150509056229e-06,9383.14435895943,9908.33219074685
1.97153447588654e-05,1.63571477096413,0.0463710294421778,20.7651149881833,8.03471577956806e-06,10371.8278291,10952.3536699964
2.24387671598559e-05,1.37675340778975,0.056205957706333,19.1767117657171,6.50597359167762e-06,11254.3285905048,11884.2492444513
1.44933981815977e-05,1.37749021917158,0.0572769971710272,10.7183526899403,4.21304901108875e-06,20581.7502219411,21733.7398279765
1.4571646842367e-05,1.08055634481171,0.0538545072596283,13.659846852841,1.14814391853264e-06,15976.2370559329,16870.4495905099
1.40493673469983e-05,1.41215238010859,0.028682629278453,17.0767827935793,4.22148768325671e-06,12680.8315060419,13390.5955413315
2.22221376865553e-05,1.39178109967357,0.00255594690038591,6.39765228098069,6.27133723354441e-06,35717.4807943429,37716.6386009025
1.48823668743409e-05,1.1225181051122,0.0391574808039507,8.39042726999822,1.69051860068666e-06,26668.4648785989,28161.1364938786
1.57802517833915e-05,1.25478519996507,0.00300816398415094,20.9272739361437,3.21381042641692e-06,10289.4595448392,10865.3751166228
2.26277461051187e-05,1.12037550455316,0.0122925442336293,8.75711352012686,2.4613734803468e-06,25481.185584576,26907.4035022145
1.2304360019451e-05,1.89072500678876,0.0171289546614591,16.6476254667879,5.89755885946429e-06,13018.0642511984,13746.703679156
1.55391813819269e-05,1.57517083551394,0.0060506869394586,22.4397437373379,5.70855627920813e-06,9579.87571369275,10116.0748770428
1.91455020856988e-05,1.27751882275785,0.0270487936473934,9.07407685682,4.27456808027869e-06,24537.0232805782,25910.3951016075
